image_id_a,image_id_b,hamming,hires_inliers,decision,decision_source,note
(0031)aria_c_37,im0253,8,6,reject,rule,
10,1401,8,5,reject,rule,
10,735,8,6,reject,rule,
10,91,8,6,reject,rule,
100,1352,8,6,reject,rule,
100,397,8,5,reject,rule,
100,im0231,8,7,reject,rule,
1000,331,8,7,reject,rule,
1000,866,8,7,reject,rule,
1001,1023,8,8,reject,rule,
1001,1048,8,6,reject,rule,
1001,1069,6,6,reject,rule,
1001,1100,4,6,reject,rule,
1001,1106,4,6,reject,rule,
1001,112,6,6,reject,rule,
1001,1130,6,7,reject,rule,
1001,1133,4,5,reject,rule,
1001,1153,8,6,reject,rule,
1001,1156,8,6,reject,rule,
1001,1187,8,6,reject,rule,
1001,1190,6,4,reject,rule,
1001,1207,8,6,reject,rule,
1001,1224,4,6,reject,rule,
1001,1283,8,6,reject,rule,
1001,1292,6,5,reject,rule,
1001,1309,8,6,reject,rule,
1001,1322,8,6,reject,rule,
1001,1382,6,6,reject,rule,
1001,1384,6,6,reject,rule,
1001,1448,8,5,reject,rule,
1001,1450,8,6,reject,rule,
1001,187,8,5,reject,rule,
1001,252,6,6,reject,rule,
1001,288,8,5,reject,rule,
1001,295,8,5,reject,rule,
1001,356,6,7,reject,rule,
1001,674,8,8,reject,rule,
1001,742,6,6,reject,rule,
1001,779,8,6,reject,rule,
1001,81,8,5,reject,rule,
1001,883,8,6,reject,rule,
1001,941,4,6,reject,rule,
1001,942,8,6,reject,rule,
1001,975,8,6,reject,rule,
1002,1024,8,6,reject,rule,
1002,1070,6,9,reject,rule,
1002,1074,8,6,reject,rule,
1002,1082,4,5,reject,rule,
1002,1096,8,5,reject,rule,
1002,1098,4,6,reject,rule,
1002,1109,8,9,reject,rule,
1002,1128,8,6,reject,rule,
1002,1142,6,6,reject,rule,
1002,1143,8,6,reject,rule,
1002,1197,8,6,reject,rule,
1002,1208,6,10,reject,rule,
1002,1216,6,5,reject,rule,
1002,1220,6,6,reject,rule,
1002,1238,4,9,reject,rule,
1002,1245,8,6,reject,rule,
1002,1301,8,6,reject,rule,
1002,1312,8,5,reject,rule,
1002,1324,8,6,reject,rule,
1002,1329,8,6,reject,rule,
1002,1333,8,7,reject,rule,
1002,1364,8,6,reject,rule,
1002,1394,6,6,reject,rule,
1002,1404,6,6,reject,rule,
1002,1408,8,6,reject,rule,
1002,1451,8,6,reject,rule,
1002,1466,8,7,reject,rule,
1002,1485,8,6,reject,rule,
1002,215,8,6,reject,rule,
1002,318,6,7,reject,rule,
1002,395,8,6,reject,rule,
1002,443,8,5,reject,rule,
1002,596,8,7,reject,rule,
1002,598,8,6,reject,rule,
1002,599,8,7,reject,rule,
1002,687,6,6,reject,rule,
1002,704,6,7,reject,rule,
1002,706,6,5,reject,rule,
1002,735,8,6,reject,rule,
1002,786,8,6,reject,rule,
1002,805,6,7,reject,rule,
1002,889,6,5,reject,rule,
1002,904,8,8,reject,rule,
1002,908,8,6,reject,rule,
1002,926,8,9,reject,rule,
1002,938,8,11,reject,rule,
1003,1035,8,7,reject,rule,
1003,1089,6,6,reject,rule,
1003,111,8,6,reject,rule,
1003,1308,8,8,reject,rule,
1003,1336,8,6,reject,rule,
1003,287,6,6,reject,rule,
1003,818,8,6,reject,rule,
1003,916,8,5,reject,rule,
1008,1024,8,5,reject,rule,
1008,1143,8,6,reject,rule,
1008,1284,6,6,reject,rule,
1008,1362,6,7,reject,rule,
1008,1376,8,5,reject,rule,
1008,1380,8,5,reject,rule,
1008,1385,6,5,reject,rule,
1008,1404,8,6,reject,rule,
1008,1420,8,6,reject,rule,
1008,217,8,6,reject,rule,
1008,329,8,7,reject,rule,
1008,563,8,5,reject,rule,
1008,579,6,6,reject,rule,
1008,658,8,7,reject,rule,
1008,685,8,5,reject,rule,
1008,690,8,6,reject,rule,
1008,723,8,8,reject,rule,
1008,792,8,5,reject,rule,
1008,795,8,6,reject,rule,
1008,798,6,6,reject,rule,
1008,889,8,6,reject,rule,
1008,940,8,5,reject,rule,
1008,956,8,5,reject,rule,
1010,1193,8,6,reject,rule,
1010,1215,8,6,reject,rule,
1010,1264,8,7,reject,rule,
1010,1356,8,6,reject,rule,
1010,1388,8,7,reject,rule,
1010,195,8,6,reject,rule,
1010,209,8,5,reject,rule,
1010,320,8,6,reject,rule,
1010,560,8,7,reject,rule,
1010,563,8,6,reject,rule,
1010,581,8,8,reject,rule,
1010,658,8,8,reject,rule,
1010,685,8,5,reject,rule,
1010,730,8,6,reject,rule,
1010,765,8,7,reject,rule,
1010,850,8,5,reject,rule,
1010,908,8,5,reject,rule,
1011,1350,8,6,reject,rule,
1012,392,8,5,reject,rule,
1013,573,8,7,reject,rule,
1014,1164,8,8,reject,rule,
1014,120,6,5,reject,rule,
1014,124,8,8,reject,rule,
1014,1283,8,6,reject,rule,
1014,1302,8,5,reject,rule,
1014,1319,6,6,reject,rule,
1014,190,8,6,reject,rule,
1014,492,8,6,reject,rule,
1014,530,8,5,reject,rule,
1014,708,8,6,reject,rule,
1014,75,8,7,reject,rule,
1014,81,8,7,reject,rule,
1014,826,8,6,reject,rule,
1014,905,8,6,reject,rule,
1015,118,8,6,reject,rule,
1015,119,8,5,reject,rule,
1015,123,8,6,reject,rule,
1015,126,8,7,reject,rule,
1015,1526,8,6,reject,rule,
1015,1533,6,6,reject,rule,
1015,1539,8,6,reject,rule,
1015,1731,8,7,reject,rule,
1015,1807,8,6,reject,rule,
1015,1839,4,6,reject,rule,
1015,1893,4,6,reject,rule,
1015,203,8,7,reject,rule,
1015,22,6,5,reject,rule,
1015,36,8,5,reject,rule,
1015,38,6,5,reject,rule,
1015,44,8,6,reject,rule,
1015,458,6,6,reject,rule,
1015,463,6,7,reject,rule,
1015,529,8,6,reject,rule,
1015,744,6,6,reject,rule,
1015,98,4,6,reject,rule,
1015,aria_c_24_12,8,6,reject,rule,
1016,1023,8,6,reject,rule,
1016,1036,8,5,reject,rule,
1016,1043,8,5,reject,rule,
1016,1073,6,6,reject,rule,
1016,1077,4,6,reject,rule,
1016,1097,4,5,reject,rule,
1016,1117,4,6,reject,rule,
1016,1145,6,6,reject,rule,
1016,1147,8,6,reject,rule,
1016,1156,6,6,reject,rule,
1016,1201,6,5,reject,rule,
1016,1219,8,8,reject,rule,
1016,1239,6,6,reject,rule,
1016,1244,6,6,reject,rule,
1016,1247,6,6,reject,rule,
1016,1297,6,5,reject,rule,
1016,1318,4,5,reject,rule,
1016,1325,8,8,reject,rule,
1016,1332,6,5,reject,rule,
1016,1368,8,5,reject,rule,
1016,1369,6,8,reject,rule,
1016,1375,6,6,reject,rule,
1016,1409,8,6,reject,rule,
1016,1416,8,6,reject,rule,
1016,1449,6,6,reject,rule,
1016,1457,8,6,reject,rule,
1016,171,8,5,reject,rule,
1016,1859,6,5,reject,rule,
1016,604,8,5,reject,rule,
1016,703,6,6,reject,rule,
1016,816,2,5,reject,rule,
1016,85,8,5,reject,rule,
1016,900,6,7,reject,rule,
1016,969,6,7,reject,rule,
1016,973,8,5,reject,rule,
1016,975,8,6,reject,rule,
1016,988,6,6,reject,rule,
1017,1348,8,6,reject,rule,
1017,269,8,8,reject,rule,
1017,277,8,6,reject,rule,
1017,317,6,5,reject,rule,
1017,584,8,5,reject,rule,
1017,680,8,6,reject,rule,
1017,936,8,5,reject,rule,
1018,1124,8,6,reject,rule,
1018,1198,8,6,reject,rule,
1018,1242,8,7,reject,rule,
1018,1297,8,5,reject,rule,
1018,1332,8,10,reject,rule,
1018,1382,8,6,reject,rule,
1018,1393,8,6,reject,rule,
1018,1450,8,6,reject,rule,
1018,1452,8,6,reject,rule,
1018,255,8,6,reject,rule,
1018,701,8,7,reject,rule,
1018,779,8,7,reject,rule,
1018,797,8,6,reject,rule,
1018,975,8,7,reject,rule,
1022,1045,8,6,reject,rule,
1022,126,8,5,reject,rule,
1022,1277,8,5,reject,rule,
1022,1308,8,5,reject,rule,
1022,263,8,5,reject,rule,
1022,317,8,5,reject,rule,
1022,341,6,5,reject,rule,
1022,378,8,6,reject,rule,
1022,692,8,5,reject,rule,
1022,854,8,5,reject,rule,
1023,1117,8,11,reject,rule,
1023,1133,8,5,reject,rule,
1023,1224,8,6,reject,rule,
1023,1258,8,5,reject,rule,
1023,1290,8,6,reject,rule,
1023,1332,8,9,reject,rule,
1023,1382,8,6,reject,rule,
1023,255,8,5,reject,rule,
1023,279,8,6,reject,rule,
1023,288,8,7,reject,rule,
1023,295,8,8,reject,rule,
1023,350,6,5,reject,rule,
1023,356,8,6,reject,rule,
1023,604,6,8,reject,rule,
1023,816,6,6,reject,rule,
1023,817,6,6,reject,rule,
1023,928,8,5,reject,rule,
1023,941,8,6,reject,rule,
1023,975,6,8,reject,rule,
1023,988,8,7,reject,rule,
1024,1046,8,6,reject,rule,
1024,1070,6,10,reject,rule,
1024,1079,6,6,reject,rule,
1024,1082,6,6,reject,rule,
1024,1091,8,6,reject,rule,
1024,1096,8,6,reject,rule,
1024,1098,6,5,reject,rule,
1024,1109,6,7,reject,rule,
1024,1113,8,5,reject,rule,
1024,1134,6,9,reject,rule,
1024,1172,8,6,reject,rule,
1024,1193,8,10,reject,rule,
1024,1208,6,6,reject,rule,
1024,1215,8,6,reject,rule,
1024,1220,6,6,reject,rule,
1024,1231,8,6,reject,rule,
1024,1238,8,6,reject,rule,
1024,1245,8,6,reject,rule,
1024,1250,8,7,reject,rule,
1024,1257,8,6,reject,rule,
1024,1284,4,7,reject,rule,
1024,1301,8,6,reject,rule,
1024,1307,8,6,reject,rule,
1024,1312,8,7,reject,rule,
1024,1324,8,7,reject,rule,
1024,1329,6,7,reject,rule,
1024,1333,6,6,reject,rule,
1024,1362,8,6,reject,rule,
1024,1364,8,7,reject,rule,
1024,1370,8,5,reject,rule,
1024,1376,8,5,reject,rule,
1024,1380,6,6,reject,rule,
1024,1392,6,8,reject,rule,
1024,1394,6,5,reject,rule,
1024,1404,4,7,reject,rule,
1024,1408,8,6,reject,rule,
1024,1417,8,6,reject,rule,
1024,1451,8,5,reject,rule,
1024,1464,8,6,reject,rule,
1024,1468,8,7,reject,rule,
1024,1482,8,6,reject,rule,
1024,1485,8,6,reject,rule,
1024,195,6,5,reject,rule,
1024,215,6,5,reject,rule,
1024,239,8,6,reject,rule,
1024,253,8,6,reject,rule,
1024,277,6,6,reject,rule,
1024,284,8,6,reject,rule,
1024,294,8,6,reject,rule,
1024,318,8,6,reject,rule,
1024,346,8,5,reject,rule,
1024,361,8,6,reject,rule,
1024,367,8,6,reject,rule,
1024,560,8,6,reject,rule,
1024,563,4,7,reject,rule,
1024,579,8,6,reject,rule,
1024,584,8,5,reject,rule,
1024,596,8,5,reject,rule,
1024,624,8,6,reject,rule,
1024,658,6,6,reject,rule,
1024,677,8,5,reject,rule,
1024,680,8,6,reject,rule,
1024,683,8,6,reject,rule,
1024,685,6,5,reject,rule,
1024,704,6,5,reject,rule,
1024,706,6,6,reject,rule,
1024,730,8,6,reject,rule,
1024,735,6,7,reject,rule,
1024,743,8,7,reject,rule,
1024,765,6,6,reject,rule,
1024,766,6,6,reject,rule,
1024,798,6,10,reject,rule,
1024,805,8,7,reject,rule,
1024,840,8,5,reject,rule,
1024,850,6,6,reject,rule,
1024,868,8,8,reject,rule,
1024,889,6,6,reject,rule,
1024,893,8,6,reject,rule,
1024,904,8,7,reject,rule,
1024,908,6,5,reject,rule,
1024,926,8,6,reject,rule,
1024,934,8,5,reject,rule,
1024,936,6,6,reject,rule,
1024,940,8,7,reject,rule,
1024,956,8,6,reject,rule,
1024,985,8,8,reject,rule,
1026,1074,8,5,reject,rule,
1026,1161,8,6,reject,rule,
1026,1172,8,6,reject,rule,
1026,1188,8,7,reject,rule,
1026,1193,8,7,reject,rule,
1026,1208,8,6,reject,rule,
1026,1220,8,8,reject,rule,
1026,1223,8,6,reject,rule,
1026,1250,8,6,reject,rule,
1026,1364,8,7,reject,rule,
1026,1404,8,5,reject,rule,
1026,1431,8,6,reject,rule,
1026,1468,8,5,reject,rule,
1026,209,8,5,reject,rule,
1026,278,8,6,reject,rule,
1026,290,8,8,reject,rule,
1026,658,8,8,reject,rule,
1026,677,4,6,reject,rule,
1026,685,8,6,reject,rule,
1026,687,8,6,reject,rule,
1026,704,8,5,reject,rule,
1026,723,8,6,reject,rule,
1026,868,8,6,reject,rule,
1026,889,6,5,reject,rule,
1026,908,8,6,reject,rule,
1027,1089,8,5,reject,rule,
1027,1107,8,6,reject,rule,
1027,1142,8,7,reject,rule,
1027,1180,8,6,reject,rule,
1027,1223,8,5,reject,rule,
1027,1324,4,5,reject,rule,
1027,1468,8,6,reject,rule,
1027,287,8,5,reject,rule,
1027,325,6,6,reject,rule,
1027,598,6,6,reject,rule,
1027,818,8,8,reject,rule,
1027,854,8,8,reject,rule,
1027,934,8,6,reject,rule,
103,922,8,5,reject,rule,
1032,1200,8,7,reject,rule,
1032,1209,8,6,reject,rule,
1032,1267,6,7,reject,rule,
1032,1297,8,6,reject,rule,
1032,1318,8,6,reject,rule,
1032,793,8,6,reject,rule,
1032,835,8,7,reject,rule,
1032,852,6,6,reject,rule,
1032,969,8,6,reject,rule,
1034,551,8,7,reject,rule,
1035,111,8,7,reject,rule,
1035,1308,6,5,reject,rule,
1035,1383,8,6,reject,rule,
1035,153,8,7,reject,rule,
1035,1767,8,6,reject,rule,
1035,287,8,5,reject,rule,
1035,467,8,7,reject,rule,
1035,524,8,5,reject,rule,
1035,541,8,7,reject,rule,
1035,550,8,7,reject,rule,
1035,692,6,6,reject,rule,
1035,901,8,7,reject,rule,
1035,997,8,7,reject,rule,
1036,1097,8,7,reject,rule,
1036,1117,6,7,reject,rule,
1036,1201,8,6,reject,rule,
1036,1207,8,5,reject,rule,
1036,1222,4,7,reject,rule,
1036,1310,8,7,reject,rule,
1036,1332,8,6,reject,rule,
1036,1393,8,6,reject,rule,
1036,1437,8,6,reject,rule,
1036,1450,8,6,reject,rule,
1036,1498,8,5,reject,rule,
1036,1603,8,7,reject,rule,
1036,1647,8,6,reject,rule,
1036,1667,6,7,reject,rule,
1036,1708,8,5,reject,rule,
1036,279,8,6,reject,rule,
1036,604,8,6,reject,rule,
1036,703,8,5,reject,rule,
1036,816,8,6,reject,rule,
1036,831,8,8,reject,rule,
1036,888,8,5,reject,rule,
1036,973,8,8,reject,rule,
1036,975,8,6,reject,rule,
1036,im0015,8,5,reject,rule,
1039,1070,8,7,reject,rule,
1039,1079,8,6,reject,rule,
1039,1134,6,7,reject,rule,
1039,1380,8,5,reject,rule,
1039,361,8,5,reject,rule,
1039,667,8,5,reject,rule,
1039,706,8,6,reject,rule,
1039,854,6,6,reject,rule,
104,122,8,5,reject,rule,
104,1283,8,6,reject,rule,
104,26,8,5,reject,rule,
104,410,8,5,reject,rule,
104,50,8,6,reject,rule,
104,62,8,7,reject,rule,
104,75,8,6,reject,rule,
1040,1092,8,6,reject,rule,
1040,1185,6,6,reject,rule,
1040,1198,8,6,reject,rule,
1040,1476,6,7,reject,rule,
1040,218,8,6,reject,rule,
1040,238,8,7,reject,rule,
1040,371,8,6,reject,rule,
1040,586,8,7,reject,rule,
1040,615,8,5,reject,rule,
1040,626,6,7,reject,rule,
1040,654,8,8,reject,rule,
1040,684,8,7,reject,rule,
1040,698,8,5,reject,rule,
1040,942,8,6,reject,rule,
1041,1045,6,6,reject,rule,
1041,118,4,6,reject,rule,
1041,119,4,6,reject,rule,
1041,123,8,6,reject,rule,
1041,1241,8,6,reject,rule,
1041,126,8,7,reject,rule,
1041,1839,8,10,reject,rule,
1041,203,8,10,reject,rule,
1041,22,8,5,reject,rule,
1041,36,8,5,reject,rule,
1041,38,8,5,reject,rule,
1041,458,8,7,reject,rule,
1041,529,8,6,reject,rule,
1041,98,8,6,reject,rule,
1043,1077,6,8,reject,rule,
1043,1097,8,5,reject,rule,
1043,1145,6,6,reject,rule,
1043,1200,8,4,reject,rule,
1043,1219,8,6,reject,rule,
1043,1239,6,5,reject,rule,
1043,1244,4,5,reject,rule,
1043,1369,8,6,reject,rule,
1043,1555,8,6,reject,rule,
1043,1603,8,7,reject,rule,
1043,1604,4,8,reject,rule,
1043,1623,8,6,reject,rule,
1043,1773,8,6,reject,rule,
1043,562,8,6,reject,rule,
1043,703,8,6,reject,rule,
1043,793,8,6,reject,rule,
1043,835,8,7,reject,rule,
1043,852,4,5,reject,rule,
1043,900,6,6,reject,rule,
1043,969,6,6,reject,rule,
1043,973,8,5,reject,rule,
1045,118,6,9,reject,rule,
1045,119,6,5,reject,rule,
1045,123,6,7,reject,rule,
1045,126,6,6,reject,rule,
1045,1308,8,6,reject,rule,
1045,153,8,7,reject,rule,
1045,22,8,6,reject,rule,
1045,529,8,7,reject,rule,
1045,541,8,6,reject,rule,
1045,692,8,6,reject,rule,
1045,997,8,7,reject,rule,
1046,1096,8,8,reject,rule,
1046,1107,6,7,reject,rule,
1046,1158,8,9,reject,rule,
1046,1161,8,6,reject,rule,
1046,1193,8,16,reject,rule,
1046,1252,6,10,reject,rule,
1046,1284,6,6,reject,rule,
1046,1380,8,7,reject,rule,
1046,1412,8,6,reject,rule,
1046,1464,8,7,reject,rule,
1046,195,8,5,reject,rule,
1046,269,8,6,reject,rule,
1046,277,6,7,reject,rule,
1046,278,8,5,reject,rule,
1046,294,8,6,reject,rule,
1046,563,6,6,reject,rule,
1046,579,6,6,reject,rule,
1046,584,8,6,reject,rule,
1046,640,8,5,reject,rule,
1046,677,8,6,reject,rule,
1046,680,8,8,reject,rule,
1046,683,6,7,reject,rule,
1046,704,8,6,reject,rule,
1046,735,8,7,reject,rule,
1046,743,8,10,reject,rule,
1046,765,8,8,reject,rule,
1046,766,8,7,reject,rule,
1046,792,8,6,reject,rule,
1046,818,8,7,reject,rule,
1046,828,8,5,reject,rule,
1046,840,8,9,reject,rule,
1046,850,8,7,reject,rule,
1046,868,6,7,reject,rule,
1046,936,8,6,reject,rule,
1046,944,8,6,reject,rule,
1048,1100,8,5,reject,rule,
1048,1135,6,5,reject,rule,
1048,1219,6,7,reject,rule,
1048,1322,8,6,reject,rule,
1048,1325,8,6,reject,rule,
1048,1355,8,5,reject,rule,
1048,705,8,10,reject,rule,
1048,969,8,6,reject,rule,
1049,1130,6,6,reject,rule,
1049,1141,8,5,reject,rule,
1049,1190,8,4,reject,rule,
1049,1195,8,7,reject,rule,
1049,1219,8,6,reject,rule,
1049,1335,8,7,reject,rule,
1049,1478,2,6,reject,rule,
1049,196,6,6,reject,rule,
1049,285,8,6,reject,rule,
1049,711,8,5,reject,rule,
1049,872,8,11,reject,rule,
1049,983,8,6,reject,rule,
105,1264,8,5,reject,rule,
105,1372,8,6,reject,rule,
105,1388,8,5,reject,rule,
105,1396,8,5,reject,rule,
105,1668,8,6,reject,rule,
105,1905,8,6,reject,rule,
105,248,8,6,reject,rule,
105,253,8,5,reject,rule,
105,257,8,8,reject,rule,
105,265,4,5,reject,rule,
105,537,8,6,reject,rule,
105,658,8,5,reject,rule,
105,673,8,6,reject,rule,
105,685,8,6,reject,rule,
105,730,8,6,reject,rule,
105,769,6,7,reject,rule,
1052,862,8,10,reject,rule,
1053,1092,8,6,reject,rule,
1053,1133,8,7,reject,rule,
1053,1162,8,5,reject,rule,
1053,1187,8,5,reject,rule,
1053,1198,6,5,reject,rule,
1053,1209,8,5,reject,rule,
1053,1258,8,6,reject,rule,
1053,1309,8,6,reject,rule,
1053,1332,8,6,reject,rule,
1053,1340,8,5,reject,rule,
1053,1450,8,5,reject,rule,
1053,238,8,7,reject,rule,
1053,255,8,6,reject,rule,
1053,280,6,6,reject,rule,
1053,319,6,5,reject,rule,
1053,337,8,5,reject,rule,
1053,347,8,6,reject,rule,
1053,350,8,7,reject,rule,
1053,356,8,5,reject,rule,
1053,363,8,6,reject,rule,
1053,379,6,6,reject,rule,
1053,586,8,5,reject,rule,
1053,604,8,6,reject,rule,
1053,626,4,5,reject,rule,
1053,645,8,5,reject,rule,
1053,674,6,6,reject,rule,
1053,698,8,5,reject,rule,
1053,701,8,6,reject,rule,
1053,787,6,5,reject,rule,
1053,817,8,5,reject,rule,
1053,831,8,6,reject,rule,
1053,880,8,5,reject,rule,
1053,888,8,8,reject,rule,
1053,941,8,9,reject,rule,
1053,949,8,5,reject,rule,
1053,975,8,5,reject,rule,
1054,1091,8,6,reject,rule,
1054,1093,8,6,reject,rule,
1054,1109,6,5,reject,rule,
1054,1137,6,6,reject,rule,
1054,1155,8,5,reject,rule,
1054,1161,8,6,reject,rule,
1054,1197,8,5,reject,rule,
1054,1215,6,6,reject,rule,
1054,1216,6,5,reject,rule,
1054,1312,6,5,reject,rule,
1054,1333,8,5,reject,rule,
1054,1394,6,6,reject,rule,
1054,1404,8,5,reject,rule,
1054,1417,8,6,reject,rule,
1054,1451,8,7,reject,rule,
1054,1466,8,5,reject,rule,
1054,195,8,5,reject,rule,
1054,284,8,6,reject,rule,
1054,294,8,5,reject,rule,
1054,318,8,6,reject,rule,
1054,346,4,5,reject,rule,
1054,351,6,6,reject,rule,
1054,367,8,6,reject,rule,
1054,560,6,5,reject,rule,
1054,581,8,5,reject,rule,
1054,599,8,5,reject,rule,
1054,624,8,6,reject,rule,
1054,658,8,6,reject,rule,
1054,685,8,4,reject,rule,
1054,690,8,5,reject,rule,
1054,704,8,5,reject,rule,
1054,765,6,5,reject,rule,
1054,766,8,6,reject,rule,
1054,776,8,6,reject,rule,
1054,802,8,6,reject,rule,
1054,805,8,5,reject,rule,
1054,840,8,6,reject,rule,
1054,850,8,6,reject,rule,
1054,893,8,6,reject,rule,
1054,899,8,6,reject,rule,
1054,908,8,6,reject,rule,
1054,936,8,6,reject,rule,
1054,938,6,5,reject,rule,
1054,956,8,6,reject,rule,
1055,130,8,6,reject,rule,
1055,551,8,6,reject,rule,
1060,1097,8,6,reject,rule,
1060,1201,8,6,reject,rule,
1060,1209,8,6,reject,rule,
1060,288,8,6,reject,rule,
1060,604,8,7,reject,rule,
1060,625,6,6,reject,rule,
1060,645,8,6,reject,rule,
1060,703,6,6,reject,rule,
1060,835,6,5,reject,rule,
1060,883,8,5,reject,rule,
1061,1062,8,6,reject,rule,
1061,1158,8,7,reject,rule,
1061,1277,6,8,reject,rule,
1061,1348,8,7,reject,rule,
1061,1464,8,5,reject,rule,
1061,584,8,5,reject,rule,
1061,651,8,7,reject,rule,
1061,818,8,6,reject,rule,
1061,901,6,7,reject,rule,
1062,1065,8,5,reject,rule,
1062,1091,8,8,reject,rule,
1062,1107,8,6,reject,rule,
1062,1113,8,6,reject,rule,
1062,1158,8,6,reject,rule,
1062,1231,8,8,reject,rule,
1062,1257,6,5,reject,rule,
1062,1348,8,7,reject,rule,
1062,1420,8,7,reject,rule,
1062,1464,8,7,reject,rule,
1062,195,6,5,reject,rule,
1062,269,8,5,reject,rule,
1062,271,8,8,reject,rule,
1062,277,8,6,reject,rule,
1062,294,8,6,reject,rule,
1062,329,8,6,reject,rule,
1062,351,8,6,reject,rule,
1062,367,8,5,reject,rule,
1062,372,8,7,reject,rule,
1062,375,8,5,reject,rule,
1062,579,8,6,reject,rule,
1062,584,6,6,reject,rule,
1062,585,6,6,reject,rule,
1062,618,8,9,reject,rule,
1062,651,8,10,reject,rule,
1062,675,8,5,reject,rule,
1062,765,8,6,reject,rule,
1062,818,6,7,reject,rule,
1062,840,8,5,reject,rule,
1062,850,8,5,reject,rule,
1062,901,8,6,reject,rule,
1062,936,8,6,reject,rule,
1063,1071,8,10,reject,rule,
1063,1272,8,7,reject,rule,
1063,1280,4,8,reject,rule,
1063,1299,6,6,reject,rule,
1063,1455,8,7,reject,rule,
1063,679,8,8,reject,rule,
1063,741,8,6,reject,rule,
1063,825,8,5,reject,rule,
1064,292,8,6,reject,rule,
1064,833,8,7,reject,rule,
1065,1091,6,6,reject,rule,
1065,1109,8,5,reject,rule,
1065,1158,8,5,reject,rule,
1065,1161,6,5,reject,rule,
1065,1193,8,6,reject,rule,
1065,1223,8,5,reject,rule,
1065,1257,8,5,reject,rule,
1065,1394,8,6,reject,rule,
1065,1404,8,5,reject,rule,
1065,1417,6,6,reject,rule,
1065,195,4,5,reject,rule,
1065,253,8,6,reject,rule,
1065,257,8,6,reject,rule,
1065,271,8,7,reject,rule,
1065,277,6,5,reject,rule,
1065,294,6,5,reject,rule,
1065,318,6,6,reject,rule,
1065,346,8,5,reject,rule,
1065,367,8,5,reject,rule,
1065,372,8,6,reject,rule,
1065,375,6,6,reject,rule,
1065,560,8,5,reject,rule,
1065,584,6,6,reject,rule,
1065,585,8,8,reject,rule,
1065,599,8,6,reject,rule,
1065,618,8,5,reject,rule,
1065,658,6,5,reject,rule,
1065,685,6,5,reject,rule,
1065,690,8,6,reject,rule,
1065,704,8,6,reject,rule,
1065,765,6,6,reject,rule,
1065,786,8,6,reject,rule,
1065,908,8,6,reject,rule,
1066,255,8,5,reject,rule,
1066,295,8,5,reject,rule,
1066,328,8,7,reject,rule,
1066,337,8,5,reject,rule,
1066,695,8,5,reject,rule,
1066,701,8,6,reject,rule,
1066,759,8,7,reject,rule,
1066,787,8,6,reject,rule,
1066,976,8,7,reject,rule,
1067,1350,8,5,reject,rule,
1067,1435,8,6,reject,rule,
1067,219,8,7,reject,rule,
1069,1100,8,7,reject,rule,
1069,1106,8,8,reject,rule,
1069,112,8,6,reject,rule,
1069,1133,8,11,reject,rule,
1069,1224,6,6,reject,rule,
1069,1283,8,6,reject,rule,
1069,1292,6,6,reject,rule,
1069,1322,4,6,reject,rule,
1069,1365,6,5,reject,rule,
1069,1379,8,6,reject,rule,
1069,1382,8,6,reject,rule,
1069,1384,4,5,reject,rule,
1069,1399,6,5,reject,rule,
1069,1448,8,6,reject,rule,
1069,252,8,10,reject,rule,
1069,255,8,6,reject,rule,
1069,260,8,12,reject,rule,
1069,264,8,8,reject,rule,
1069,279,8,6,reject,rule,
1069,295,6,6,reject,rule,
1069,344,8,6,reject,rule,
1069,362,8,6,reject,rule,
1069,586,6,8,reject,rule,
1069,649,6,14,reject,rule,
1069,684,8,12,reject,rule,
1069,693,6,6,reject,rule,
1069,695,8,4,reject,rule,
1069,705,8,8,reject,rule,
1069,742,8,6,reject,rule,
1069,779,8,5,reject,rule,
1069,81,8,11,reject,rule,
1069,839,6,6,reject,rule,
1069,905,8,7,reject,rule,
1069,941,6,8,reject,rule,
1070,1079,6,6,reject,rule,
1070,1082,8,6,reject,rule,
1070,1098,8,6,reject,rule,
1070,1109,8,5,reject,rule,
1070,1134,4,7,reject,rule,
1070,1208,8,8,reject,rule,
1070,1214,6,6,reject,rule,
1070,1220,8,6,reject,rule,
1070,1238,6,10,reject,rule,
1070,1245,4,7,reject,rule,
1070,1255,8,6,reject,rule,
1070,1301,8,6,reject,rule,
1070,1312,6,7,reject,rule,
1070,1324,8,7,reject,rule,
1070,1333,4,8,reject,rule,
1070,1380,8,6,reject,rule,
1070,1392,4,5,reject,rule,
1070,1404,8,7,reject,rule,
1070,1408,8,7,reject,rule,
1070,1451,8,9,reject,rule,
1070,215,6,8,reject,rule,
1070,320,8,7,reject,rule,
1070,560,8,5,reject,rule,
1070,563,8,6,reject,rule,
1070,581,8,6,reject,rule,
1070,590,6,5,reject,rule,
1070,624,6,7,reject,rule,
1070,658,8,6,reject,rule,
1070,677,8,5,reject,rule,
1070,685,8,5,reject,rule,
1070,687,6,6,reject,rule,
1070,706,8,6,reject,rule,
1070,730,8,5,reject,rule,
1070,805,6,6,reject,rule,
1070,889,4,6,reject,rule,
1070,904,8,7,reject,rule,
1070,908,6,6,reject,rule,
1070,926,6,7,reject,rule,
1070,940,8,6,reject,rule,
1070,980,8,7,reject,rule,
1070,985,8,6,reject,rule,
1070,im0032,8,7,reject,rule,
1072,1126,8,7,reject,rule,
1072,1139,8,8,reject,rule,
1072,1281,6,9,reject,rule,
1072,227,8,8,reject,rule,
1072,256,2,6,reject,rule,
1072,292,4,7,reject,rule,
1072,365,8,7,reject,rule,
1072,682,6,9,reject,rule,
1072,732,8,7,reject,rule,
1072,740,6,11,reject,rule,
1072,829,8,5,reject,rule,
1072,833,8,7,reject,rule,
1072,958,4,7,reject,rule,
1073,1097,8,5,reject,rule,
1073,1106,8,7,reject,rule,
1073,1117,8,5,reject,rule,
1073,1130,6,8,reject,rule,
1073,1133,8,7,reject,rule,
1073,1145,8,6,reject,rule,
1073,1156,6,6,reject,rule,
1073,1162,8,5,reject,rule,
1073,1176,8,6,reject,rule,
1073,1187,8,6,reject,rule,
1073,1201,8,7,reject,rule,
1073,1209,6,7,reject,rule,
1073,1297,8,6,reject,rule,
1073,1368,8,5,reject,rule,
1073,1375,8,6,reject,rule,
1073,1382,8,8,reject,rule,
1073,1402,8,7,reject,rule,
1073,1449,6,6,reject,rule,
1073,1457,4,6,reject,rule,
1073,645,8,6,reject,rule,
1073,703,8,5,reject,rule,
1073,816,4,6,reject,rule,
1073,835,8,6,reject,rule,
1073,85,8,5,reject,rule,
1073,900,8,7,reject,rule,
1073,941,8,6,reject,rule,
1073,975,8,6,reject,rule,
1073,988,8,8,reject,rule,
1074,1082,8,7,reject,rule,
1074,1096,8,5,reject,rule,
1074,1098,8,7,reject,rule,
1074,1142,6,5,reject,rule,
1074,1155,6,10,reject,rule,
1074,1161,8,6,reject,rule,
1074,1180,6,7,reject,rule,
1074,1186,8,8,reject,rule,
1074,1197,8,6,reject,rule,
1074,1208,6,6,reject,rule,
1074,1216,8,5,reject,rule,
1074,1220,6,7,reject,rule,
1074,1238,4,8,reject,rule,
1074,1301,8,6,reject,rule,
1074,1307,8,7,reject,rule,
1074,1324,8,5,reject,rule,
1074,1364,8,8,reject,rule,
1074,1404,8,7,reject,rule,
1074,1408,8,5,reject,rule,
1074,1451,8,8,reject,rule,
1074,1466,8,8,reject,rule,
1074,1468,8,11,reject,rule,
1074,1482,8,7,reject,rule,
1074,189,8,7,reject,rule,
1074,346,6,5,reject,rule,
1074,351,8,6,reject,rule,
1074,598,8,8,reject,rule,
1074,599,8,6,reject,rule,
1074,677,8,6,reject,rule,
1074,687,8,6,reject,rule,
1074,704,8,5,reject,rule,
1074,786,8,7,reject,rule,
1074,802,8,6,reject,rule,
1074,805,6,7,reject,rule,
1074,889,8,5,reject,rule,
1074,904,6,6,reject,rule,
1074,926,8,5,reject,rule,
1074,938,6,5,reject,rule,
1075,1082,8,8,reject,rule,
1075,1238,8,6,reject,rule,
1075,1364,8,7,reject,rule,
1075,1381,8,6,reject,rule,
1075,189,8,6,reject,rule,
1075,687,8,6,reject,rule,
1077,1097,6,6,reject,rule,
1077,1117,8,6,reject,rule,
1077,1145,6,10,reject,rule,
1077,1156,6,7,reject,rule,
1077,1219,6,6,reject,rule,
1077,1239,4,9,reject,rule,
1077,1244,6,6,reject,rule,
1077,1247,8,7,reject,rule,
1077,1297,8,7,reject,rule,
1077,1318,6,6,reject,rule,
1077,1355,8,6,reject,rule,
1077,1369,4,6,reject,rule,
1077,1375,6,8,reject,rule,
1077,1437,8,5,reject,rule,
1077,1449,8,7,reject,rule,
1077,1604,8,6,reject,rule,
1077,1623,8,7,reject,rule,
1077,1647,8,7,reject,rule,
1077,1667,8,6,reject,rule,
1077,1708,8,5,reject,rule,
1077,171,8,6,reject,rule,
1077,1859,8,6,reject,rule,
1077,402,8,7,reject,rule,
1077,591,8,8,reject,rule,
1077,595,8,7,reject,rule,
1077,66,8,8,reject,rule,
1077,816,6,8,reject,rule,
1077,852,8,6,reject,rule,
1077,900,4,6,reject,rule,
1077,969,4,22,confirm,human,review band; vessel layout compatible; confirmed as precaution against leakage
1077,973,8,6,reject,rule,
1077,988,4,5,reject,rule,
1077,aria_c_25_1,8,8,reject,rule,
1079,1109,8,6,reject,rule,
1079,1134,8,6,reject,rule,
1079,1245,8,6,reject,rule,
1079,1312,8,5,reject,rule,
1079,1333,6,6,reject,rule,
1079,1392,8,6,reject,rule,
1079,1404,8,6,reject,rule,
1079,215,8,5,reject,rule,
1079,361,8,5,reject,rule,
1079,563,8,5,reject,rule,
1079,596,8,6,reject,rule,
1079,805,8,6,reject,rule,
1079,854,8,5,reject,rule,
1079,908,8,6,reject,rule,
1082,1096,6,12,reject,rule,
1082,1098,2,7,reject,rule,
1082,1109,8,7,reject,rule,
1082,1134,8,6,reject,rule,
1082,1142,8,5,reject,rule,
1082,1143,6,6,reject,rule,
1082,1155,8,6,reject,rule,
1082,1158,8,6,reject,rule,
1082,1186,8,5,reject,rule,
1082,1197,6,6,reject,rule,
1082,1208,4,6,reject,rule,
1082,1216,6,6,reject,rule,
1082,1220,4,6,reject,rule,
1082,1238,4,7,reject,rule,
1082,1245,8,6,reject,rule,
1082,1301,6,6,reject,rule,
1082,1307,6,6,reject,rule,
1082,1312,8,7,reject,rule,
1082,1329,6,6,reject,rule,
1082,1364,6,6,reject,rule,
1082,1370,6,8,reject,rule,
1082,1380,6,7,reject,rule,
1082,1394,4,5,reject,rule,
1082,1401,8,5,reject,rule,
1082,1404,6,6,reject,rule,
1082,1408,8,5,reject,rule,
1082,1412,8,6,reject,rule,
1082,1464,8,8,reject,rule,
1082,1466,4,8,reject,rule,
1082,1482,6,6,reject,rule,
1082,1485,8,5,reject,rule,
1082,1643,8,6,reject,rule,
1082,189,8,7,reject,rule,
1082,215,8,5,reject,rule,
1082,284,8,7,reject,rule,
1082,318,6,6,reject,rule,
1082,351,8,6,reject,rule,
1082,367,8,7,reject,rule,
1082,395,8,6,reject,rule,
1082,563,8,7,reject,rule,
1082,599,6,5,reject,rule,
1082,616,8,7,reject,rule,
1082,687,8,7,reject,rule,
1082,704,4,5,reject,rule,
1082,706,4,6,reject,rule,
1082,735,6,7,reject,rule,
1082,743,8,7,reject,rule,
1082,766,8,6,reject,rule,
1082,786,8,5,reject,rule,
1082,802,8,8,reject,rule,
1082,805,6,6,reject,rule,
1082,850,8,5,reject,rule,
1082,889,8,5,reject,rule,
1082,90,6,6,reject,rule,
1082,904,8,6,reject,rule,
1082,91,8,7,reject,rule,
1082,926,8,5,reject,rule,
1082,936,6,11,reject,rule,
1082,938,6,6,reject,rule,
1082,956,8,6,reject,rule,
1082,985,8,9,reject,rule,
1085,1112,8,6,reject,rule,
1085,227,6,6,reject,rule,
1085,358,8,7,reject,rule,
1085,713,6,8,reject,rule,
1085,958,8,7,reject,rule,
1085,999,4,7,reject,rule,
1086,1326,4,7,reject,rule,
1086,553,8,8,reject,rule,
1086,572,8,9,reject,rule,
1086,653,2,6,reject,rule,
1089,1099,8,6,reject,rule,
1089,1180,6,5,reject,rule,
1089,1183,8,6,reject,rule,
1089,1220,8,6,reject,rule,
1089,1250,8,6,reject,rule,
1089,1284,8,6,reject,rule,
1089,1336,6,5,reject,rule,
1089,1362,8,6,reject,rule,
1089,1364,8,6,reject,rule,
1089,1381,6,6,reject,rule,
1089,1431,6,5,reject,rule,
1089,1468,8,6,reject,rule,
1089,278,8,5,reject,rule,
1089,557,8,6,reject,rule,
1089,579,8,5,reject,rule,
1089,677,8,5,reject,rule,
1089,683,8,7,reject,rule,
1089,725,8,5,reject,rule,
1089,743,6,8,reject,rule,
1089,818,8,6,reject,rule,
1089,997,8,6,reject,rule,
1091,1093,8,7,reject,rule,
1091,1109,8,9,reject,rule,
1091,1158,6,6,reject,rule,
1091,1161,8,6,reject,rule,
1091,1257,8,5,reject,rule,
1091,1264,6,7,reject,rule,
1091,1329,8,5,reject,rule,
1091,1337,8,6,reject,rule,
1091,1376,8,5,reject,rule,
1091,1381,8,5,reject,rule,
1091,1394,6,7,reject,rule,
1091,1404,8,6,reject,rule,
1091,1412,8,7,reject,rule,
1091,1417,6,7,reject,rule,
1091,1420,8,6,reject,rule,
1091,1464,6,6,reject,rule,
1091,1466,8,5,reject,rule,
1091,1482,6,6,reject,rule,
1091,1485,8,6,reject,rule,
1091,195,6,6,reject,rule,
1091,239,8,7,reject,rule,
1091,253,4,5,reject,rule,
1091,257,6,6,reject,rule,
1091,277,6,5,reject,rule,
1091,294,6,4,reject,rule,
1091,313,8,5,reject,rule,
1091,318,6,6,reject,rule,
1091,346,8,5,reject,rule,
1091,351,8,6,reject,rule,
1091,367,6,5,reject,rule,
1091,372,8,6,reject,rule,
1091,375,8,6,reject,rule,
1091,395,8,6,reject,rule,
1091,443,8,6,reject,rule,
1091,560,8,6,reject,rule,
1091,563,8,5,reject,rule,
1091,584,6,6,reject,rule,
1091,599,8,7,reject,rule,
1091,658,6,6,reject,rule,
1091,680,8,6,reject,rule,
1091,685,6,5,reject,rule,
1091,690,8,6,reject,rule,
1091,704,8,6,reject,rule,
1091,706,8,6,reject,rule,
1091,735,8,5,reject,rule,
1091,743,8,7,reject,rule,
1091,765,8,5,reject,rule,
1091,766,8,5,reject,rule,
1091,776,8,7,reject,rule,
1091,798,8,6,reject,rule,
1091,828,6,5,reject,rule,
1091,840,8,7,reject,rule,
1091,850,8,7,reject,rule,
1091,893,8,6,reject,rule,
1091,908,8,7,reject,rule,
1091,936,8,5,reject,rule,
1091,938,8,7,reject,rule,
1091,956,8,5,reject,rule,
1092,1198,8,7,reject,rule,
1092,1201,8,6,reject,rule,
1092,1207,6,5,reject,rule,
1092,1318,8,5,reject,rule,
1092,1332,8,7,reject,rule,
1092,1368,8,5,reject,rule,
1092,350,8,7,reject,rule,
1092,371,8,5,reject,rule,
1092,626,6,6,reject,rule,
1092,701,6,5,reject,rule,
1092,793,6,7,reject,rule,
1092,817,8,6,reject,rule,
1092,831,8,8,reject,rule,
1092,888,8,6,reject,rule,
1092,942,8,7,reject,rule,
1093,1098,8,8,reject,rule,
1093,1142,8,6,reject,rule,
1093,1155,6,6,reject,rule,
1093,1197,6,5,reject,rule,
1093,1216,8,5,reject,rule,
1093,1307,8,7,reject,rule,
1093,1312,8,5,reject,rule,
1093,1394,8,7,reject,rule,
1093,1401,6,6,reject,rule,
1093,1404,8,6,reject,rule,
1093,1412,8,5,reject,rule,
1093,1466,8,5,reject,rule,
1093,1482,8,6,reject,rule,
1093,1485,8,7,reject,rule,
1093,189,6,6,reject,rule,
1093,239,8,6,reject,rule,
1093,257,6,6,reject,rule,
1093,318,6,5,reject,rule,
1093,346,8,5,reject,rule,
1093,351,8,6,reject,rule,
1093,599,6,5,reject,rule,
1093,673,8,5,reject,rule,
1093,704,8,6,reject,rule,
1093,735,6,5,reject,rule,
1093,765,8,6,reject,rule,
1093,766,8,6,reject,rule,
1093,769,8,5,reject,rule,
1093,802,6,6,reject,rule,
1093,805,8,6,reject,rule,
1093,828,8,6,reject,rule,
1093,893,8,5,reject,rule,
1093,938,4,7,reject,rule,
1096,1098,4,5,reject,rule,
1096,1107,8,8,reject,rule,
1096,1142,8,6,reject,rule,
1096,1143,4,7,reject,rule,
1096,1155,8,6,reject,rule,
1096,1158,8,6,reject,rule,
1096,1180,8,6,reject,rule,
1096,1193,8,7,reject,rule,
1096,1197,8,5,reject,rule,
1096,1208,4,6,reject,rule,
1096,1215,8,9,reject,rule,
1096,1216,8,4,reject,rule,
1096,1220,8,6,reject,rule,
1096,1238,8,5,reject,rule,
1096,1250,6,7,reject,rule,
1096,1263,8,5,reject,rule,
1096,1284,8,6,reject,rule,
1096,1380,8,5,reject,rule,
1096,1394,8,7,reject,rule,
1096,1404,6,6,reject,rule,
1096,1408,8,6,reject,rule,
1096,1464,8,8,reject,rule,
1096,1466,8,6,reject,rule,
1096,1468,8,6,reject,rule,
1096,1482,8,5,reject,rule,
1096,189,8,7,reject,rule,
1096,195,6,7,reject,rule,
1096,215,8,5,reject,rule,
1096,277,8,5,reject,rule,
1096,284,6,5,reject,rule,
1096,318,6,10,reject,rule,
1096,351,8,6,reject,rule,
1096,563,8,5,reject,rule,
1096,579,4,6,reject,rule,
1096,599,6,6,reject,rule,
1096,616,8,6,reject,rule,
1096,677,8,6,reject,rule,
1096,683,6,5,reject,rule,
1096,687,8,5,reject,rule,
1096,704,4,5,reject,rule,
1096,735,8,6,reject,rule,
1096,743,8,7,reject,rule,
1096,765,6,6,reject,rule,
1096,766,8,7,reject,rule,
1096,786,4,5,reject,rule,
1096,792,8,7,reject,rule,
1096,802,6,6,reject,rule,
1096,805,8,6,reject,rule,
1096,818,8,7,reject,rule,
1096,850,8,6,reject,rule,
1096,889,8,5,reject,rule,
1096,904,4,8,reject,rule,
1096,91,8,5,reject,rule,
1096,926,8,5,reject,rule,
1096,938,6,6,reject,rule,
1097,1117,4,6,reject,rule,
1097,1145,8,5,reject,rule,
1097,1147,8,6,reject,rule,
1097,1156,8,6,reject,rule,
1097,1200,8,7,reject,rule,
1097,1201,4,6,reject,rule,
1097,1207,8,6,reject,rule,
1097,1219,8,6,reject,rule,
1097,1239,6,6,reject,rule,
1097,1244,8,6,reject,rule,
1097,1254,8,6,reject,rule,
1097,1258,8,5,reject,rule,
1097,1267,8,6,reject,rule,
1097,1318,8,6,reject,rule,
1097,1325,8,5,reject,rule,
1097,1332,8,6,reject,rule,
1097,1368,8,6,reject,rule,
1097,1369,2,6,reject,rule,
1097,1402,8,5,reject,rule,
1097,1409,8,8,reject,rule,
1097,1437,8,6,reject,rule,
1097,1449,4,7,reject,rule,
1097,1457,8,6,reject,rule,
1097,171,4,5,reject,rule,
1097,319,8,6,reject,rule,
1097,591,6,5,reject,rule,
1097,604,6,5,reject,rule,
1097,625,6,7,reject,rule,
1097,645,8,6,reject,rule,
1097,66,8,7,reject,rule,
1097,703,6,6,reject,rule,
1097,724,8,6,reject,rule,
1097,816,4,5,reject,rule,
1097,817,8,5,reject,rule,
1097,835,8,7,reject,rule,
1097,85,6,6,reject,rule,
1097,900,6,6,reject,rule,
1097,969,6,6,reject,rule,
1097,973,6,6,reject,rule,
1097,988,6,7,reject,rule,
1097,im0015,8,6,reject,rule,
1098,1109,8,7,reject,rule,
1098,1113,8,5,reject,rule,
1098,1142,8,5,reject,rule,
1098,1143,4,6,reject,rule,
1098,1155,6,7,reject,rule,
1098,1158,8,6,reject,rule,
1098,1172,8,6,reject,rule,
1098,1186,8,6,reject,rule,
1098,1197,6,5,reject,rule,
1098,1208,2,7,reject,rule,
1098,1216,6,5,reject,rule,
1098,1220,6,6,reject,rule,
1098,1238,4,7,reject,rule,
1098,1245,8,6,reject,rule,
1098,1250,8,6,reject,rule,
1098,1301,8,5,reject,rule,
1098,1307,6,6,reject,rule,
1098,1312,8,8,reject,rule,
1098,1329,8,6,reject,rule,
1098,1364,8,6,reject,rule,
1098,1370,6,6,reject,rule,
1098,1380,8,7,reject,rule,
1098,1394,6,9,reject,rule,
1098,1401,8,5,reject,rule,
1098,1404,4,6,reject,rule,
1098,1408,6,6,reject,rule,
1098,1412,8,7,reject,rule,
1098,1417,8,6,reject,rule,
1098,1464,8,6,reject,rule,
1098,1466,6,5,reject,rule,
1098,1482,6,6,reject,rule,
1098,1485,6,6,reject,rule,
1098,1643,6,7,reject,rule,
1098,189,6,8,reject,rule,
1098,195,8,6,reject,rule,
1098,215,6,5,reject,rule,
1098,257,8,7,reject,rule,
1098,284,6,8,reject,rule,
1098,318,4,6,reject,rule,
1098,351,8,7,reject,rule,
1098,367,8,6,reject,rule,
1098,395,8,5,reject,rule,
1098,443,8,7,reject,rule,
1098,563,8,6,reject,rule,
1098,579,8,6,reject,rule,
1098,599,4,6,reject,rule,
1098,616,8,5,reject,rule,
1098,658,8,6,reject,rule,
1098,677,8,6,reject,rule,
1098,685,8,5,reject,rule,
1098,687,8,6,reject,rule,
1098,704,2,9,reject,rule,
1098,706,6,6,reject,rule,
1098,735,6,7,reject,rule,
1098,743,8,7,reject,rule,
1098,765,8,6,reject,rule,
1098,766,8,6,reject,rule,
1098,786,6,6,reject,rule,
1098,802,6,8,reject,rule,
1098,805,6,7,reject,rule,
1098,850,6,7,reject,rule,
1098,889,6,4,reject,rule,
1098,893,8,7,reject,rule,
1098,90,8,6,reject,rule,
1098,904,6,6,reject,rule,
1098,908,8,7,reject,rule,
1098,91,6,6,reject,rule,
1098,926,6,6,reject,rule,
1098,936,8,6,reject,rule,
1098,938,4,6,reject,rule,
1098,985,8,7,reject,rule,
1099,692,8,6,reject,rule,
1099,725,8,7,reject,rule,
1099,786,8,7,reject,rule,
1099,997,8,10,reject,rule,
110,1336,8,6,reject,rule,
110,86,8,6,reject,rule,
1100,1106,8,8,reject,rule,
1100,112,8,6,reject,rule,
1100,1130,8,6,reject,rule,
1100,1132,8,7,reject,rule,
1100,1133,6,6,reject,rule,
1100,1153,8,8,reject,rule,
1100,1190,8,6,reject,rule,
1100,1224,6,7,reject,rule,
1100,1292,8,5,reject,rule,
1100,1382,6,6,reject,rule,
1100,1384,6,7,reject,rule,
1100,1450,8,6,reject,rule,
1100,156,8,7,reject,rule,
1100,187,8,6,reject,rule,
1100,252,4,6,reject,rule,
1100,295,8,5,reject,rule,
1100,356,8,8,reject,rule,
1100,669,8,6,reject,rule,
1100,742,6,6,reject,rule,
1100,81,6,7,reject,rule,
1100,883,8,6,reject,rule,
1100,941,6,8,reject,rule,
1104,1431,8,6,reject,rule,
1104,278,8,5,reject,rule,
1104,725,8,5,reject,rule,
1105,1481,8,5,reject,rule,
1106,112,6,6,reject,rule,
1106,1130,8,8,reject,rule,
1106,1133,8,6,reject,rule,
1106,1153,8,6,reject,rule,
1106,1187,8,6,reject,rule,
1106,1190,6,6,reject,rule,
1106,122,8,5,reject,rule,
1106,1224,6,9,reject,rule,
1106,1292,8,7,reject,rule,
1106,1382,8,11,reject,rule,
1106,1384,8,5,reject,rule,
1106,187,8,6,reject,rule,
1106,742,6,6,reject,rule,
1106,797,8,5,reject,rule,
1106,815,8,8,reject,rule,
1106,883,8,7,reject,rule,
1106,941,4,6,reject,rule,
1106,975,8,7,reject,rule,
1107,1142,8,5,reject,rule,
1107,1199,8,7,reject,rule,
1107,1223,8,8,reject,rule,
1107,1250,8,5,reject,rule,
1107,1308,8,6,reject,rule,
1107,1324,8,6,reject,rule,
1107,1380,8,7,reject,rule,
1107,1468,8,8,reject,rule,
1107,269,8,6,reject,rule,
1107,278,8,6,reject,rule,
1107,325,8,6,reject,rule,
1107,579,8,9,reject,rule,
1107,598,8,6,reject,rule,
1107,683,6,7,reject,rule,
1107,706,8,6,reject,rule,
1107,743,8,8,reject,rule,
1107,786,8,7,reject,rule,
1107,818,4,5,reject,rule,
1107,840,8,7,reject,rule,
1107,854,8,5,reject,rule,
1107,901,8,10,reject,rule,
1107,934,8,7,reject,rule,
1107,936,8,7,reject,rule,
1109,1137,8,6,reject,rule,
1109,1197,8,6,reject,rule,
1109,1199,8,6,reject,rule,
1109,1214,8,5,reject,rule,
1109,1215,6,7,reject,rule,
1109,1216,8,6,reject,rule,
1109,1231,6,5,reject,rule,
1109,1238,8,6,reject,rule,
1109,1245,8,5,reject,rule,
1109,1257,6,5,reject,rule,
1109,1312,4,6,reject,rule,
1109,1324,8,6,reject,rule,
1109,1327,4,6,reject,rule,
1109,1329,6,6,reject,rule,
1109,1333,4,6,reject,rule,
1109,1337,8,7,reject,rule,
1109,1370,8,7,reject,rule,
1109,1380,8,7,reject,rule,
1109,1394,6,6,reject,rule,
1109,1404,8,6,reject,rule,
1109,1408,6,6,reject,rule,
1109,1417,6,5,reject,rule,
1109,1451,4,6,reject,rule,
1109,1464,8,5,reject,rule,
1109,1466,6,6,reject,rule,
1109,1485,8,7,reject,rule,
1109,1643,8,5,reject,rule,
1109,1900,8,6,reject,rule,
1109,195,4,9,reject,rule,
1109,257,8,6,reject,rule,
1109,277,6,9,reject,rule,
1109,284,8,6,reject,rule,
1109,294,8,6,reject,rule,
1109,318,6,8,reject,rule,
1109,320,8,5,reject,rule,
1109,346,6,5,reject,rule,
1109,351,4,8,reject,rule,
1109,361,8,5,reject,rule,
1109,367,6,6,reject,rule,
1109,560,2,6,reject,rule,
1109,563,8,7,reject,rule,
1109,581,4,7,reject,rule,
1109,584,8,7,reject,rule,
1109,585,8,7,reject,rule,
1109,590,6,7,reject,rule,
1109,599,6,5,reject,rule,
1109,616,6,6,reject,rule,
1109,624,4,6,reject,rule,
1109,658,6,6,reject,rule,
1109,685,6,8,reject,rule,
1109,690,6,6,reject,rule,
1109,704,8,6,reject,rule,
1109,706,8,6,reject,rule,
1109,730,6,6,reject,rule,
1109,765,4,6,reject,rule,
1109,766,8,6,reject,rule,
1109,776,8,8,reject,rule,
1109,805,8,6,reject,rule,
1109,840,8,7,reject,rule,
1109,850,6,6,reject,rule,
1109,893,6,7,reject,rule,
1109,90,6,5,reject,rule,
1109,908,8,6,reject,rule,
1109,926,8,6,reject,rule,
1109,936,6,6,reject,rule,
1109,938,8,6,reject,rule,
1109,956,8,6,reject,rule,
111,1308,8,7,reject,rule,
111,1334,8,6,reject,rule,
111,1383,8,6,reject,rule,
111,1475,8,7,reject,rule,
111,1807,8,6,reject,rule,
111,467,6,6,reject,rule,
111,692,8,6,reject,rule,
111,916,8,6,reject,rule,
111,997,8,8,reject,rule,
1110,122,6,5,reject,rule,
1110,1283,8,8,reject,rule,
1110,1319,6,7,reject,rule,
1110,148,6,6,reject,rule,
1110,1486,6,10,reject,rule,
1110,156,8,5,reject,rule,
1110,187,8,6,reject,rule,
1110,190,8,6,reject,rule,
1110,252,8,6,reject,rule,
1110,295,8,6,reject,rule,
1110,337,6,7,reject,rule,
1110,371,8,7,reject,rule,
1110,492,8,7,reject,rule,
1110,530,8,6,reject,rule,
1110,614,6,7,reject,rule,
1110,674,8,6,reject,rule,
1110,75,4,7,reject,rule,
1110,787,8,6,reject,rule,
1110,81,8,7,reject,rule,
1110,815,8,5,reject,rule,
1110,97,8,5,reject,rule,
1111,22,8,5,reject,rule,
1111,263,8,5,reject,rule,
1111,656,8,5,reject,rule,
1111,844,8,5,reject,rule,
1112,1354,8,5,reject,rule,
1112,159,8,6,reject,rule,
1112,1822,8,6,reject,rule,
1112,227,8,7,reject,rule,
1112,713,6,7,reject,rule,
1112,999,8,6,reject,rule,
1113,1134,8,6,reject,rule,
1113,1155,8,7,reject,rule,
1113,1161,8,6,reject,rule,
1113,1186,8,5,reject,rule,
1113,1208,6,7,reject,rule,
1113,1231,6,7,reject,rule,
1113,1250,4,7,reject,rule,
1113,1307,8,6,reject,rule,
1113,1312,8,7,reject,rule,
1113,1333,8,6,reject,rule,
1113,1404,8,5,reject,rule,
1113,1482,8,6,reject,rule,
1113,1485,8,12,reject,rule,
1113,1493,6,7,reject,rule,
1113,195,8,5,reject,rule,
1113,209,8,6,reject,rule,
1113,294,6,5,reject,rule,
1113,346,6,5,reject,rule,
1113,367,8,5,reject,rule,
1113,658,8,6,reject,rule,
1113,677,6,5,reject,rule,
1113,680,8,6,reject,rule,
1113,685,8,5,reject,rule,
1113,704,8,6,reject,rule,
1113,730,8,6,reject,rule,
1113,765,8,7,reject,rule,
1113,840,8,8,reject,rule,
1113,850,6,7,reject,rule,
1113,893,6,6,reject,rule,
1113,908,6,6,reject,rule,
1113,926,8,7,reject,rule,
1113,936,8,6,reject,rule,
1113,938,8,7,reject,rule,
1113,944,6,8,reject,rule,
1113,985,8,6,reject,rule,
1117,1133,8,5,reject,rule,
1117,1147,8,6,reject,rule,
1117,1156,8,7,reject,rule,
1117,117,8,6,reject,rule,
1117,1200,8,6,reject,rule,
1117,1201,6,7,reject,rule,
1117,1222,8,6,reject,rule,
1117,1239,6,5,reject,rule,
1117,1244,8,7,reject,rule,
1117,1258,8,6,reject,rule,
1117,1318,8,4,reject,rule,
1117,1332,6,8,reject,rule,
1117,1369,6,7,reject,rule,
1117,1375,8,8,reject,rule,
1117,1409,8,11,reject,rule,
1117,1449,6,6,reject,rule,
1117,1450,8,7,reject,rule,
1117,1457,8,7,reject,rule,
1117,1667,8,7,reject,rule,
1117,171,8,7,reject,rule,
1117,279,8,5,reject,rule,
1117,591,8,6,reject,rule,
1117,604,6,7,reject,rule,
1117,625,8,5,reject,rule,
1117,645,8,5,reject,rule,
1117,703,6,5,reject,rule,
1117,816,4,6,reject,rule,
1117,817,8,7,reject,rule,
1117,85,8,7,reject,rule,
1117,900,8,7,reject,rule,
1117,969,8,7,reject,rule,
1117,975,8,6,reject,rule,
1117,988,8,6,reject,rule,
1117,im0015,8,7,reject,rule,
112,1153,8,5,reject,rule,
112,122,8,6,reject,rule,
112,1224,8,7,reject,rule,
112,1283,8,6,reject,rule,
112,1292,8,5,reject,rule,
112,1384,8,5,reject,rule,
112,676,8,7,reject,rule,
112,742,4,6,reject,rule,
112,81,8,6,reject,rule,
112,815,6,6,reject,rule,
112,941,8,6,reject,rule,
1123,236,8,7,reject,rule,
1123,im0111,8,5,reject,rule,
1124,1141,6,5,reject,rule,
1124,1190,8,5,reject,rule,
1124,1198,8,5,reject,rule,
1124,379,8,7,reject,rule,
1124,561,8,7,reject,rule,
1124,693,8,12,reject,rule,
1124,701,6,7,reject,rule,
1124,779,6,6,reject,rule,
1124,797,8,6,reject,rule,
1124,905,8,7,reject,rule,
1124,941,8,9,reject,rule,
1124,975,8,7,reject,rule,
1126,365,8,6,reject,rule,
1126,740,6,6,reject,rule,
1126,829,8,6,reject,rule,
1126,958,6,6,reject,rule,
1127,1384,8,6,reject,rule,
1127,81,8,6,reject,rule,
1127,im0076,8,5,reject,rule,
1128,1161,8,9,reject,rule,
1128,687,6,6,reject,rule,
1128,707,8,5,reject,rule,
1129,997,8,6,reject,rule,
1130,1133,6,8,reject,rule,
1130,1135,8,6,reject,rule,
1130,1145,8,7,reject,rule,
1130,1156,6,7,reject,rule,
1130,1162,8,7,reject,rule,
1130,1190,6,6,reject,rule,
1130,1195,8,6,reject,rule,
1130,1207,6,8,reject,rule,
1130,1209,8,6,reject,rule,
1130,1219,6,7,reject,rule,
1130,1224,8,6,reject,rule,
1130,1297,6,7,reject,rule,
1130,1325,8,7,reject,rule,
1130,1457,8,8,reject,rule,
1130,1478,6,7,reject,rule,
1130,196,8,5,reject,rule,
1130,703,8,5,reject,rule,
1130,779,8,7,reject,rule,
1130,797,8,5,reject,rule,
1130,816,8,5,reject,rule,
1130,872,8,6,reject,rule,
1130,941,6,6,reject,rule,
1130,975,8,6,reject,rule,
1132,1290,8,6,reject,rule,
1132,1292,8,5,reject,rule,
1132,1384,8,6,reject,rule,
1132,1433,4,5,reject,rule,
1132,156,8,5,reject,rule,
1132,246,8,5,reject,rule,
1132,295,8,5,reject,rule,
1132,742,8,8,reject,rule,
1132,81,8,5,reject,rule,
1133,1153,8,6,reject,rule,
1133,1156,8,7,reject,rule,
1133,1162,8,5,reject,rule,
1133,1187,6,6,reject,rule,
1133,1190,6,5,reject,rule,
1133,1198,6,7,reject,rule,
1133,1201,8,7,reject,rule,
1133,1207,4,398,confirm,rule,
1133,1209,8,7,reject,rule,
1133,1222,6,6,reject,rule,
1133,1224,6,6,reject,rule,
1133,1242,8,6,reject,rule,
1133,1254,8,7,reject,rule,
1133,1258,6,5,reject,rule,
1133,1292,8,5,reject,rule,
1133,1297,8,6,reject,rule,
1133,1303,6,6,reject,rule,
1133,1309,6,6,reject,rule,
1133,1310,8,7,reject,rule,
1133,1322,8,6,reject,rule,
1133,1325,8,6,reject,rule,
1133,1332,6,5,reject,rule,
1133,1340,6,10,reject,rule,
1133,1382,6,5,reject,rule,
1133,1399,8,7,reject,rule,
1133,1402,8,6,reject,rule,
1133,1449,8,6,reject,rule,
1133,1450,4,6,reject,rule,
1133,1457,6,7,reject,rule,
1133,187,8,12,reject,rule,
1133,252,4,6,reject,rule,
1133,255,8,5,reject,rule,
1133,288,8,6,reject,rule,
1133,295,8,5,reject,rule,
1133,319,8,10,reject,rule,
1133,347,8,5,reject,rule,
1133,350,8,6,reject,rule,
1133,356,4,7,reject,rule,
1133,363,8,6,reject,rule,
1133,371,8,6,reject,rule,
1133,582,8,5,reject,rule,
1133,604,8,7,reject,rule,
1133,626,8,6,reject,rule,
1133,674,6,6,reject,rule,
1133,742,8,7,reject,rule,
1133,779,8,5,reject,rule,
1133,787,8,6,reject,rule,
1133,797,8,8,reject,rule,
1133,816,8,6,reject,rule,
1133,817,6,6,reject,rule,
1133,827,8,6,reject,rule,
1133,831,8,6,reject,rule,
1133,85,8,6,reject,rule,
1133,888,8,6,reject,rule,
1133,939,8,6,reject,rule,
1133,941,4,6,reject,rule,
1133,942,8,8,reject,rule,
1133,975,6,6,reject,rule,
1134,1220,6,7,reject,rule,
1134,1238,8,8,reject,rule,
1134,1245,8,7,reject,rule,
1134,1250,8,6,reject,rule,
1134,1333,6,8,reject,rule,
1134,1364,8,7,reject,rule,
1134,1380,6,6,reject,rule,
1134,1392,4,8,reject,rule,
1134,1468,8,6,reject,rule,
1134,320,8,6,reject,rule,
1134,336,8,5,reject,rule,
1134,563,8,7,reject,rule,
1134,581,8,7,reject,rule,
1134,624,8,5,reject,rule,
1134,677,8,7,reject,rule,
1134,706,6,6,reject,rule,
1134,730,8,5,reject,rule,
1134,840,8,7,reject,rule,
1134,889,8,5,reject,rule,
1134,908,8,6,reject,rule,
1134,926,8,7,reject,rule,
1134,936,8,6,reject,rule,
1134,940,8,5,reject,rule,
1134,944,8,6,reject,rule,
1134,985,6,5,reject,rule,
1135,1219,6,5,reject,rule,
1135,1303,8,6,reject,rule,
1135,1325,8,5,reject,rule,
1135,1355,6,5,reject,rule,
1135,196,6,5,reject,rule,
1135,562,8,7,reject,rule,
1135,705,8,6,reject,rule,
1135,852,8,6,reject,rule,
1135,983,8,6,reject,rule,
1137,1312,8,6,reject,rule,
1137,1327,8,6,reject,rule,
1137,936,8,7,reject,rule,
1139,1281,8,7,reject,rule,
1139,159,8,6,reject,rule,
1139,227,8,5,reject,rule,
1139,256,8,6,reject,rule,
1139,634,8,7,reject,rule,
1139,682,8,7,reject,rule,
1139,713,8,7,reject,rule,
1139,958,8,8,reject,rule,
1141,1153,8,5,reject,rule,
1141,1190,6,6,reject,rule,
1141,1224,6,5,reject,rule,
1141,1292,8,6,reject,rule,
1141,266,8,5,reject,rule,
1141,561,8,7,reject,rule,
1141,615,8,6,reject,rule,
1141,676,8,6,reject,rule,
1141,693,8,5,reject,rule,
1141,711,6,6,reject,rule,
1141,779,6,5,reject,rule,
1141,803,8,6,reject,rule,
1141,81,8,5,reject,rule,
1141,872,8,5,reject,rule,
1141,905,8,7,reject,rule,
1141,941,8,7,reject,rule,
1142,1155,8,6,reject,rule,
1142,1158,8,6,reject,rule,
1142,1172,8,7,reject,rule,
1142,1180,8,6,reject,rule,
1142,1197,8,6,reject,rule,
1142,1208,6,6,reject,rule,
1142,1216,8,6,reject,rule,
1142,1220,8,5,reject,rule,
1142,1238,8,7,reject,rule,
1142,1301,8,5,reject,rule,
1142,1324,6,6,reject,rule,
1142,1394,8,8,reject,rule,
1142,1404,6,8,reject,rule,
1142,1482,8,6,reject,rule,
1142,1485,8,5,reject,rule,
1142,189,8,6,reject,rule,
1142,294,8,6,reject,rule,
1142,318,8,5,reject,rule,
1142,325,8,6,reject,rule,
1142,346,6,5,reject,rule,
1142,596,8,6,reject,rule,
1142,598,6,6,reject,rule,
1142,704,8,5,reject,rule,
1142,735,8,7,reject,rule,
1142,786,6,8,reject,rule,
1142,805,6,6,reject,rule,
1142,854,8,6,reject,rule,
1142,868,8,6,reject,rule,
1142,889,8,6,reject,rule,
1142,904,8,6,reject,rule,
1142,938,8,5,reject,rule,
1143,1155,8,6,reject,rule,
1143,1180,8,5,reject,rule,
1143,1197,8,5,reject,rule,
1143,1208,6,5,reject,rule,
1143,1216,8,5,reject,rule,
1143,1220,8,7,reject,rule,
1143,1238,8,5,reject,rule,
1143,1250,8,5,reject,rule,
1143,1301,8,6,reject,rule,
1143,1362,8,5,reject,rule,
1143,1381,8,6,reject,rule,
1143,1385,8,6,reject,rule,
1143,1394,8,6,reject,rule,
1143,1401,8,5,reject,rule,
1143,1404,6,6,reject,rule,
1143,1464,8,6,reject,rule,
1143,1466,8,6,reject,rule,
1143,1482,8,5,reject,rule,
1143,1485,8,6,reject,rule,
1143,1643,8,6,reject,rule,
1143,189,6,6,reject,rule,
1143,1901,8,6,reject,rule,
1143,284,8,6,reject,rule,
1143,318,6,6,reject,rule,
1143,579,8,6,reject,rule,
1143,599,6,7,reject,rule,
1143,687,8,6,reject,rule,
1143,704,4,5,reject,rule,
1143,735,8,7,reject,rule,
1143,743,8,5,reject,rule,
1143,766,8,5,reject,rule,
1143,786,6,7,reject,rule,
1143,802,4,7,reject,rule,
1143,805,8,6,reject,rule,
1143,889,8,6,reject,rule,
1143,904,6,5,reject,rule,
1143,938,6,6,reject,rule,
1143,974,8,5,reject,rule,
1145,1156,6,5,reject,rule,
1145,1195,8,5,reject,rule,
1145,1200,8,7,reject,rule,
1145,1219,6,7,reject,rule,
1145,1239,8,7,reject,rule,
1145,1244,4,6,reject,rule,
1145,1247,6,6,reject,rule,
1145,1297,8,5,reject,rule,
1145,1318,8,5,reject,rule,
1145,1325,8,6,reject,rule,
1145,1355,8,5,reject,rule,
1145,171,8,6,reject,rule,
1145,816,6,4,reject,rule,
1145,835,8,6,reject,rule,
1145,852,6,6,reject,rule,
1145,900,6,7,reject,rule,
1145,969,6,6,reject,rule,
1145,988,8,6,reject,rule,
1147,1309,8,6,reject,rule,
1147,1318,8,6,reject,rule,
1147,1332,8,6,reject,rule,
1147,1369,8,6,reject,rule,
1147,1409,6,6,reject,rule,
1147,1449,6,11,reject,rule,
1147,171,6,12,reject,rule,
1147,591,6,8,reject,rule,
1147,626,8,7,reject,rule,
1147,816,8,6,reject,rule,
1147,831,8,5,reject,rule,
1147,900,8,6,reject,rule,
1147,973,8,7,reject,rule,
115,1455,8,6,reject,rule,
1151,1199,6,6,reject,rule,
1151,1223,8,5,reject,rule,
1151,1327,8,7,reject,rule,
1151,596,8,6,reject,rule,
1151,667,8,6,reject,rule,
1151,934,6,6,reject,rule,
1153,1190,6,5,reject,rule,
1153,1224,6,7,reject,rule,
1153,1242,8,6,reject,rule,
1153,1292,6,6,reject,rule,
1153,1322,8,5,reject,rule,
1153,1325,6,5,reject,rule,
1153,1340,8,5,reject,rule,
1153,255,8,5,reject,rule,
1153,285,8,6,reject,rule,
1153,295,8,6,reject,rule,
1153,319,8,6,reject,rule,
1153,347,6,5,reject,rule,
1153,561,8,7,reject,rule,
1153,604,8,5,reject,rule,
1153,676,8,6,reject,rule,
1153,693,6,6,reject,rule,
1153,711,6,5,reject,rule,
1153,742,4,5,reject,rule,
1153,779,8,8,reject,rule,
1153,81,8,5,reject,rule,
1153,941,8,6,reject,rule,
1153,975,6,6,reject,rule,
1154,1284,8,7,reject,rule,
1154,1314,8,5,reject,rule,
1154,242,8,7,reject,rule,
1155,1158,8,5,reject,rule,
1155,1172,8,6,reject,rule,
1155,1180,8,6,reject,rule,
1155,1186,6,9,reject,rule,
1155,1197,6,8,reject,rule,
1155,1208,6,6,reject,rule,
1155,1216,8,9,reject,rule,
1155,1220,8,6,reject,rule,
1155,1231,8,9,reject,rule,
1155,1238,6,8,reject,rule,
1155,1301,8,7,reject,rule,
1155,1307,4,12,reject,rule,
1155,1312,8,9,reject,rule,
1155,1370,6,7,reject,rule,
1155,1394,8,5,reject,rule,
1155,1396,8,5,reject,rule,
1155,1401,6,4,reject,rule,
1155,1404,6,7,reject,rule,
1155,1408,6,6,reject,rule,
1155,1451,8,10,reject,rule,
1155,1464,8,7,reject,rule,
1155,1466,6,6,reject,rule,
1155,1482,4,7,reject,rule,
1155,1485,6,5,reject,rule,
1155,1518,8,5,reject,rule,
1155,1643,6,7,reject,rule,
1155,189,6,8,reject,rule,
1155,215,8,6,reject,rule,
1155,284,8,7,reject,rule,
1155,294,8,5,reject,rule,
1155,318,6,6,reject,rule,
1155,346,6,6,reject,rule,
1155,351,6,5,reject,rule,
1155,367,8,6,reject,rule,
1155,599,4,6,reject,rule,
1155,616,8,5,reject,rule,
1155,658,8,7,reject,rule,
1155,673,8,6,reject,rule,
1155,685,8,7,reject,rule,
1155,704,6,6,reject,rule,
1155,765,8,7,reject,rule,
1155,766,8,6,reject,rule,
1155,769,8,9,reject,rule,
1155,802,4,6,reject,rule,
1155,805,6,5,reject,rule,
1155,840,8,6,reject,rule,
1155,850,6,7,reject,rule,
1155,881,8,8,reject,rule,
1155,889,8,5,reject,rule,
1155,893,8,7,reject,rule,
1155,904,6,7,reject,rule,
1155,908,8,5,reject,rule,
1155,926,6,10,reject,rule,
1155,938,2,6,reject,rule,
1155,974,6,7,reject,rule,
1156,1187,8,6,reject,rule,
1156,1201,8,6,reject,rule,
1156,1207,6,6,reject,rule,
1156,1219,8,10,reject,rule,
1156,1247,8,7,reject,rule,
1156,1267,8,6,reject,rule,
1156,1297,6,8,reject,rule,
1156,1318,6,6,reject,rule,
1156,1355,8,6,reject,rule,
1156,1369,8,6,reject,rule,
1156,1375,8,6,reject,rule,
1156,1402,8,6,reject,rule,
1156,1416,8,7,reject,rule,
1156,1449,4,8,reject,rule,
1156,1457,6,5,reject,rule,
1156,1667,8,5,reject,rule,
1156,171,6,7,reject,rule,
1156,1859,8,5,reject,rule,
1156,816,4,6,reject,rule,
1156,900,8,7,reject,rule,
1156,969,8,8,reject,rule,
1156,975,8,8,reject,rule,
1156,988,6,9,reject,rule,
1157,1181,6,6,reject,rule,
1157,1194,8,7,reject,rule,
1157,1386,8,7,reject,rule,
1157,1481,8,7,reject,rule,
1157,397,8,5,reject,rule,
1157,486,8,6,reject,rule,
1157,822,6,6,reject,rule,
1157,827,8,8,reject,rule,
1157,885,8,6,reject,rule,
1158,1161,8,5,reject,rule,
1158,1186,8,7,reject,rule,
1158,1208,8,7,reject,rule,
1158,1252,8,6,reject,rule,
1158,1307,8,5,reject,rule,
1158,1370,8,5,reject,rule,
1158,1394,8,6,reject,rule,
1158,1401,8,6,reject,rule,
1158,1464,6,6,reject,rule,
1158,1466,6,7,reject,rule,
1158,1482,4,5,reject,rule,
1158,1485,8,6,reject,rule,
1158,195,8,5,reject,rule,
1158,253,8,9,reject,rule,
1158,269,8,6,reject,rule,
1158,277,6,6,reject,rule,
1158,294,6,5,reject,rule,
1158,318,6,7,reject,rule,
1158,351,8,6,reject,rule,
1158,367,8,5,reject,rule,
1158,372,8,5,reject,rule,
1158,375,8,7,reject,rule,
1158,395,8,5,reject,rule,
1158,584,6,6,reject,rule,
1158,599,6,5,reject,rule,
1158,680,8,6,reject,rule,
1158,704,8,6,reject,rule,
1158,786,8,7,reject,rule,
1158,802,8,8,reject,rule,
1158,828,8,6,reject,rule,
1158,868,8,6,reject,rule,
1158,938,6,5,reject,rule,
1160,1258,8,5,reject,rule,
1160,582,8,5,reject,rule,
1160,645,8,6,reject,rule,
1160,835,8,7,reject,rule,
1161,1223,8,4,reject,rule,
1161,1252,8,6,reject,rule,
1161,1284,8,9,reject,rule,
1161,1364,8,6,reject,rule,
1161,1394,8,5,reject,rule,
1161,1404,8,6,reject,rule,
1161,1417,8,6,reject,rule,
1161,195,6,5,reject,rule,
1161,269,8,6,reject,rule,
1161,277,6,6,reject,rule,
1161,294,4,5,reject,rule,
1161,318,8,6,reject,rule,
1161,346,6,6,reject,rule,
1161,375,6,6,reject,rule,
1161,563,8,7,reject,rule,
1161,579,8,6,reject,rule,
1161,584,8,6,reject,rule,
1161,658,8,7,reject,rule,
1161,677,8,5,reject,rule,
1161,685,8,5,reject,rule,
1161,687,8,6,reject,rule,
1161,690,8,6,reject,rule,
1161,704,8,5,reject,rule,
1161,707,6,6,reject,rule,
1161,765,6,6,reject,rule,
1161,798,8,6,reject,rule,
1161,828,8,7,reject,rule,
1161,840,8,5,reject,rule,
1161,850,8,7,reject,rule,
1161,868,8,7,reject,rule,
1161,889,8,9,reject,rule,
1161,908,6,6,reject,rule,
1161,924,8,7,reject,rule,
1161,938,8,5,reject,rule,
1161,944,8,5,reject,rule,
1161,950,8,7,reject,rule,
1161,956,8,5,reject,rule,
1162,1187,6,7,reject,rule,
1162,1201,8,7,reject,rule,
1162,1209,4,7,reject,rule,
1162,1340,8,7,reject,rule,
1162,1450,8,7,reject,rule,
1162,1457,8,7,reject,rule,
1162,1487,8,5,reject,rule,
1162,255,8,5,reject,rule,
1162,280,8,5,reject,rule,
1162,288,8,5,reject,rule,
1162,363,4,5,reject,rule,
1162,582,6,5,reject,rule,
1162,645,8,6,reject,rule,
1162,703,8,5,reject,rule,
1162,822,8,6,reject,rule,
1162,827,6,7,reject,rule,
1162,831,8,6,reject,rule,
1162,835,8,7,reject,rule,
1162,888,8,6,reject,rule,
1162,910,8,5,reject,rule,
1164,120,8,5,reject,rule,
1164,234,8,7,reject,rule,
1164,826,6,6,reject,rule,
1164,855,8,7,reject,rule,
1168,120,8,6,reject,rule,
1168,1227,6,5,reject,rule,
1168,1377,6,5,reject,rule,
1168,1517,8,8,reject,rule,
1168,1584,6,5,reject,rule,
1168,1798,8,7,reject,rule,
1168,26,6,6,reject,rule,
1168,43,8,5,reject,rule,
1168,492,8,5,reject,rule,
1168,aria_d_6_3,8,6,reject,rule,
117,1409,8,6,reject,rule,
117,288,8,5,reject,rule,
1172,1180,8,6,reject,rule,
1172,1193,8,7,reject,rule,
1172,1197,8,6,reject,rule,
1172,1202,8,5,reject,rule,
1172,1208,8,6,reject,rule,
1172,1220,8,6,reject,rule,
1172,1223,8,5,reject,rule,
1172,1238,8,5,reject,rule,
1172,1245,8,6,reject,rule,
1172,1250,8,5,reject,rule,
1172,1324,6,6,reject,rule,
1172,1336,8,6,reject,rule,
1172,1362,8,7,reject,rule,
1172,1380,8,5,reject,rule,
1172,1381,8,6,reject,rule,
1172,1388,8,6,reject,rule,
1172,1404,6,6,reject,rule,
1172,189,8,6,reject,rule,
1172,217,8,8,reject,rule,
1172,239,8,6,reject,rule,
1172,253,8,6,reject,rule,
1172,278,8,5,reject,rule,
1172,284,8,6,reject,rule,
1172,346,8,6,reject,rule,
1172,361,8,5,reject,rule,
1172,367,8,5,reject,rule,
1172,443,8,6,reject,rule,
1172,557,8,5,reject,rule,
1172,560,8,8,reject,rule,
1172,598,6,5,reject,rule,
1172,599,8,5,reject,rule,
1172,624,8,6,reject,rule,
1172,658,6,7,reject,rule,
1172,667,8,5,reject,rule,
1172,677,8,6,reject,rule,
1172,683,8,6,reject,rule,
1172,685,6,5,reject,rule,
1172,704,6,5,reject,rule,
1172,706,6,6,reject,rule,
1172,730,8,6,reject,rule,
1172,735,8,5,reject,rule,
1172,743,8,5,reject,rule,
1172,765,8,5,reject,rule,
1172,786,8,5,reject,rule,
1172,798,8,8,reject,rule,
1172,805,8,5,reject,rule,
1172,889,6,6,reject,rule,
1172,908,8,5,reject,rule,
1172,938,8,6,reject,rule,
1172,985,8,7,reject,rule,
1176,1219,8,6,reject,rule,
118,119,0,6,reject,rule,
118,123,4,7,reject,rule,
118,1241,8,5,reject,rule,
118,126,6,5,reject,rule,
118,134,8,7,reject,rule,
118,1526,8,6,reject,rule,
118,153,6,7,reject,rule,
118,16,8,6,reject,rule,
118,1839,6,6,reject,rule,
118,203,4,6,reject,rule,
118,21,6,10,reject,rule,
118,22,4,6,reject,rule,
118,263,6,6,reject,rule,
118,36,6,6,reject,rule,
118,38,6,5,reject,rule,
118,431,8,7,reject,rule,
118,458,8,5,reject,rule,
118,51,8,7,reject,rule,
118,529,4,6,reject,rule,
118,656,8,7,reject,rule,
118,67,6,7,reject,rule,
118,744,8,6,reject,rule,
118,844,8,6,reject,rule,
118,98,6,5,reject,rule,
1180,1208,8,5,reject,rule,
1180,1238,8,6,reject,rule,
1180,1250,8,5,reject,rule,
1180,1324,8,5,reject,rule,
1180,1381,6,6,reject,rule,
1180,189,8,13,reject,rule,
1180,346,8,5,reject,rule,
1180,598,8,5,reject,rule,
1180,677,8,5,reject,rule,
1180,683,8,6,reject,rule,
1180,766,8,10,reject,rule,
1180,786,8,5,reject,rule,
1180,802,6,8,reject,rule,
1180,818,8,10,reject,rule,
1180,889,8,6,reject,rule,
1180,904,6,7,reject,rule,
1180,938,8,6,reject,rule,
1180,974,8,6,reject,rule,
1181,1194,8,6,reject,rule,
1181,1198,8,6,reject,rule,
1181,1309,6,5,reject,rule,
1181,1476,8,5,reject,rule,
1181,1481,8,7,reject,rule,
1181,1487,8,7,reject,rule,
1181,190,8,9,reject,rule,
1181,397,6,5,reject,rule,
1181,822,8,5,reject,rule,
1184,143,8,6,reject,rule,
1185,1242,8,6,reject,rule,
1185,1254,8,6,reject,rule,
1185,1409,8,6,reject,rule,
1185,1413,8,6,reject,rule,
1185,1415,6,5,reject,rule,
1185,1437,6,6,reject,rule,
1185,1450,8,7,reject,rule,
1185,270,8,6,reject,rule,
1185,305,6,6,reject,rule,
1185,319,8,5,reject,rule,
1185,337,8,5,reject,rule,
1185,371,8,7,reject,rule,
1185,586,8,6,reject,rule,
1185,626,6,7,reject,rule,
1185,681,8,5,reject,rule,
1185,698,8,5,reject,rule,
1185,787,8,6,reject,rule,
1185,898,8,6,reject,rule,
1185,973,8,8,reject,rule,
1186,1208,8,6,reject,rule,
1186,1220,6,6,reject,rule,
1186,1238,8,6,reject,rule,
1186,1255,8,6,reject,rule,
1186,1275,8,6,reject,rule,
1186,1301,8,6,reject,rule,
1186,1307,4,6,reject,rule,
1186,1370,8,6,reject,rule,
1186,1372,8,6,reject,rule,
1186,1394,8,5,reject,rule,
1186,1401,8,5,reject,rule,
1186,1404,8,6,reject,rule,
1186,1408,8,6,reject,rule,
1186,1412,8,6,reject,rule,
1186,1464,8,6,reject,rule,
1186,1466,8,7,reject,rule,
1186,1482,4,6,reject,rule,
1186,1485,8,6,reject,rule,
1186,318,8,5,reject,rule,
1186,599,8,5,reject,rule,
1186,677,6,6,reject,rule,
1186,680,8,6,reject,rule,
1186,704,8,5,reject,rule,
1186,769,6,6,reject,rule,
1186,802,8,9,reject,rule,
1186,805,8,6,reject,rule,
1186,828,8,5,reject,rule,
1186,840,8,5,reject,rule,
1186,868,8,6,reject,rule,
1186,889,8,5,reject,rule,
1186,896,8,5,reject,rule,
1186,904,6,5,reject,rule,
1186,908,6,8,reject,rule,
1186,926,6,5,reject,rule,
1186,938,6,5,reject,rule,
1186,944,8,5,reject,rule,
1186,974,8,7,reject,rule,
1187,1198,8,5,reject,rule,
1187,1201,8,6,reject,rule,
1187,1207,8,5,reject,rule,
1187,1209,6,6,reject,rule,
1187,1242,6,8,reject,rule,
1187,1309,6,5,reject,rule,
1187,1318,8,7,reject,rule,
1187,1340,8,5,reject,rule,
1187,1382,8,7,reject,rule,
1187,1449,8,5,reject,rule,
1187,1450,6,7,reject,rule,
1187,1457,6,6,reject,rule,
1187,1487,8,6,reject,rule,
1187,255,6,6,reject,rule,
1187,319,8,7,reject,rule,
1187,337,8,6,reject,rule,
1187,363,8,6,reject,rule,
1187,626,6,6,reject,rule,
1187,674,8,7,reject,rule,
1187,681,8,5,reject,rule,
1187,787,8,5,reject,rule,
1187,797,8,5,reject,rule,
1187,822,8,5,reject,rule,
1187,827,6,6,reject,rule,
1187,831,8,5,reject,rule,
1187,888,6,6,reject,rule,
1187,910,8,6,reject,rule,
1187,941,8,7,reject,rule,
1187,965,8,5,reject,rule,
1187,975,8,6,reject,rule,
119,123,4,6,reject,rule,
119,1241,8,6,reject,rule,
119,126,6,7,reject,rule,
119,134,8,5,reject,rule,
119,1526,8,6,reject,rule,
119,153,6,6,reject,rule,
119,16,8,6,reject,rule,
119,1839,6,6,reject,rule,
119,203,4,8,reject,rule,
119,21,6,6,reject,rule,
119,22,4,6,reject,rule,
119,263,6,7,reject,rule,
119,36,6,5,reject,rule,
119,38,6,6,reject,rule,
119,431,8,6,reject,rule,
119,458,8,7,reject,rule,
119,51,8,8,reject,rule,
119,529,4,7,reject,rule,
119,656,8,6,reject,rule,
119,67,6,5,reject,rule,
119,744,8,6,reject,rule,
119,844,8,8,reject,rule,
119,98,6,5,reject,rule,
1190,1198,8,4,reject,rule,
1190,1224,4,5,reject,rule,
1190,1292,8,5,reject,rule,
1190,1325,8,6,reject,rule,
1190,1384,8,6,reject,rule,
1190,1478,8,5,reject,rule,
1190,187,8,6,reject,rule,
1190,246,6,5,reject,rule,
1190,347,8,5,reject,rule,
1190,693,8,5,reject,rule,
1190,711,8,5,reject,rule,
1190,742,6,7,reject,rule,
1190,779,6,5,reject,rule,
1190,797,8,6,reject,rule,
1190,81,8,5,reject,rule,
1190,839,8,5,reject,rule,
1190,872,8,6,reject,rule,
1190,941,4,5,reject,rule,
1190,975,8,5,reject,rule,
1193,1199,8,6,reject,rule,
1193,1223,6,5,reject,rule,
1193,1284,8,13,reject,rule,
1193,1324,8,4,reject,rule,
1193,1380,8,7,reject,rule,
1193,1404,8,6,reject,rule,
1193,195,6,7,reject,rule,
1193,277,8,10,reject,rule,
1193,278,8,7,reject,rule,
1193,361,8,6,reject,rule,
1193,560,8,6,reject,rule,
1193,563,8,5,reject,rule,
1193,579,8,11,reject,rule,
1193,584,8,5,reject,rule,
1193,585,8,6,reject,rule,
1193,658,8,7,reject,rule,
1193,677,8,7,reject,rule,
1193,683,6,6,reject,rule,
1193,685,8,5,reject,rule,
1193,704,8,11,reject,rule,
1193,706,8,6,reject,rule,
1193,743,8,6,reject,rule,
1193,765,6,7,reject,rule,
1193,792,8,7,reject,rule,
1193,854,8,7,reject,rule,
1193,868,8,8,reject,rule,
1193,889,8,5,reject,rule,
1193,934,8,7,reject,rule,
1194,1309,8,6,reject,rule,
1194,1386,6,5,reject,rule,
1194,613,8,6,reject,rule,
1194,822,6,6,reject,rule,
1194,885,6,8,reject,rule,
1195,1219,8,6,reject,rule,
1195,1335,8,6,reject,rule,
1195,1478,8,6,reject,rule,
1195,196,6,6,reject,rule,
1195,800,8,5,reject,rule,
1195,903,8,10,reject,rule,
1197,1202,8,5,reject,rule,
1197,1208,8,6,reject,rule,
1197,1216,6,5,reject,rule,
1197,1220,8,6,reject,rule,
1197,1238,6,7,reject,rule,
1197,1301,8,6,reject,rule,
1197,1307,8,6,reject,rule,
1197,1312,8,5,reject,rule,
1197,1364,8,6,reject,rule,
1197,1370,8,6,reject,rule,
1197,1380,8,6,reject,rule,
1197,1394,6,6,reject,rule,
1197,1401,6,6,reject,rule,
1197,1404,8,7,reject,rule,
1197,1408,8,6,reject,rule,
1197,1412,6,6,reject,rule,
1197,1451,8,6,reject,rule,
1197,1466,4,6,reject,rule,
1197,1482,8,6,reject,rule,
1197,1643,8,6,reject,rule,
1197,189,6,6,reject,rule,
1197,284,8,6,reject,rule,
1197,318,6,12,reject,rule,
1197,346,8,6,reject,rule,
1197,351,6,6,reject,rule,
1197,367,8,5,reject,rule,
1197,560,8,7,reject,rule,
1197,599,4,6,reject,rule,
1197,616,8,7,reject,rule,
1197,673,8,5,reject,rule,
1197,690,8,6,reject,rule,
1197,704,6,6,reject,rule,
1197,735,8,5,reject,rule,
1197,765,8,5,reject,rule,
1197,776,8,6,reject,rule,
1197,786,8,7,reject,rule,
1197,802,6,6,reject,rule,
1197,805,6,8,reject,rule,
1197,90,8,5,reject,rule,
1197,926,8,6,reject,rule,
1197,936,8,5,reject,rule,
1197,938,4,6,reject,rule,
1197,956,8,6,reject,rule,
1197,im0189,8,7,reject,rule,
1198,1207,8,7,reject,rule,
1198,1224,8,7,reject,rule,
1198,1242,8,8,reject,rule,
1198,1309,8,6,reject,rule,
1198,1319,8,6,reject,rule,
1198,1340,8,7,reject,rule,
1198,1450,8,7,reject,rule,
1198,1452,8,6,reject,rule,
1198,1476,8,6,reject,rule,
1198,231,8,8,reject,rule,
1198,252,8,6,reject,rule,
1198,260,6,5,reject,rule,
1198,280,8,7,reject,rule,
1198,319,8,7,reject,rule,
1198,347,6,5,reject,rule,
1198,350,8,5,reject,rule,
1198,356,8,7,reject,rule,
1198,371,6,6,reject,rule,
1198,379,8,5,reject,rule,
1198,561,8,7,reject,rule,
1198,586,8,6,reject,rule,
1198,614,8,7,reject,rule,
1198,615,8,6,reject,rule,
1198,626,4,6,reject,rule,
1198,674,6,5,reject,rule,
1198,684,8,6,reject,rule,
1198,698,8,8,reject,rule,
1198,779,6,5,reject,rule,
1198,787,8,6,reject,rule,
1198,839,8,5,reject,rule,
1198,905,8,7,reject,rule,
1198,92,8,7,reject,rule,
1198,941,8,5,reject,rule,
1198,942,8,6,reject,rule,
1199,1223,8,5,reject,rule,
1199,1324,6,5,reject,rule,
1199,361,6,6,reject,rule,
1199,596,8,5,reject,rule,
1199,598,6,5,reject,rule,
1199,765,8,5,reject,rule,
1199,854,6,6,reject,rule,
1199,934,6,5,reject,rule,
120,124,8,6,reject,rule,
120,1283,8,8,reject,rule,
120,1319,8,10,reject,rule,
120,1347,6,5,reject,rule,
120,1377,8,7,reject,rule,
120,1476,8,5,reject,rule,
120,1517,8,6,reject,rule,
120,17,8,5,reject,rule,
120,179,6,6,reject,rule,
120,1798,8,6,reject,rule,
120,1829,8,5,reject,rule,
120,1894,8,8,reject,rule,
120,234,6,7,reject,rule,
120,26,6,5,reject,rule,
120,390,6,6,reject,rule,
120,43,8,6,reject,rule,
120,473,8,6,reject,rule,
120,492,6,5,reject,rule,
120,530,8,6,reject,rule,
120,708,6,6,reject,rule,
120,739,8,5,reject,rule,
120,75,8,6,reject,rule,
120,88,8,7,reject,rule,
1200,1201,8,6,reject,rule,
1200,1209,8,6,reject,rule,
1200,1239,6,5,reject,rule,
1200,1244,8,5,reject,rule,
1200,1261,8,5,reject,rule,
1200,1267,6,5,reject,rule,
1200,1303,8,5,reject,rule,
1200,1369,8,5,reject,rule,
1200,1604,8,7,reject,rule,
1200,171,8,7,reject,rule,
1200,1773,8,5,reject,rule,
1200,562,8,4,reject,rule,
1200,574,8,5,reject,rule,
1200,645,8,5,reject,rule,
1200,703,8,5,reject,rule,
1200,724,6,5,reject,rule,
1200,835,4,4,reject,rule,
1200,841,6,6,reject,rule,
1200,852,6,6,reject,rule,
1200,900,8,5,reject,rule,
1200,969,6,5,reject,rule,
1200,aria_c_34_1,8,5,reject,rule,
1201,1207,6,6,reject,rule,
1201,1209,8,7,reject,rule,
1201,1222,8,8,reject,rule,
1201,1254,8,6,reject,rule,
1201,1258,6,6,reject,rule,
1201,1310,8,8,reject,rule,
1201,1318,8,6,reject,rule,
1201,1325,8,6,reject,rule,
1201,1332,6,5,reject,rule,
1201,1368,8,6,reject,rule,
1201,1369,6,7,reject,rule,
1201,1382,8,7,reject,rule,
1201,1402,8,6,reject,rule,
1201,1409,8,5,reject,rule,
1201,1449,6,7,reject,rule,
1201,1450,8,8,reject,rule,
1201,1457,6,6,reject,rule,
1201,171,6,7,reject,rule,
1201,252,8,5,reject,rule,
1201,255,8,7,reject,rule,
1201,288,8,5,reject,rule,
1201,305,8,6,reject,rule,
1201,319,8,6,reject,rule,
1201,337,8,5,reject,rule,
1201,350,8,6,reject,rule,
1201,356,8,9,reject,rule,
1201,371,8,7,reject,rule,
1201,582,8,5,reject,rule,
1201,604,6,6,reject,rule,
1201,645,6,12,reject,rule,
1201,703,8,6,reject,rule,
1201,787,8,6,reject,rule,
1201,816,6,5,reject,rule,
1201,817,6,6,reject,rule,
1201,831,8,5,reject,rule,
1201,835,8,5,reject,rule,
1201,85,8,5,reject,rule,
1201,969,8,5,reject,rule,
1201,973,8,5,reject,rule,
1201,im0015,8,6,reject,rule,
1202,1257,8,6,reject,rule,
1202,1412,8,6,reject,rule,
1202,1417,8,4,reject,rule,
1202,704,8,6,reject,rule,
1202,743,8,6,reject,rule,
1202,776,8,5,reject,rule,
1206,159,4,6,reject,rule,
1206,227,8,7,reject,rule,
1206,713,8,5,reject,rule,
1207,1222,8,5,reject,rule,
1207,1258,8,5,reject,rule,
1207,1297,8,6,reject,rule,
1207,1309,8,6,reject,rule,
1207,1310,8,6,reject,rule,
1207,1325,8,8,reject,rule,
1207,1332,8,5,reject,rule,
1207,1402,8,5,reject,rule,
1207,1449,6,6,reject,rule,
1207,1450,8,6,reject,rule,
1207,1457,8,5,reject,rule,
1207,171,8,7,reject,rule,
1207,252,6,5,reject,rule,
1207,350,8,6,reject,rule,
1207,356,6,7,reject,rule,
1207,371,8,6,reject,rule,
1207,604,8,8,reject,rule,
1207,674,8,6,reject,rule,
1207,816,8,6,reject,rule,
1207,817,6,6,reject,rule,
1207,831,8,6,reject,rule,
1207,85,8,6,reject,rule,
1207,888,8,7,reject,rule,
1207,941,8,7,reject,rule,
1207,975,8,6,reject,rule,
1208,1216,8,5,reject,rule,
1208,1220,6,6,reject,rule,
1208,1231,8,6,reject,rule,
1208,1238,4,6,reject,rule,
1208,1245,8,5,reject,rule,
1208,1250,6,5,reject,rule,
1208,1284,8,7,reject,rule,
1208,1301,8,5,reject,rule,
1208,1307,6,7,reject,rule,
1208,1370,6,7,reject,rule,
1208,1394,8,7,reject,rule,
1208,1404,4,6,reject,rule,
1208,1408,6,8,reject,rule,
1208,1466,8,6,reject,rule,
1208,1482,6,5,reject,rule,
1208,1485,6,7,reject,rule,
1208,1643,8,8,reject,rule,
1208,189,8,6,reject,rule,
1208,195,8,5,reject,rule,
1208,215,6,7,reject,rule,
1208,284,8,7,reject,rule,
1208,294,8,6,reject,rule,
1208,318,6,7,reject,rule,
1208,346,8,5,reject,rule,
1208,361,8,6,reject,rule,
1208,443,8,6,reject,rule,
1208,579,8,10,reject,rule,
1208,599,6,6,reject,rule,
1208,658,8,7,reject,rule,
1208,677,6,6,reject,rule,
1208,685,8,5,reject,rule,
1208,704,4,6,reject,rule,
1208,706,8,9,reject,rule,
1208,735,8,6,reject,rule,
1208,765,8,7,reject,rule,
1208,786,6,5,reject,rule,
1208,802,8,5,reject,rule,
1208,805,6,6,reject,rule,
1208,850,8,5,reject,rule,
1208,868,8,6,reject,rule,
1208,889,6,5,reject,rule,
1208,904,6,6,reject,rule,
1208,908,8,8,reject,rule,
1208,91,8,6,reject,rule,
1208,926,6,5,reject,rule,
1208,938,6,8,reject,rule,
1208,985,8,6,reject,rule,
1209,1251,8,8,reject,rule,
1209,1303,8,7,reject,rule,
1209,1318,8,6,reject,rule,
1209,1349,8,5,reject,rule,
1209,1368,8,8,reject,rule,
1209,1450,8,8,reject,rule,
1209,1457,6,4,reject,rule,
1209,255,8,6,reject,rule,
1209,363,4,7,reject,rule,
1209,582,8,6,reject,rule,
1209,625,8,6,reject,rule,
1209,645,4,6,reject,rule,
1209,703,6,6,reject,rule,
1209,793,8,6,reject,rule,
1209,797,8,8,reject,rule,
1209,816,8,5,reject,rule,
1209,827,8,7,reject,rule,
1209,831,8,5,reject,rule,
1209,835,4,7,reject,rule,
1209,888,8,6,reject,rule,
1209,895,8,6,reject,rule,
1209,910,8,7,reject,rule,
1209,965,8,6,reject,rule,
1214,1245,8,5,reject,rule,
1214,1255,8,6,reject,rule,
1214,1295,8,8,reject,rule,
1214,1312,8,6,reject,rule,
1214,1333,6,6,reject,rule,
1214,1392,8,6,reject,rule,
1214,1396,8,8,reject,rule,
1214,1408,8,6,reject,rule,
1214,1451,6,6,reject,rule,
1214,1668,8,6,reject,rule,
1214,1905,6,8,reject,rule,
1214,320,6,7,reject,rule,
1214,336,6,6,reject,rule,
1214,560,6,6,reject,rule,
1214,581,6,7,reject,rule,
1214,590,2,6,reject,rule,
1214,624,4,6,reject,rule,
1214,658,8,6,reject,rule,
1214,668,8,6,reject,rule,
1214,673,8,5,reject,rule,
1214,685,8,5,reject,rule,
1214,730,8,6,reject,rule,
1214,769,8,7,reject,rule,
1214,805,8,7,reject,rule,
1214,889,8,6,reject,rule,
1214,90,8,6,reject,rule,
1214,908,8,6,reject,rule,
1214,926,8,5,reject,rule,
1214,im0009,8,5,reject,rule,
1214,im0032,8,5,reject,rule,
1215,1216,8,5,reject,rule,
1215,1231,8,5,reject,rule,
1215,1257,8,5,reject,rule,
1215,1312,8,6,reject,rule,
1215,1329,8,6,reject,rule,
1215,1333,8,6,reject,rule,
1215,1380,8,5,reject,rule,
1215,1394,6,5,reject,rule,
1215,1404,8,6,reject,rule,
1215,1417,8,5,reject,rule,
1215,1451,8,5,reject,rule,
1215,195,6,6,reject,rule,
1215,277,8,4,reject,rule,
1215,284,8,6,reject,rule,
1215,318,8,7,reject,rule,
1215,320,6,6,reject,rule,
1215,346,8,4,reject,rule,
1215,351,8,8,reject,rule,
1215,560,6,8,reject,rule,
1215,563,8,5,reject,rule,
1215,579,8,7,reject,rule,
1215,581,8,7,reject,rule,
1215,616,6,5,reject,rule,
1215,618,8,6,reject,rule,
1215,624,8,7,reject,rule,
1215,658,8,5,reject,rule,
1215,685,8,5,reject,rule,
1215,687,8,5,reject,rule,
1215,690,8,6,reject,rule,
1215,704,8,5,reject,rule,
1215,765,6,7,reject,rule,
1215,776,8,4,reject,rule,
1215,850,6,7,reject,rule,
1215,908,8,5,reject,rule,
1215,936,8,5,reject,rule,
1215,956,8,6,reject,rule,
1216,1220,8,5,reject,rule,
1216,1238,6,7,reject,rule,
1216,1245,8,5,reject,rule,
1216,1263,8,5,reject,rule,
1216,1301,6,5,reject,rule,
1216,1312,8,6,reject,rule,
1216,1394,6,6,reject,rule,
1216,1401,8,6,reject,rule,
1216,1404,6,6,reject,rule,
1216,1451,8,8,reject,rule,
1216,1466,6,4,reject,rule,
1216,1643,8,10,reject,rule,
1216,189,8,10,reject,rule,
1216,284,6,7,reject,rule,
1216,318,6,6,reject,rule,
1216,346,8,5,reject,rule,
1216,351,8,6,reject,rule,
1216,41,6,6,reject,rule,
1216,560,8,9,reject,rule,
1216,599,6,8,reject,rule,
1216,687,8,7,reject,rule,
1216,704,6,8,reject,rule,
1216,735,8,6,reject,rule,
1216,765,8,6,reject,rule,
1216,766,8,5,reject,rule,
1216,802,8,7,reject,rule,
1216,805,4,10,reject,rule,
1216,889,8,6,reject,rule,
1216,899,6,6,reject,rule,
1216,91,8,6,reject,rule,
1216,938,6,5,reject,rule,
1219,1244,8,7,reject,rule,
1219,1325,6,6,reject,rule,
1219,1355,6,6,reject,rule,
1219,1369,8,7,reject,rule,
1219,1419,8,7,reject,rule,
1219,1478,8,6,reject,rule,
1219,196,6,6,reject,rule,
1219,285,8,8,reject,rule,
1219,703,8,6,reject,rule,
1219,816,8,6,reject,rule,
1219,900,8,6,reject,rule,
1219,903,8,6,reject,rule,
1219,969,6,8,reject,rule,
1219,988,8,9,reject,rule,
122,1224,8,5,reject,rule,
122,1283,6,5,reject,rule,
122,1292,8,6,reject,rule,
122,1319,8,6,reject,rule,
122,148,8,5,reject,rule,
122,156,8,5,reject,rule,
122,187,6,6,reject,rule,
122,197,6,5,reject,rule,
122,264,8,6,reject,rule,
122,288,8,5,reject,rule,
122,295,8,5,reject,rule,
122,337,8,7,reject,rule,
122,374,8,7,reject,rule,
122,442,8,6,reject,rule,
122,492,8,6,reject,rule,
122,614,8,5,reject,rule,
122,641,8,5,reject,rule,
122,659,8,5,reject,rule,
122,676,8,5,reject,rule,
122,698,8,5,reject,rule,
122,742,8,5,reject,rule,
122,75,6,5,reject,rule,
122,81,8,5,reject,rule,
122,815,8,5,reject,rule,
122,898,6,5,reject,rule,
122,917,6,5,reject,rule,
1220,1238,4,8,reject,rule,
1220,1250,8,6,reject,rule,
1220,1275,8,6,reject,rule,
1220,1284,8,5,reject,rule,
1220,1301,6,10,reject,rule,
1220,1307,8,5,reject,rule,
1220,1324,8,5,reject,rule,
1220,1329,8,6,reject,rule,
1220,1333,8,6,reject,rule,
1220,1362,8,5,reject,rule,
1220,1364,4,7,reject,rule,
1220,1370,8,6,reject,rule,
1220,1380,6,7,reject,rule,
1220,1381,8,7,reject,rule,
1220,1392,6,5,reject,rule,
1220,1394,4,7,reject,rule,
1220,1404,4,6,reject,rule,
1220,1408,8,8,reject,rule,
1220,1412,8,6,reject,rule,
1220,1451,6,5,reject,rule,
1220,1464,8,7,reject,rule,
1220,1466,6,5,reject,rule,
1220,1468,6,6,reject,rule,
1220,1482,6,6,reject,rule,
1220,253,8,7,reject,rule,
1220,284,8,6,reject,rule,
1220,318,8,5,reject,rule,
1220,346,8,6,reject,rule,
1220,351,8,6,reject,rule,
1220,367,8,5,reject,rule,
1220,443,8,6,reject,rule,
1220,563,8,7,reject,rule,
1220,598,8,5,reject,rule,
1220,599,8,6,reject,rule,
1220,616,8,6,reject,rule,
1220,624,8,5,reject,rule,
1220,658,8,6,reject,rule,
1220,677,6,5,reject,rule,
1220,685,8,5,reject,rule,
1220,687,8,6,reject,rule,
1220,704,4,6,reject,rule,
1220,706,6,6,reject,rule,
1220,735,8,5,reject,rule,
1220,743,8,7,reject,rule,
1220,798,8,6,reject,rule,
1220,805,6,6,reject,rule,
1220,840,8,6,reject,rule,
1220,889,6,6,reject,rule,
1220,904,6,7,reject,rule,
1220,908,6,6,reject,rule,
1220,926,8,5,reject,rule,
1220,936,8,6,reject,rule,
1220,938,8,6,reject,rule,
1220,940,8,6,reject,rule,
1220,956,8,7,reject,rule,
1222,1254,8,6,reject,rule,
1222,1258,6,6,reject,rule,
1222,1290,8,7,reject,rule,
1222,1292,8,5,reject,rule,
1222,1297,8,5,reject,rule,
1222,1310,6,6,reject,rule,
1222,1332,6,5,reject,rule,
1222,1340,6,5,reject,rule,
1222,1349,8,7,reject,rule,
1222,1382,8,6,reject,rule,
1222,1393,6,7,reject,rule,
1222,1399,8,5,reject,rule,
1222,1437,8,5,reject,rule,
1222,1450,4,6,reject,rule,
1222,1667,8,6,reject,rule,
1222,252,8,6,reject,rule,
1222,255,8,6,reject,rule,
1222,295,8,6,reject,rule,
1222,319,8,6,reject,rule,
1222,337,8,6,reject,rule,
1222,356,6,6,reject,rule,
1222,582,8,5,reject,rule,
1222,604,8,7,reject,rule,
1222,674,8,6,reject,rule,
1222,695,6,5,reject,rule,
1222,787,6,6,reject,rule,
1222,817,8,9,reject,rule,
1222,831,6,7,reject,rule,
1222,888,6,6,reject,rule,
1222,975,6,7,reject,rule,
1223,1324,6,4,reject,rule,
1223,195,8,5,reject,rule,
1223,271,6,5,reject,rule,
1223,278,8,5,reject,rule,
1223,287,8,5,reject,rule,
1223,308,8,6,reject,rule,
1223,325,8,5,reject,rule,
1223,375,8,6,reject,rule,
1223,585,8,7,reject,rule,
1223,598,6,6,reject,rule,
1223,640,8,5,reject,rule,
1223,667,8,7,reject,rule,
1223,687,8,5,reject,rule,
1223,765,8,6,reject,rule,
1223,786,8,5,reject,rule,
1223,818,8,5,reject,rule,
1223,854,8,5,reject,rule,
1223,889,8,4,reject,rule,
1223,934,8,6,reject,rule,
1223,980,8,5,reject,rule,
1224,1283,6,5,reject,rule,
1224,1292,6,6,reject,rule,
1224,1322,8,5,reject,rule,
1224,1382,8,7,reject,rule,
1224,1384,6,5,reject,rule,
1224,187,8,5,reject,rule,
1224,246,6,7,reject,rule,
1224,252,8,8,reject,rule,
1224,255,8,6,reject,rule,
1224,260,8,6,reject,rule,
1224,264,8,5,reject,rule,
1224,266,8,7,reject,rule,
1224,288,6,6,reject,rule,
1224,295,6,5,reject,rule,
1224,347,8,6,reject,rule,
1224,350,6,6,reject,rule,
1224,356,8,6,reject,rule,
1224,362,8,6,reject,rule,
1224,561,8,6,reject,rule,
1224,614,8,6,reject,rule,
1224,674,8,5,reject,rule,
1224,676,6,7,reject,rule,
1224,693,8,6,reject,rule,
1224,711,8,6,reject,rule,
1224,742,4,6,reject,rule,
1224,75,8,6,reject,rule,
1224,779,4,5,reject,rule,
1224,81,4,7,reject,rule,
1224,872,8,8,reject,rule,
1224,905,6,6,reject,rule,
1224,92,8,6,reject,rule,
1224,941,4,6,reject,rule,
1224,975,8,6,reject,rule,
1224,976,8,8,reject,rule,
1225,693,8,6,reject,rule,
1227,26,8,6,reject,rule,
1227,aria_d_6_3,8,6,reject,rule,
123,126,8,7,reject,rule,
123,134,8,5,reject,rule,
123,1526,6,8,reject,rule,
123,153,8,8,reject,rule,
123,1563,8,6,reject,rule,
123,1772,8,7,reject,rule,
123,1807,6,5,reject,rule,
123,1839,6,7,reject,rule,
123,1893,8,7,reject,rule,
123,203,6,8,reject,rule,
123,21,8,7,reject,rule,
123,22,4,5,reject,rule,
123,263,8,6,reject,rule,
123,36,6,6,reject,rule,
123,38,8,5,reject,rule,
123,431,8,7,reject,rule,
123,458,8,6,reject,rule,
123,493,6,5,reject,rule,
123,529,4,6,reject,rule,
123,541,8,6,reject,rule,
123,550,8,6,reject,rule,
123,656,8,5,reject,rule,
123,692,8,5,reject,rule,
123,744,8,6,reject,rule,
123,98,6,6,reject,rule,
1231,1312,8,7,reject,rule,
1231,1333,8,6,reject,rule,
1231,1408,8,5,reject,rule,
1231,1451,8,5,reject,rule,
1231,1464,8,8,reject,rule,
1231,1482,8,7,reject,rule,
1231,1485,8,5,reject,rule,
1231,195,6,5,reject,rule,
1231,209,8,6,reject,rule,
1231,269,8,5,reject,rule,
1231,277,8,10,reject,rule,
1231,294,6,5,reject,rule,
1231,320,8,7,reject,rule,
1231,346,6,6,reject,rule,
1231,351,6,5,reject,rule,
1231,361,8,5,reject,rule,
1231,560,8,7,reject,rule,
1231,590,8,7,reject,rule,
1231,616,6,6,reject,rule,
1231,624,8,6,reject,rule,
1231,658,8,7,reject,rule,
1231,680,8,8,reject,rule,
1231,685,8,7,reject,rule,
1231,730,8,5,reject,rule,
1231,765,8,7,reject,rule,
1231,850,4,6,reject,rule,
1231,893,8,6,reject,rule,
1231,936,6,6,reject,rule,
1238,1245,6,6,reject,rule,
1238,1301,6,7,reject,rule,
1238,1307,6,9,reject,rule,
1238,1312,8,5,reject,rule,
1238,1324,8,5,reject,rule,
1238,1333,6,6,reject,rule,
1238,1364,8,6,reject,rule,
1238,1370,6,7,reject,rule,
1238,1394,8,7,reject,rule,
1238,1404,6,6,reject,rule,
1238,1408,4,10,reject,rule,
1238,1451,6,6,reject,rule,
1238,1466,6,7,reject,rule,
1238,1482,8,7,reject,rule,
1238,1485,8,6,reject,rule,
1238,1643,8,7,reject,rule,
1238,189,8,7,reject,rule,
1238,215,8,7,reject,rule,
1238,284,8,7,reject,rule,
1238,318,8,5,reject,rule,
1238,346,8,8,reject,rule,
1238,351,8,6,reject,rule,
1238,361,8,6,reject,rule,
1238,443,8,6,reject,rule,
1238,598,8,7,reject,rule,
1238,599,6,7,reject,rule,
1238,624,8,5,reject,rule,
1238,677,8,6,reject,rule,
1238,687,8,8,reject,rule,
1238,704,6,5,reject,rule,
1238,706,8,8,reject,rule,
1238,802,8,6,reject,rule,
1238,805,4,7,reject,rule,
1238,889,6,5,reject,rule,
1238,90,8,5,reject,rule,
1238,904,6,7,reject,rule,
1238,908,8,7,reject,rule,
1238,926,4,6,reject,rule,
1238,938,6,7,reject,rule,
1239,1244,8,6,reject,rule,
1239,1318,8,5,reject,rule,
1239,1369,4,6,reject,rule,
1239,1375,6,8,reject,rule,
1239,1449,8,6,reject,rule,
1239,1604,8,6,reject,rule,
1239,1647,8,5,reject,rule,
1239,1667,8,6,reject,rule,
1239,1708,8,6,reject,rule,
1239,171,8,7,reject,rule,
1239,258,8,7,reject,rule,
1239,591,8,10,reject,rule,
1239,595,8,6,reject,rule,
1239,66,8,7,reject,rule,
1239,724,8,7,reject,rule,
1239,816,8,6,reject,rule,
1239,841,8,5,reject,rule,
1239,852,8,5,reject,rule,
1239,900,4,7,reject,rule,
1239,969,4,7,reject,rule,
1239,973,6,6,reject,rule,
1239,988,6,6,reject,rule,
1239,aria_c_25_1,8,8,reject,rule,
124,1377,6,7,reject,rule,
124,1790,8,7,reject,rule,
1241,153,8,9,reject,rule,
1241,203,6,6,reject,rule,
1241,36,8,5,reject,rule,
1241,922,8,6,reject,rule,
1242,1254,8,6,reject,rule,
1242,1303,8,5,reject,rule,
1242,1309,8,7,reject,rule,
1242,1332,8,8,reject,rule,
1242,1340,8,11,reject,rule,
1242,1382,6,11,reject,rule,
1242,1415,8,8,reject,rule,
1242,1450,6,7,reject,rule,
1242,1457,8,5,reject,rule,
1242,1487,8,7,reject,rule,
1242,255,6,7,reject,rule,
1242,280,8,6,reject,rule,
1242,319,6,5,reject,rule,
1242,337,8,7,reject,rule,
1242,347,8,6,reject,rule,
1242,363,8,6,reject,rule,
1242,371,8,5,reject,rule,
1242,626,8,8,reject,rule,
1242,681,8,5,reject,rule,
1242,787,8,5,reject,rule,
1242,827,8,6,reject,rule,
1244,1247,8,6,reject,rule,
1244,1604,8,6,reject,rule,
1244,562,8,6,reject,rule,
1244,625,8,5,reject,rule,
1244,703,8,5,reject,rule,
1244,816,8,6,reject,rule,
1244,835,8,5,reject,rule,
1244,852,6,6,reject,rule,
1244,900,8,6,reject,rule,
1244,969,8,7,reject,rule,
1245,1301,6,7,reject,rule,
1245,1312,6,7,reject,rule,
1245,1327,8,6,reject,rule,
1245,1333,6,6,reject,rule,
1245,1370,8,6,reject,rule,
1245,1388,8,7,reject,rule,
1245,1392,8,7,reject,rule,
1245,1404,8,7,reject,rule,
1245,1518,8,5,reject,rule,
1245,1668,6,6,reject,rule,
1245,1903,8,4,reject,rule,
1245,1905,8,7,reject,rule,
1245,215,8,7,reject,rule,
1245,346,8,6,reject,rule,
1245,537,8,6,reject,rule,
1245,560,8,7,reject,rule,
1245,581,8,6,reject,rule,
1245,590,6,6,reject,rule,
1245,624,8,5,reject,rule,
1245,658,8,6,reject,rule,
1245,685,8,6,reject,rule,
1245,687,8,6,reject,rule,
1245,706,8,6,reject,rule,
1245,730,8,6,reject,rule,
1245,769,8,6,reject,rule,
1245,805,4,6,reject,rule,
1245,889,6,5,reject,rule,
1245,908,8,7,reject,rule,
1245,926,8,6,reject,rule,
1245,985,8,5,reject,rule,
1247,1297,6,6,reject,rule,
1247,1318,8,5,reject,rule,
1247,1355,8,6,reject,rule,
1247,1416,8,7,reject,rule,
1247,1859,6,7,reject,rule,
1247,816,8,6,reject,rule,
125,135,8,6,reject,rule,
125,139,8,5,reject,rule,
125,202,6,7,reject,rule,
125,33,8,6,reject,rule,
125,948,8,8,reject,rule,
1250,1284,8,9,reject,rule,
1250,1376,8,6,reject,rule,
1250,1404,6,7,reject,rule,
1250,1431,8,5,reject,rule,
1250,1468,8,7,reject,rule,
1250,1493,8,6,reject,rule,
1250,195,8,6,reject,rule,
1250,294,8,5,reject,rule,
1250,320,8,6,reject,rule,
1250,346,8,5,reject,rule,
1250,367,8,7,reject,rule,
1250,557,6,6,reject,rule,
1250,563,8,7,reject,rule,
1250,579,6,7,reject,rule,
1250,598,8,5,reject,rule,
1250,658,8,5,reject,rule,
1250,677,4,6,reject,rule,
1250,683,8,7,reject,rule,
1250,685,8,6,reject,rule,
1250,704,6,7,reject,rule,
1250,743,8,6,reject,rule,
1250,765,8,6,reject,rule,
1250,786,8,7,reject,rule,
1250,805,8,7,reject,rule,
1250,818,8,6,reject,rule,
1250,854,8,6,reject,rule,
1250,889,8,5,reject,rule,
1250,904,8,7,reject,rule,
1250,908,6,5,reject,rule,
1250,944,8,6,reject,rule,
1250,985,8,7,reject,rule,
1251,1303,8,6,reject,rule,
1251,241,8,5,reject,rule,
1251,645,6,7,reject,rule,
1251,669,8,8,reject,rule,
1251,797,8,5,reject,rule,
1251,835,8,8,reject,rule,
1251,im0234,8,5,reject,rule,
1252,1284,8,7,reject,rule,
1252,1362,8,5,reject,rule,
1252,1394,8,5,reject,rule,
1252,1404,8,6,reject,rule,
1252,1464,8,7,reject,rule,
1252,277,8,9,reject,rule,
1252,294,8,5,reject,rule,
1252,563,8,6,reject,rule,
1252,704,8,6,reject,rule,
1252,735,8,6,reject,rule,
1252,766,8,7,reject,rule,
1252,823,8,8,reject,rule,
1252,828,6,6,reject,rule,
1252,868,6,6,reject,rule,
1254,1258,6,5,reject,rule,
1254,1267,8,6,reject,rule,
1254,1303,8,5,reject,rule,
1254,1309,6,5,reject,rule,
1254,1310,8,7,reject,rule,
1254,1332,6,7,reject,rule,
1254,1369,8,6,reject,rule,
1254,1373,8,6,reject,rule,
1254,1382,8,6,reject,rule,
1254,1413,8,6,reject,rule,
1254,1415,8,6,reject,rule,
1254,1437,8,7,reject,rule,
1254,1450,8,6,reject,rule,
1254,171,6,5,reject,rule,
1254,191,8,7,reject,rule,
1254,252,8,6,reject,rule,
1254,270,6,6,reject,rule,
1254,274,8,6,reject,rule,
1254,305,8,6,reject,rule,
1254,319,6,6,reject,rule,
1254,356,8,6,reject,rule,
1254,363,8,7,reject,rule,
1254,562,8,7,reject,rule,
1254,574,8,5,reject,rule,
1254,586,8,6,reject,rule,
1254,591,6,7,reject,rule,
1254,604,8,5,reject,rule,
1254,625,6,7,reject,rule,
1254,626,8,7,reject,rule,
1254,645,8,6,reject,rule,
1254,659,8,6,reject,rule,
1254,787,8,5,reject,rule,
1254,817,8,7,reject,rule,
1254,831,8,6,reject,rule,
1254,835,8,7,reject,rule,
1254,939,8,6,reject,rule,
1255,1275,8,5,reject,rule,
1255,1356,8,5,reject,rule,
1255,1376,8,5,reject,rule,
1255,1392,8,6,reject,rule,
1255,209,8,7,reject,rule,
1255,320,8,7,reject,rule,
1255,624,8,5,reject,rule,
1255,658,8,7,reject,rule,
1255,685,8,5,reject,rule,
1255,687,8,6,reject,rule,
1255,723,6,6,reject,rule,
1255,730,8,6,reject,rule,
1255,769,8,5,reject,rule,
1255,889,8,5,reject,rule,
1255,896,8,7,reject,rule,
1255,908,8,6,reject,rule,
1255,im0032,8,7,reject,rule,
1257,1284,8,6,reject,rule,
1257,1327,8,6,reject,rule,
1257,1329,8,12,reject,rule,
1257,1337,8,7,reject,rule,
1257,1348,8,8,reject,rule,
1257,1356,8,6,reject,rule,
1257,1380,8,6,reject,rule,
1257,1394,8,6,reject,rule,
1257,1404,8,6,reject,rule,
1257,1417,4,5,reject,rule,
1257,1420,8,5,reject,rule,
1257,1451,8,6,reject,rule,
1257,1464,8,5,reject,rule,
1257,195,4,6,reject,rule,
1257,206,8,6,reject,rule,
1257,219,8,5,reject,rule,
1257,257,8,5,reject,rule,
1257,271,8,6,reject,rule,
1257,277,6,6,reject,rule,
1257,294,8,6,reject,rule,
1257,317,8,6,reject,rule,
1257,318,6,8,reject,rule,
1257,320,8,6,reject,rule,
1257,351,8,6,reject,rule,
1257,367,6,6,reject,rule,
1257,375,8,6,reject,rule,
1257,560,6,7,reject,rule,
1257,563,8,5,reject,rule,
1257,579,8,6,reject,rule,
1257,581,6,6,reject,rule,
1257,584,6,5,reject,rule,
1257,585,6,6,reject,rule,
1257,599,8,5,reject,rule,
1257,616,8,7,reject,rule,
1257,618,8,7,reject,rule,
1257,624,8,6,reject,rule,
1257,651,8,6,reject,rule,
1257,658,6,6,reject,rule,
1257,667,6,5,reject,rule,
1257,675,8,6,reject,rule,
1257,680,8,8,reject,rule,
1257,685,6,5,reject,rule,
1257,690,6,6,reject,rule,
1257,704,8,7,reject,rule,
1257,723,8,5,reject,rule,
1257,765,6,6,reject,rule,
1257,776,6,6,reject,rule,
1257,798,8,5,reject,rule,
1257,840,8,7,reject,rule,
1257,850,8,9,reject,rule,
1257,908,8,8,reject,rule,
1257,936,8,7,reject,rule,
1257,950,8,6,reject,rule,
1257,956,8,5,reject,rule,
1258,1292,8,6,reject,rule,
1258,1309,8,6,reject,rule,
1258,1310,6,6,reject,rule,
1258,1332,6,5,reject,rule,
1258,1340,8,6,reject,rule,
1258,1373,8,6,reject,rule,
1258,1382,8,6,reject,rule,
1258,1393,8,6,reject,rule,
1258,1399,8,8,reject,rule,
1258,1413,8,5,reject,rule,
1258,1437,8,5,reject,rule,
1258,144,8,7,reject,rule,
1258,1450,6,6,reject,rule,
1258,191,8,7,reject,rule,
1258,252,6,7,reject,rule,
1258,255,6,7,reject,rule,
1258,264,8,5,reject,rule,
1258,270,6,6,reject,rule,
1258,288,6,5,reject,rule,
1258,295,6,7,reject,rule,
1258,319,6,5,reject,rule,
1258,337,6,5,reject,rule,
1258,347,8,6,reject,rule,
1258,350,6,6,reject,rule,
1258,356,6,7,reject,rule,
1258,371,8,6,reject,rule,
1258,374,8,7,reject,rule,
1258,561,8,5,reject,rule,
1258,562,8,7,reject,rule,
1258,582,8,6,reject,rule,
1258,586,8,7,reject,rule,
1258,604,6,5,reject,rule,
1258,625,8,6,reject,rule,
1258,626,8,10,reject,rule,
1258,645,8,6,reject,rule,
1258,674,8,5,reject,rule,
1258,695,8,5,reject,rule,
1258,718,8,6,reject,rule,
1258,787,6,6,reject,rule,
1258,817,4,7,reject,rule,
1258,831,8,7,reject,rule,
1258,975,8,6,reject,rule,
126,1277,8,6,reject,rule,
126,1526,8,6,reject,rule,
126,153,8,12,reject,rule,
126,1839,8,6,reject,rule,
126,203,6,6,reject,rule,
126,22,6,6,reject,rule,
126,263,8,5,reject,rule,
126,36,8,5,reject,rule,
126,458,6,6,reject,rule,
126,493,8,7,reject,rule,
126,51,8,5,reject,rule,
126,529,8,6,reject,rule,
126,550,8,5,reject,rule,
126,67,8,7,reject,rule,
126,692,8,6,reject,rule,
126,744,6,5,reject,rule,
126,98,8,6,reject,rule,
1261,1303,8,6,reject,rule,
1261,270,8,5,reject,rule,
1261,305,8,5,reject,rule,
1261,574,6,9,reject,rule,
1261,659,8,7,reject,rule,
1261,835,8,5,reject,rule,
1261,841,6,5,reject,rule,
1262,626,8,6,reject,rule,
1263,1329,8,7,reject,rule,
1263,1394,8,5,reject,rule,
1263,1401,8,6,reject,rule,
1263,1466,8,6,reject,rule,
1263,318,8,6,reject,rule,
1263,599,8,6,reject,rule,
1263,765,8,6,reject,rule,
1263,766,8,6,reject,rule,
1263,802,8,5,reject,rule,
1263,938,8,5,reject,rule,
1264,1337,8,6,reject,rule,
1264,1356,8,6,reject,rule,
1264,1372,8,5,reject,rule,
1264,1376,8,5,reject,rule,
1264,1417,6,5,reject,rule,
1264,195,8,6,reject,rule,
1264,209,8,5,reject,rule,
1264,248,8,6,reject,rule,
1264,253,8,7,reject,rule,
1264,257,6,5,reject,rule,
1264,265,6,6,reject,rule,
1264,294,8,5,reject,rule,
1264,313,8,6,reject,rule,
1264,318,8,6,reject,rule,
1264,537,8,7,reject,rule,
1264,560,8,7,reject,rule,
1264,581,8,6,reject,rule,
1264,658,6,6,reject,rule,
1264,685,6,5,reject,rule,
1264,690,8,6,reject,rule,
1264,730,8,5,reject,rule,
1264,769,8,6,reject,rule,
1264,776,8,6,reject,rule,
1264,828,8,5,reject,rule,
1264,893,8,6,reject,rule,
1264,908,8,7,reject,rule,
1267,1369,8,5,reject,rule,
1267,1449,8,7,reject,rule,
1267,1603,8,5,reject,rule,
1267,171,6,5,reject,rule,
1267,1773,8,5,reject,rule,
1267,724,8,6,reject,rule,
1267,852,8,6,reject,rule,
1267,969,8,7,reject,rule,
1272,1280,8,7,reject,rule,
1272,1299,8,6,reject,rule,
1272,1455,6,6,reject,rule,
1275,1364,8,7,reject,rule,
1275,1370,8,6,reject,rule,
1275,1408,6,11,reject,rule,
1275,1451,8,6,reject,rule,
1275,1464,8,6,reject,rule,
1275,1466,8,6,reject,rule,
1275,1482,6,5,reject,rule,
1275,318,8,7,reject,rule,
1275,599,8,6,reject,rule,
1275,616,8,8,reject,rule,
1275,723,6,5,reject,rule,
1275,904,8,6,reject,rule,
1275,926,8,6,reject,rule,
1277,1348,8,6,reject,rule,
1277,1359,8,6,reject,rule,
1277,153,8,7,reject,rule,
1277,206,8,7,reject,rule,
1277,317,8,7,reject,rule,
1277,375,8,6,reject,rule,
1277,550,4,6,reject,rule,
1277,584,8,6,reject,rule,
1277,640,8,5,reject,rule,
1277,651,6,9,reject,rule,
1277,692,6,6,reject,rule,
1277,901,8,6,reject,rule,
1280,1299,6,6,reject,rule,
1280,1455,8,7,reject,rule,
1280,1462,6,6,reject,rule,
1280,267,8,5,reject,rule,
1280,531,6,7,reject,rule,
1280,652,8,8,reject,rule,
1281,1472,8,8,reject,rule,
1281,256,6,7,reject,rule,
1281,958,8,6,reject,rule,
1283,1292,6,5,reject,rule,
1283,1302,8,5,reject,rule,
1283,1319,8,6,reject,rule,
1283,1384,8,5,reject,rule,
1283,148,8,6,reject,rule,
1283,179,8,7,reject,rule,
1283,187,8,8,reject,rule,
1283,26,8,6,reject,rule,
1283,260,8,6,reject,rule,
1283,264,8,7,reject,rule,
1283,295,6,6,reject,rule,
1283,362,6,6,reject,rule,
1283,374,8,6,reject,rule,
1283,492,8,5,reject,rule,
1283,530,6,6,reject,rule,
1283,561,8,7,reject,rule,
1283,62,8,5,reject,rule,
1283,641,8,6,reject,rule,
1283,666,8,6,reject,rule,
1283,676,8,7,reject,rule,
1283,742,8,7,reject,rule,
1283,75,6,10,reject,rule,
1283,779,8,5,reject,rule,
1283,81,4,6,reject,rule,
1283,815,8,5,reject,rule,
1283,92,8,5,reject,rule,
1284,1314,8,7,reject,rule,
1284,1324,8,6,reject,rule,
1284,1362,8,7,reject,rule,
1284,1364,8,6,reject,rule,
1284,1376,8,5,reject,rule,
1284,1380,6,9,reject,rule,
1284,1385,8,5,reject,rule,
1284,1392,8,6,reject,rule,
1284,1394,8,5,reject,rule,
1284,1404,6,7,reject,rule,
1284,1431,8,5,reject,rule,
1284,1468,8,6,reject,rule,
1284,195,6,6,reject,rule,
1284,217,8,9,reject,rule,
1284,271,8,6,reject,rule,
1284,277,4,7,reject,rule,
1284,278,8,6,reject,rule,
1284,290,8,5,reject,rule,
1284,294,6,6,reject,rule,
1284,317,8,8,reject,rule,
1284,346,8,5,reject,rule,
1284,372,8,6,reject,rule,
1284,375,8,6,reject,rule,
1284,563,4,7,reject,rule,
1284,579,4,7,reject,rule,
1284,584,4,6,reject,rule,
1284,640,8,5,reject,rule,
1284,651,8,6,reject,rule,
1284,658,8,10,reject,rule,
1284,677,8,6,reject,rule,
1284,680,8,6,reject,rule,
1284,683,8,6,reject,rule,
1284,685,8,5,reject,rule,
1284,690,8,7,reject,rule,
1284,704,8,6,reject,rule,
1284,735,8,7,reject,rule,
1284,743,8,8,reject,rule,
1284,765,6,7,reject,rule,
1284,766,8,6,reject,rule,
1284,792,6,6,reject,rule,
1284,798,4,5,reject,rule,
1284,823,8,6,reject,rule,
1284,834,8,7,reject,rule,
1284,854,8,5,reject,rule,
1284,868,6,7,reject,rule,
1284,889,8,6,reject,rule,
1284,908,8,6,reject,rule,
1284,936,8,8,reject,rule,
1284,940,6,6,reject,rule,
1284,944,8,5,reject,rule,
1284,950,8,7,reject,rule,
1284,956,6,6,reject,rule,
1286,71,8,6,reject,rule,
1290,295,8,7,reject,rule,
1290,356,8,6,reject,rule,
1292,1322,8,6,reject,rule,
1292,1325,8,5,reject,rule,
1292,1340,6,6,reject,rule,
1292,1365,8,6,reject,rule,
1292,1384,6,5,reject,rule,
1292,1399,8,5,reject,rule,
1292,144,8,6,reject,rule,
1292,1450,8,6,reject,rule,
1292,241,8,5,reject,rule,
1292,255,6,4,reject,rule,
1292,264,8,5,reject,rule,
1292,279,6,5,reject,rule,
1292,295,4,5,reject,rule,
1292,337,8,6,reject,rule,
1292,347,8,6,reject,rule,
1292,356,8,7,reject,rule,
1292,374,8,6,reject,rule,
1292,674,8,5,reject,rule,
1292,676,8,6,reject,rule,
1292,693,8,6,reject,rule,
1292,695,8,4,reject,rule,
1292,711,8,7,reject,rule,
1292,742,8,5,reject,rule,
1292,779,8,6,reject,rule,
1292,787,8,6,reject,rule,
1292,81,6,5,reject,rule,
1292,872,8,6,reject,rule,
1292,941,8,7,reject,rule,
1292,975,8,6,reject,rule,
1295,271,6,5,reject,rule,
1295,320,8,6,reject,rule,
1295,336,8,6,reject,rule,
1295,456,8,6,reject,rule,
1295,560,8,6,reject,rule,
1295,581,6,6,reject,rule,
1295,585,8,6,reject,rule,
1295,590,8,6,reject,rule,
1295,624,8,5,reject,rule,
1295,642,8,7,reject,rule,
1295,667,8,5,reject,rule,
1295,854,8,7,reject,rule,
1297,1311,8,6,reject,rule,
1297,1318,6,5,reject,rule,
1297,1332,8,9,reject,rule,
1297,1382,8,5,reject,rule,
1297,1416,8,5,reject,rule,
1297,1450,8,6,reject,rule,
1297,1457,8,6,reject,rule,
1297,1859,6,7,reject,rule,
1297,695,8,5,reject,rule,
1297,816,8,6,reject,rule,
1297,975,8,7,reject,rule,
1299,1462,8,16,reject,rule,
130,231,8,6,reject,rule,
130,321,8,5,reject,rule,
130,328,8,7,reject,rule,
130,374,8,6,reject,rule,
130,473,8,5,reject,rule,
130,551,8,6,reject,rule,
130,718,8,7,reject,rule,
1300,1435,8,5,reject,rule,
1300,1874,6,5,reject,rule,
1300,313,8,5,reject,rule,
1300,680,8,6,reject,rule,
1301,1307,8,7,reject,rule,
1301,1312,8,7,reject,rule,
1301,1333,8,6,reject,rule,
1301,1362,8,8,reject,rule,
1301,1370,8,6,reject,rule,
1301,1372,8,6,reject,rule,
1301,1392,8,6,reject,rule,
1301,1394,6,6,reject,rule,
1301,1401,8,5,reject,rule,
1301,1404,6,5,reject,rule,
1301,1451,8,6,reject,rule,
1301,1466,6,6,reject,rule,
1301,1482,8,6,reject,rule,
1301,1485,8,7,reject,rule,
1301,1518,8,5,reject,rule,
1301,1668,8,5,reject,rule,
1301,189,8,7,reject,rule,
1301,318,8,6,reject,rule,
1301,346,8,5,reject,rule,
1301,563,8,7,reject,rule,
1301,599,8,5,reject,rule,
1301,673,8,5,reject,rule,
1301,704,8,6,reject,rule,
1301,735,8,6,reject,rule,
1301,766,6,7,reject,rule,
1301,769,6,6,reject,rule,
1301,802,8,6,reject,rule,
1301,805,2,5,reject,rule,
1301,889,8,5,reject,rule,
1301,90,8,6,reject,rule,
1301,908,8,8,reject,rule,
1301,926,8,7,reject,rule,
1301,938,8,5,reject,rule,
1301,985,8,6,reject,rule,
1301,im0189,8,5,reject,rule,
1302,1856,8,6,reject,rule,
1302,530,8,7,reject,rule,
1302,62,8,5,reject,rule,
1302,81,8,5,reject,rule,
1302,im0076,8,7,reject,rule,
1303,1325,8,5,reject,rule,
1303,1382,8,6,reject,rule,
1303,1450,8,6,reject,rule,
1303,187,8,5,reject,rule,
1303,241,8,5,reject,rule,
1303,252,8,5,reject,rule,
1303,363,8,6,reject,rule,
1303,562,6,5,reject,rule,
1303,574,6,5,reject,rule,
1303,582,6,6,reject,rule,
1303,625,8,5,reject,rule,
1303,645,8,5,reject,rule,
1303,659,8,8,reject,rule,
1303,711,8,6,reject,rule,
1303,797,6,5,reject,rule,
1303,835,4,5,reject,rule,
1303,883,6,6,reject,rule,
1303,941,8,5,reject,rule,
1306,572,8,6,reject,rule,
1307,1312,8,8,reject,rule,
1307,1370,4,10,reject,rule,
1307,1394,8,5,reject,rule,
1307,1401,6,5,reject,rule,
1307,1404,8,10,reject,rule,
1307,1408,6,6,reject,rule,
1307,1412,8,5,reject,rule,
1307,1464,8,6,reject,rule,
1307,1466,6,5,reject,rule,
1307,1482,4,5,reject,rule,
1307,1485,6,6,reject,rule,
1307,1643,8,9,reject,rule,
1307,189,8,7,reject,rule,
1307,318,8,5,reject,rule,
1307,346,8,6,reject,rule,
1307,351,8,7,reject,rule,
1307,367,8,7,reject,rule,
1307,395,8,7,reject,rule,
1307,599,6,5,reject,rule,
1307,704,8,5,reject,rule,
1307,730,8,7,reject,rule,
1307,766,8,7,reject,rule,
1307,769,6,7,reject,rule,
1307,802,6,7,reject,rule,
1307,805,8,7,reject,rule,
1307,828,8,6,reject,rule,
1307,840,8,6,reject,rule,
1307,850,8,7,reject,rule,
1307,868,8,5,reject,rule,
1307,881,6,6,reject,rule,
1307,893,8,6,reject,rule,
1307,90,8,6,reject,rule,
1307,904,8,7,reject,rule,
1307,926,6,11,reject,rule,
1307,936,8,6,reject,rule,
1307,938,4,6,reject,rule,
1307,974,6,6,reject,rule,
1307,im0189,8,6,reject,rule,
1308,1383,8,6,reject,rule,
1308,1468,8,6,reject,rule,
1308,287,8,7,reject,rule,
1308,598,8,5,reject,rule,
1308,692,6,6,reject,rule,
1308,997,8,5,reject,rule,
1309,1332,8,5,reject,rule,
1309,1373,8,6,reject,rule,
1309,1382,8,6,reject,rule,
1309,1386,8,6,reject,rule,
1309,1402,8,5,reject,rule,
1309,1413,8,7,reject,rule,
1309,1449,8,8,reject,rule,
1309,1450,6,7,reject,rule,
1309,1457,8,7,reject,rule,
1309,1467,8,5,reject,rule,
1309,1476,6,5,reject,rule,
1309,1481,8,8,reject,rule,
1309,171,8,5,reject,rule,
1309,252,8,5,reject,rule,
1309,319,8,6,reject,rule,
1309,356,8,6,reject,rule,
1309,363,8,6,reject,rule,
1309,397,8,4,reject,rule,
1309,591,8,6,reject,rule,
1309,605,8,5,reject,rule,
1309,626,6,7,reject,rule,
1309,654,8,6,reject,rule,
1309,674,8,7,reject,rule,
1309,787,8,6,reject,rule,
1309,817,8,5,reject,rule,
1309,822,8,5,reject,rule,
1309,827,8,6,reject,rule,
1309,831,6,5,reject,rule,
1309,939,8,5,reject,rule,
1309,942,8,7,reject,rule,
131,153,8,7,reject,rule,
131,375,8,7,reject,rule,
131,550,8,6,reject,rule,
131,618,8,6,reject,rule,
1310,1332,8,5,reject,rule,
1310,1340,8,7,reject,rule,
1310,1393,8,5,reject,rule,
1310,1395,8,9,reject,rule,
1310,1402,8,6,reject,rule,
1310,1413,8,5,reject,rule,
1310,1450,8,7,reject,rule,
1310,252,8,7,reject,rule,
1310,295,8,6,reject,rule,
1310,356,6,8,reject,rule,
1310,674,8,7,reject,rule,
1310,787,8,7,reject,rule,
1310,831,4,6,reject,rule,
1310,85,8,6,reject,rule,
1312,1327,8,8,reject,rule,
1312,1329,8,5,reject,rule,
1312,1333,4,8,reject,rule,
1312,1394,8,6,reject,rule,
1312,1408,8,6,reject,rule,
1312,1451,8,7,reject,rule,
1312,1466,8,5,reject,rule,
1312,1485,8,5,reject,rule,
1312,1558,8,11,reject,rule,
1312,195,8,5,reject,rule,
1312,318,8,7,reject,rule,
1312,346,6,7,reject,rule,
1312,351,6,5,reject,rule,
1312,560,6,6,reject,rule,
1312,563,8,6,reject,rule,
1312,581,6,6,reject,rule,
1312,590,6,7,reject,rule,
1312,599,8,5,reject,rule,
1312,624,8,6,reject,rule,
1312,730,8,6,reject,rule,
1312,765,6,5,reject,rule,
1312,766,6,6,reject,rule,
1312,802,8,6,reject,rule,
1312,805,6,6,reject,rule,
1312,840,8,6,reject,rule,
1312,850,6,5,reject,rule,
1312,893,4,5,reject,rule,
1312,90,6,5,reject,rule,
1312,908,8,7,reject,rule,
1312,926,6,7,reject,rule,
1312,936,6,5,reject,rule,
1312,938,6,13,reject,rule,
1314,1385,6,7,reject,rule,
1314,1431,8,5,reject,rule,
1314,290,8,6,reject,rule,
1314,823,8,5,reject,rule,
1316,1454,8,5,reject,rule,
1316,331,8,7,reject,rule,
1318,1325,8,6,reject,rule,
1318,1332,6,5,reject,rule,
1318,1369,8,6,reject,rule,
1318,1375,8,5,reject,rule,
1318,1415,8,7,reject,rule,
1318,1449,8,6,reject,rule,
1318,1450,8,7,reject,rule,
1318,171,8,7,reject,rule,
1318,255,8,6,reject,rule,
1318,626,8,9,reject,rule,
1318,701,8,7,reject,rule,
1318,703,8,6,reject,rule,
1318,793,8,6,reject,rule,
1318,816,6,5,reject,rule,
1318,852,8,7,reject,rule,
1318,872,8,6,reject,rule,
1318,900,8,6,reject,rule,
1318,969,6,6,reject,rule,
1318,988,8,8,reject,rule,
1319,148,6,6,reject,rule,
1319,166,8,6,reject,rule,
1319,234,8,6,reject,rule,
1319,390,8,5,reject,rule,
1319,492,8,5,reject,rule,
1319,614,8,5,reject,rule,
1319,75,8,6,reject,rule,
132,1330,8,5,reject,rule,
132,139,6,6,reject,rule,
132,145,6,6,reject,rule,
132,167,6,6,reject,rule,
132,170,8,7,reject,rule,
132,177,8,6,reject,rule,
132,1798,8,5,reject,rule,
132,202,8,6,reject,rule,
132,321,6,6,reject,rule,
132,548,8,6,reject,rule,
1320,1329,8,5,reject,rule,
1320,269,8,5,reject,rule,
1320,616,8,5,reject,rule,
1320,675,8,6,reject,rule,
1322,1365,8,8,reject,rule,
1322,1379,6,6,reject,rule,
1322,1384,8,6,reject,rule,
1322,1399,6,5,reject,rule,
1322,144,8,6,reject,rule,
1322,1448,8,6,reject,rule,
1322,270,8,7,reject,rule,
1322,279,8,6,reject,rule,
1322,285,8,6,reject,rule,
1322,344,6,7,reject,rule,
1322,371,8,6,reject,rule,
1322,578,8,9,reject,rule,
1322,586,8,8,reject,rule,
1322,647,8,5,reject,rule,
1322,684,8,7,reject,rule,
1322,693,4,6,reject,rule,
1322,695,6,6,reject,rule,
1322,705,8,6,reject,rule,
1322,779,8,6,reject,rule,
1322,839,6,6,reject,rule,
1324,1333,6,5,reject,rule,
1324,1392,8,6,reject,rule,
1324,1404,8,5,reject,rule,
1324,1436,8,6,reject,rule,
1324,1451,6,6,reject,rule,
1324,1468,8,6,reject,rule,
1324,195,8,6,reject,rule,
1324,325,6,6,reject,rule,
1324,346,6,5,reject,rule,
1324,361,6,6,reject,rule,
1324,560,8,6,reject,rule,
1324,596,8,5,reject,rule,
1324,598,2,5,reject,rule,
1324,624,6,5,reject,rule,
1324,677,8,6,reject,rule,
1324,683,8,6,reject,rule,
1324,765,6,5,reject,rule,
1324,805,8,5,reject,rule,
1324,854,6,6,reject,rule,
1324,889,8,5,reject,rule,
1324,908,8,6,reject,rule,
1324,934,8,5,reject,rule,
1324,980,8,5,reject,rule,
1325,1332,8,5,reject,rule,
1325,1335,8,6,reject,rule,
1325,1340,8,9,reject,rule,
1325,196,8,6,reject,rule,
1325,255,8,5,reject,rule,
1325,285,6,10,reject,rule,
1325,295,8,5,reject,rule,
1325,319,8,5,reject,rule,
1325,562,8,5,reject,rule,
1325,604,8,7,reject,rule,
1325,693,6,6,reject,rule,
1325,701,8,6,reject,rule,
1325,703,8,5,reject,rule,
1325,711,8,7,reject,rule,
1325,816,8,5,reject,rule,
1325,835,8,6,reject,rule,
1325,941,6,6,reject,rule,
1325,949,8,5,reject,rule,
1325,969,8,6,reject,rule,
1325,975,8,6,reject,rule,
1325,983,8,6,reject,rule,
1326,553,8,7,reject,rule,
1326,572,8,5,reject,rule,
1326,653,6,6,reject,rule,
1327,1333,8,7,reject,rule,
1327,1451,8,10,reject,rule,
1327,1637,8,6,reject,rule,
1327,195,8,6,reject,rule,
1327,219,8,6,reject,rule,
1327,320,8,6,reject,rule,
1327,351,8,8,reject,rule,
1327,367,8,5,reject,rule,
1327,560,4,8,reject,rule,
1327,581,4,6,reject,rule,
1327,585,8,8,reject,rule,
1327,590,8,5,reject,rule,
1327,624,6,5,reject,rule,
1327,658,8,10,reject,rule,
1327,685,8,5,reject,rule,
1327,690,8,6,reject,rule,
1327,730,8,6,reject,rule,
1327,765,8,6,reject,rule,
1329,1333,8,6,reject,rule,
1329,1380,8,7,reject,rule,
1329,1394,4,6,reject,rule,
1329,1404,8,6,reject,rule,
1329,1412,8,6,reject,rule,
1329,1417,8,6,reject,rule,
1329,1451,8,7,reject,rule,
1329,1464,8,6,reject,rule,
1329,1466,8,6,reject,rule,
1329,195,8,5,reject,rule,
1329,253,8,6,reject,rule,
1329,257,8,6,reject,rule,
1329,277,8,5,reject,rule,
1329,318,8,5,reject,rule,
1329,351,8,5,reject,rule,
1329,421,8,5,reject,rule,
1329,560,8,5,reject,rule,
1329,563,8,5,reject,rule,
1329,616,8,6,reject,rule,
1329,704,8,5,reject,rule,
1329,706,8,5,reject,rule,
1329,765,8,6,reject,rule,
1329,776,6,5,reject,rule,
1329,828,8,6,reject,rule,
1329,850,8,5,reject,rule,
1329,893,8,6,reject,rule,
1329,90,6,5,reject,rule,
1329,936,6,6,reject,rule,
1329,956,8,5,reject,rule,
1330,139,6,6,reject,rule,
1330,1610,8,8,reject,rule,
1330,1662,8,6,reject,rule,
1330,167,8,6,reject,rule,
1330,170,8,7,reject,rule,
1330,202,6,4,reject,rule,
1330,548,8,6,reject,rule,
1330,633,6,6,reject,rule,
1330,68,8,6,reject,rule,
1332,1340,8,5,reject,rule,
1332,1382,6,9,reject,rule,
1332,1393,6,5,reject,rule,
1332,1399,8,5,reject,rule,
1332,1409,8,5,reject,rule,
1332,1415,8,5,reject,rule,
1332,1437,8,7,reject,rule,
1332,1450,6,6,reject,rule,
1332,1457,8,6,reject,rule,
1332,171,8,6,reject,rule,
1332,252,8,6,reject,rule,
1332,255,8,6,reject,rule,
1332,319,8,7,reject,rule,
1332,350,8,5,reject,rule,
1332,356,8,5,reject,rule,
1332,363,8,5,reject,rule,
1332,371,8,6,reject,rule,
1332,562,8,5,reject,rule,
1332,582,8,5,reject,rule,
1332,586,8,7,reject,rule,
1332,604,6,6,reject,rule,
1332,626,8,9,reject,rule,
1332,695,8,5,reject,rule,
1332,701,8,6,reject,rule,
1332,703,8,5,reject,rule,
1332,787,8,5,reject,rule,
1332,816,8,5,reject,rule,
1332,817,6,6,reject,rule,
1332,831,8,9,reject,rule,
1332,969,8,6,reject,rule,
1332,975,8,8,reject,rule,
1333,1392,6,7,reject,rule,
1333,1394,8,6,reject,rule,
1333,1404,8,6,reject,rule,
1333,1408,6,5,reject,rule,
1333,1451,4,6,reject,rule,
1333,1558,8,11,reject,rule,
1333,1900,8,5,reject,rule,
1333,195,8,5,reject,rule,
1333,320,8,7,reject,rule,
1333,336,8,6,reject,rule,
1333,346,6,6,reject,rule,
1333,351,8,6,reject,rule,
1333,361,8,5,reject,rule,
1333,560,6,6,reject,rule,
1333,563,8,7,reject,rule,
1333,581,6,6,reject,rule,
1333,590,6,6,reject,rule,
1333,598,8,6,reject,rule,
1333,624,4,5,reject,rule,
1333,658,8,7,reject,rule,
1333,677,8,5,reject,rule,
1333,685,8,7,reject,rule,
1333,730,6,5,reject,rule,
1333,765,6,9,reject,rule,
1333,805,6,8,reject,rule,
1333,840,8,6,reject,rule,
1333,850,8,9,reject,rule,
1333,889,8,6,reject,rule,
1333,893,6,7,reject,rule,
1333,90,8,5,reject,rule,
1333,908,4,7,reject,rule,
1333,926,4,5,reject,rule,
1333,936,8,6,reject,rule,
1333,940,8,6,reject,rule,
1334,134,8,6,reject,rule,
1334,153,6,7,reject,rule,
1334,16,6,6,reject,rule,
1334,1751,8,5,reject,rule,
1334,1812,4,6,reject,rule,
1334,1823,8,6,reject,rule,
1334,467,8,6,reject,rule,
1334,51,8,7,reject,rule,
1334,550,8,7,reject,rule,
1334,67,6,6,reject,rule,
1334,844,6,4,reject,rule,
1335,1478,8,5,reject,rule,
1335,196,4,5,reject,rule,
1335,285,8,7,reject,rule,
1335,711,8,5,reject,rule,
1335,800,6,4,reject,rule,
1335,903,8,6,reject,rule,
1335,983,8,6,reject,rule,
1336,1431,6,5,reject,rule,
1336,268,8,5,reject,rule,
1336,278,6,5,reject,rule,
1336,287,8,5,reject,rule,
1336,557,6,6,reject,rule,
1336,725,8,6,reject,rule,
1336,743,8,6,reject,rule,
1336,818,8,5,reject,rule,
1337,1376,8,8,reject,rule,
1337,1396,8,279,confirm,rule,
1337,1412,8,6,reject,rule,
1337,1417,8,6,reject,rule,
1337,195,8,6,reject,rule,
1337,248,8,7,reject,rule,
1337,257,8,5,reject,rule,
1337,265,6,5,reject,rule,
1337,277,8,7,reject,rule,
1337,294,8,5,reject,rule,
1337,313,8,6,reject,rule,
1337,318,8,6,reject,rule,
1337,367,8,6,reject,rule,
1337,380,8,5,reject,rule,
1337,560,8,5,reject,rule,
1337,579,8,5,reject,rule,
1337,584,8,5,reject,rule,
1337,599,8,5,reject,rule,
1337,618,8,6,reject,rule,
1337,658,8,6,reject,rule,
1337,673,6,6,reject,rule,
1337,685,8,5,reject,rule,
1337,690,6,5,reject,rule,
1337,743,8,8,reject,rule,
1337,765,8,6,reject,rule,
1337,776,8,12,reject,rule,
1337,798,8,6,reject,rule,
1337,828,8,7,reject,rule,
1337,956,8,6,reject,rule,
134,1751,8,6,reject,rule,
134,1834,8,6,reject,rule,
134,22,8,6,reject,rule,
134,469,6,6,reject,rule,
134,529,8,5,reject,rule,
134,67,8,6,reject,rule,
134,844,8,7,reject,rule,
1340,1450,4,7,reject,rule,
1340,231,8,6,reject,rule,
1340,252,8,6,reject,rule,
1340,255,6,5,reject,rule,
1340,280,8,8,reject,rule,
1340,295,6,5,reject,rule,
1340,319,6,6,reject,rule,
1340,328,8,6,reject,rule,
1340,337,6,6,reject,rule,
1340,347,6,6,reject,rule,
1340,356,6,6,reject,rule,
1340,582,8,5,reject,rule,
1340,604,8,5,reject,rule,
1340,614,6,5,reject,rule,
1340,615,8,5,reject,rule,
1340,626,8,6,reject,rule,
1340,674,4,5,reject,rule,
1340,787,4,5,reject,rule,
1340,831,8,7,reject,rule,
1340,888,8,5,reject,rule,
1340,941,8,6,reject,rule,
1340,975,8,7,reject,rule,
1347,170,8,6,reject,rule,
1347,39,8,5,reject,rule,
1347,390,6,7,reject,rule,
1347,492,8,6,reject,rule,
1348,206,6,5,reject,rule,
1348,269,8,7,reject,rule,
1348,304,8,5,reject,rule,
1348,317,4,8,reject,rule,
1348,584,8,6,reject,rule,
1348,651,8,7,reject,rule,
1348,675,6,6,reject,rule,
1348,680,6,7,reject,rule,
1348,944,8,8,reject,rule,
1349,1395,8,6,reject,rule,
1349,1457,8,5,reject,rule,
1349,835,8,6,reject,rule,
135,182,8,6,reject,rule,
135,33,8,5,reject,rule,
1350,219,8,6,reject,rule,
1351,1352,4,6,reject,rule,
1351,1753,6,5,reject,rule,
1351,45,6,6,reject,rule,
1351,im0030,8,6,reject,rule,
1351,im0216,8,6,reject,rule,
1352,1474,8,6,reject,rule,
1352,1753,8,7,reject,rule,
1352,876,8,6,reject,rule,
1355,1478,8,5,reject,rule,
1355,969,8,7,reject,rule,
1356,320,8,5,reject,rule,
1356,581,8,7,reject,rule,
1356,im0032,8,6,reject,rule,
1362,1372,8,5,reject,rule,
1362,1376,6,6,reject,rule,
1362,1381,8,5,reject,rule,
1362,1394,8,6,reject,rule,
1362,1404,6,8,reject,rule,
1362,217,6,6,reject,rule,
1362,253,6,7,reject,rule,
1362,268,8,7,reject,rule,
1362,563,8,5,reject,rule,
1362,658,8,6,reject,rule,
1362,685,8,5,reject,rule,
1362,704,8,5,reject,rule,
1362,706,8,6,reject,rule,
1362,743,8,6,reject,rule,
1362,798,6,7,reject,rule,
1362,868,8,7,reject,rule,
1362,889,8,6,reject,rule,
1362,956,8,5,reject,rule,
1364,1380,4,8,reject,rule,
1364,1381,8,7,reject,rule,
1364,1392,8,6,reject,rule,
1364,1394,6,5,reject,rule,
1364,1404,8,6,reject,rule,
1364,1412,8,7,reject,rule,
1364,1466,8,6,reject,rule,
1364,1468,6,6,reject,rule,
1364,343,8,5,reject,rule,
1364,367,8,5,reject,rule,
1364,375,8,7,reject,rule,
1364,563,8,5,reject,rule,
1364,579,8,7,reject,rule,
1364,677,8,6,reject,rule,
1364,687,6,6,reject,rule,
1364,690,8,7,reject,rule,
1364,704,6,6,reject,rule,
1364,706,6,6,reject,rule,
1364,707,6,6,reject,rule,
1364,723,8,5,reject,rule,
1364,735,8,6,reject,rule,
1364,743,6,6,reject,rule,
1364,776,8,6,reject,rule,
1364,798,8,6,reject,rule,
1364,840,8,8,reject,rule,
1364,889,8,5,reject,rule,
1364,908,8,5,reject,rule,
1364,936,6,6,reject,rule,
1364,940,8,6,reject,rule,
1364,956,6,8,reject,rule,
1365,1384,8,7,reject,rule,
1365,693,8,7,reject,rule,
1365,839,8,5,reject,rule,
1368,1449,8,7,reject,rule,
1368,703,8,7,reject,rule,
1368,793,8,6,reject,rule,
1368,816,8,5,reject,rule,
1368,841,8,6,reject,rule,
1368,900,8,7,reject,rule,
1368,928,8,6,reject,rule,
1369,1375,8,6,reject,rule,
1369,1409,8,6,reject,rule,
1369,1437,8,6,reject,rule,
1369,1449,4,7,reject,rule,
1369,1603,8,7,reject,rule,
1369,1623,8,7,reject,rule,
1369,1667,8,7,reject,rule,
1369,1708,8,6,reject,rule,
1369,171,4,6,reject,rule,
1369,258,8,7,reject,rule,
1369,270,8,9,reject,rule,
1369,305,8,6,reject,rule,
1369,402,8,9,reject,rule,
1369,591,4,7,reject,rule,
1369,595,8,6,reject,rule,
1369,604,8,5,reject,rule,
1369,625,8,6,reject,rule,
1369,66,6,11,reject,rule,
1369,703,8,7,reject,rule,
1369,724,8,6,reject,rule,
1369,816,6,6,reject,rule,
1369,85,6,7,reject,rule,
1369,900,4,5,reject,rule,
1369,969,4,7,reject,rule,
1369,973,6,7,reject,rule,
1369,988,4,7,reject,rule,
1370,1388,8,6,reject,rule,
1370,1394,8,8,reject,rule,
1370,1401,8,6,reject,rule,
1370,1404,8,7,reject,rule,
1370,1408,4,9,reject,rule,
1370,1451,8,6,reject,rule,
1370,1464,8,6,reject,rule,
1370,1466,4,6,reject,rule,
1370,1482,4,6,reject,rule,
1370,1485,6,8,reject,rule,
1370,1518,6,5,reject,rule,
1370,1643,6,6,reject,rule,
1370,1668,8,5,reject,rule,
1370,1905,8,7,reject,rule,
1370,253,8,6,reject,rule,
1370,318,6,6,reject,rule,
1370,351,8,8,reject,rule,
1370,367,6,5,reject,rule,
1370,395,8,6,reject,rule,
1370,443,8,5,reject,rule,
1370,599,4,7,reject,rule,
1370,658,8,6,reject,rule,
1370,673,8,9,reject,rule,
1370,685,8,5,reject,rule,
1370,704,8,6,reject,rule,
1370,730,8,6,reject,rule,
1370,769,8,6,reject,rule,
1370,802,8,7,reject,rule,
1370,805,8,13,reject,rule,
1370,881,8,6,reject,rule,
1370,90,6,6,reject,rule,
1370,926,6,5,reject,rule,
1370,938,6,6,reject,rule,
1370,974,8,7,reject,rule,
1372,1376,6,6,reject,rule,
1372,1394,8,6,reject,rule,
1372,1396,8,9,reject,rule,
1372,1404,8,6,reject,rule,
1372,1412,6,7,reject,rule,
1372,217,8,9,reject,rule,
1372,248,4,6,reject,rule,
1372,253,6,6,reject,rule,
1372,257,8,8,reject,rule,
1372,265,8,5,reject,rule,
1372,658,8,6,reject,rule,
1372,673,8,8,reject,rule,
1372,685,8,4,reject,rule,
1372,769,4,6,reject,rule,
1372,776,8,6,reject,rule,
1372,795,8,6,reject,rule,
1372,798,6,8,reject,rule,
1372,828,8,5,reject,rule,
1372,908,8,7,reject,rule,
1372,956,8,6,reject,rule,
1372,im0189,8,7,reject,rule,
1373,1382,8,6,reject,rule,
1373,1413,6,5,reject,rule,
1373,252,6,6,reject,rule,
1373,270,8,6,reject,rule,
1373,274,8,8,reject,rule,
1373,586,8,6,reject,rule,
1373,591,8,6,reject,rule,
1373,604,8,8,reject,rule,
1373,718,8,6,reject,rule,
1373,939,8,8,reject,rule,
1374,159,8,7,reject,rule,
1374,227,8,7,reject,rule,
1374,999,8,6,reject,rule,
1375,1449,8,5,reject,rule,
1375,1681,8,6,reject,rule,
1375,1708,8,5,reject,rule,
1375,816,8,6,reject,rule,
1375,900,6,7,reject,rule,
1375,969,6,6,reject,rule,
1375,988,8,6,reject,rule,
1376,1388,8,5,reject,rule,
1376,1392,8,5,reject,rule,
1376,1394,8,6,reject,rule,
1376,1404,8,5,reject,rule,
1376,217,8,7,reject,rule,
1376,233,8,5,reject,rule,
1376,248,6,6,reject,rule,
1376,253,6,6,reject,rule,
1376,257,8,6,reject,rule,
1376,265,8,5,reject,rule,
1376,277,8,5,reject,rule,
1376,294,8,6,reject,rule,
1376,320,8,6,reject,rule,
1376,336,8,6,reject,rule,
1376,563,6,5,reject,rule,
1376,658,6,6,reject,rule,
1376,673,8,5,reject,rule,
1376,680,8,5,reject,rule,
1376,685,6,5,reject,rule,
1376,690,8,6,reject,rule,
1376,769,6,6,reject,rule,
1376,776,8,6,reject,rule,
1376,798,4,5,reject,rule,
1376,828,8,6,reject,rule,
1376,868,8,6,reject,rule,
1376,889,8,7,reject,rule,
1376,908,6,5,reject,rule,
1376,940,8,6,reject,rule,
1376,956,6,5,reject,rule,
1377,1584,8,7,reject,rule,
1377,1913,8,6,reject,rule,
1379,1399,8,5,reject,rule,
1379,144,8,6,reject,rule,
1379,1486,8,6,reject,rule,
1379,578,8,8,reject,rule,
1379,684,8,6,reject,rule,
1379,693,4,6,reject,rule,
1379,695,8,5,reject,rule,
1379,779,8,7,reject,rule,
1379,839,6,7,reject,rule,
138,202,8,5,reject,rule,
138,59,8,6,reject,rule,
1380,1388,8,7,reject,rule,
1380,1392,6,5,reject,rule,
1380,1394,6,7,reject,rule,
1380,1404,8,7,reject,rule,
1380,1412,8,8,reject,rule,
1380,1420,8,7,reject,rule,
1380,1431,8,5,reject,rule,
1380,1464,8,6,reject,rule,
1380,1466,8,5,reject,rule,
1380,1468,8,7,reject,rule,
1380,195,8,5,reject,rule,
1380,277,8,6,reject,rule,
1380,278,8,6,reject,rule,
1380,284,8,6,reject,rule,
1380,351,8,6,reject,rule,
1380,367,8,5,reject,rule,
1380,560,6,7,reject,rule,
1380,563,6,6,reject,rule,
1380,579,6,6,reject,rule,
1380,581,8,8,reject,rule,
1380,584,8,7,reject,rule,
1380,585,8,8,reject,rule,
1380,616,8,7,reject,rule,
1380,624,8,6,reject,rule,
1380,658,8,6,reject,rule,
1380,683,8,6,reject,rule,
1380,685,8,5,reject,rule,
1380,687,8,9,reject,rule,
1380,690,6,8,reject,rule,
1380,704,6,6,reject,rule,
1380,706,4,5,reject,rule,
1380,723,8,6,reject,rule,
1380,735,8,9,reject,rule,
1380,743,6,9,reject,rule,
1380,765,8,6,reject,rule,
1380,766,8,6,reject,rule,
1380,776,6,6,reject,rule,
1380,792,6,7,reject,rule,
1380,795,8,6,reject,rule,
1380,798,6,7,reject,rule,
1380,840,8,8,reject,rule,
1380,850,8,6,reject,rule,
1380,889,8,5,reject,rule,
1380,934,8,7,reject,rule,
1380,936,4,6,reject,rule,
1380,940,6,6,reject,rule,
1380,956,4,6,reject,rule,
1381,367,8,5,reject,rule,
1381,683,6,6,reject,rule,
1381,704,8,7,reject,rule,
1381,706,8,6,reject,rule,
1381,743,6,6,reject,rule,
1381,766,8,6,reject,rule,
1381,802,8,5,reject,rule,
1381,840,8,7,reject,rule,
1382,1450,6,9,reject,rule,
1382,1457,6,8,reject,rule,
1382,187,8,8,reject,rule,
1382,252,6,6,reject,rule,
1382,255,6,7,reject,rule,
1382,288,8,6,reject,rule,
1382,295,8,5,reject,rule,
1382,319,8,7,reject,rule,
1382,337,8,6,reject,rule,
1382,356,8,6,reject,rule,
1382,363,8,5,reject,rule,
1382,582,8,5,reject,rule,
1382,604,8,7,reject,rule,
1382,742,8,5,reject,rule,
1382,787,8,5,reject,rule,
1382,827,8,6,reject,rule,
1382,883,8,6,reject,rule,
1382,895,8,6,reject,rule,
1382,939,8,7,reject,rule,
1382,941,6,10,reject,rule,
1382,975,8,7,reject,rule,
1383,178,8,6,reject,rule,
1383,692,8,6,reject,rule,
1384,246,8,5,reject,rule,
1384,252,8,7,reject,rule,
1384,264,8,6,reject,rule,
1384,295,8,7,reject,rule,
1384,742,8,5,reject,rule,
1384,81,6,6,reject,rule,
1384,941,8,5,reject,rule,
1385,579,6,6,reject,rule,
1386,822,6,5,reject,rule,
1386,827,8,6,reject,rule,
1387,414,8,5,reject,rule,
1388,1394,8,7,reject,rule,
1388,1466,8,5,reject,rule,
1388,265,8,5,reject,rule,
1388,367,6,8,reject,rule,
1388,560,8,8,reject,rule,
1388,563,8,7,reject,rule,
1388,581,8,6,reject,rule,
1388,599,8,6,reject,rule,
1388,658,8,7,reject,rule,
1388,685,8,5,reject,rule,
1388,704,8,6,reject,rule,
1388,706,8,6,reject,rule,
1388,730,8,5,reject,rule,
1388,765,8,6,reject,rule,
1388,769,8,6,reject,rule,
1388,798,8,8,reject,rule,
1388,840,8,6,reject,rule,
1388,893,8,7,reject,rule,
1388,896,8,6,reject,rule,
1388,908,8,7,reject,rule,
1388,938,8,5,reject,rule,
1388,956,8,6,reject,rule,
139,1418,8,6,reject,rule,
139,167,6,6,reject,rule,
139,170,8,6,reject,rule,
139,177,8,6,reject,rule,
139,182,8,7,reject,rule,
139,202,2,6,reject,rule,
139,527,8,7,reject,rule,
139,548,8,5,reject,rule,
139,633,8,6,reject,rule,
139,68,8,7,reject,rule,
139,88,6,6,reject,rule,
1392,1394,8,6,reject,rule,
1392,1404,8,5,reject,rule,
1392,1451,8,6,reject,rule,
1392,1468,8,6,reject,rule,
1392,296,8,6,reject,rule,
1392,320,8,6,reject,rule,
1392,336,8,6,reject,rule,
1392,560,8,5,reject,rule,
1392,563,6,6,reject,rule,
1392,581,8,5,reject,rule,
1392,624,6,6,reject,rule,
1392,658,8,7,reject,rule,
1392,677,8,6,reject,rule,
1392,685,8,5,reject,rule,
1392,687,8,6,reject,rule,
1392,706,8,6,reject,rule,
1392,798,8,6,reject,rule,
1392,805,8,5,reject,rule,
1392,889,6,6,reject,rule,
1392,908,6,6,reject,rule,
1392,940,6,5,reject,rule,
1392,956,8,7,reject,rule,
1393,1399,8,7,reject,rule,
1393,1413,8,6,reject,rule,
1393,1450,8,11,reject,rule,
1393,831,8,6,reject,rule,
1393,888,8,6,reject,rule,
1394,1401,8,7,reject,rule,
1394,1404,4,6,reject,rule,
1394,1412,6,5,reject,rule,
1394,1417,6,6,reject,rule,
1394,1451,6,7,reject,rule,
1394,1464,6,9,reject,rule,
1394,1466,4,6,reject,rule,
1394,1482,6,6,reject,rule,
1394,1485,8,6,reject,rule,
1394,195,6,6,reject,rule,
1394,253,6,7,reject,rule,
1394,257,6,6,reject,rule,
1394,277,6,6,reject,rule,
1394,284,8,8,reject,rule,
1394,294,8,5,reject,rule,
1394,318,4,6,reject,rule,
1394,346,6,6,reject,rule,
1394,351,6,5,reject,rule,
1394,367,6,8,reject,rule,
1394,395,8,5,reject,rule,
1394,560,6,8,reject,rule,
1394,563,6,6,reject,rule,
1394,581,8,6,reject,rule,
1394,584,8,7,reject,rule,
1394,599,6,6,reject,rule,
1394,616,6,6,reject,rule,
1394,624,8,6,reject,rule,
1394,658,6,7,reject,rule,
1394,685,6,9,reject,rule,
1394,687,8,6,reject,rule,
1394,690,6,6,reject,rule,
1394,704,4,7,reject,rule,
1394,706,6,5,reject,rule,
1394,707,8,5,reject,rule,
1394,735,6,5,reject,rule,
1394,743,8,5,reject,rule,
1394,765,6,6,reject,rule,
1394,766,8,5,reject,rule,
1394,769,8,6,reject,rule,
1394,776,6,6,reject,rule,
1394,798,6,6,reject,rule,
1394,802,8,8,reject,rule,
1394,805,6,11,reject,rule,
1394,828,6,5,reject,rule,
1394,840,8,7,reject,rule,
1394,850,8,5,reject,rule,
1394,889,8,6,reject,rule,
1394,90,8,5,reject,rule,
1394,908,6,5,reject,rule,
1394,936,6,6,reject,rule,
1394,938,6,6,reject,rule,
1394,940,8,6,reject,rule,
1394,956,4,6,reject,rule,
1395,1419,8,5,reject,rule,
1395,645,8,5,reject,rule,
1395,831,8,6,reject,rule,
1396,1668,8,7,reject,rule,
1396,1905,8,8,reject,rule,
1396,209,8,6,reject,rule,
1396,248,6,8,reject,rule,
1396,265,6,6,reject,rule,
1396,590,8,6,reject,rule,
1396,599,8,5,reject,rule,
1396,673,4,8,reject,rule,
1396,730,8,5,reject,rule,
1396,769,6,7,reject,rule,
1396,881,8,8,reject,rule,
1396,974,8,5,reject,rule,
1397,1431,8,4,reject,rule,
1398,1431,8,5,reject,rule,
1398,313,8,6,reject,rule,
1398,380,6,6,reject,rule,
1398,798,8,6,reject,rule,
1399,1667,8,6,reject,rule,
1399,1755,8,6,reject,rule,
1399,279,6,6,reject,rule,
1399,539,8,6,reject,rule,
1399,586,8,6,reject,rule,
1399,693,8,8,reject,rule,
1399,695,8,5,reject,rule,
1399,839,8,9,reject,rule,
14,154,8,6,reject,rule,
14,28,8,8,reject,rule,
1400,153,8,8,reject,rule,
1400,1767,6,6,reject,rule,
1400,233,8,7,reject,rule,
1400,858,8,6,reject,rule,
1400,940,8,6,reject,rule,
1401,1412,8,6,reject,rule,
1401,1464,6,6,reject,rule,
1401,1466,6,6,reject,rule,
1401,1482,6,8,reject,rule,
1401,1485,8,7,reject,rule,
1401,1643,6,7,reject,rule,
1401,189,4,7,reject,rule,
1401,318,8,7,reject,rule,
1401,351,8,6,reject,rule,
1401,367,8,7,reject,rule,
1401,599,6,6,reject,rule,
1401,704,8,6,reject,rule,
1401,735,8,6,reject,rule,
1401,766,6,7,reject,rule,
1401,802,4,6,reject,rule,
1401,840,8,6,reject,rule,
1401,896,8,6,reject,rule,
1401,91,8,6,reject,rule,
1401,938,4,6,reject,rule,
1401,974,8,6,reject,rule,
1401,im0189,8,5,reject,rule,
1402,1410,8,5,reject,rule,
1402,1449,6,7,reject,rule,
1402,1450,8,5,reject,rule,
1402,1457,4,5,reject,rule,
1402,1467,8,6,reject,rule,
1402,171,6,5,reject,rule,
1402,356,8,6,reject,rule,
1402,591,8,6,reject,rule,
1402,669,8,6,reject,rule,
1402,816,8,5,reject,rule,
1402,831,6,6,reject,rule,
1402,85,8,6,reject,rule,
1402,939,8,6,reject,rule,
1403,1554,8,5,reject,rule,
1404,1408,8,6,reject,rule,
1404,1412,8,5,reject,rule,
1404,1417,6,6,reject,rule,
1404,1451,6,6,reject,rule,
1404,1464,8,6,reject,rule,
1404,1466,8,6,reject,rule,
1404,1482,6,7,reject,rule,
1404,1485,6,8,reject,rule,
1404,189,8,7,reject,rule,
1404,195,6,6,reject,rule,
1404,215,6,5,reject,rule,
1404,239,8,6,reject,rule,
1404,248,8,5,reject,rule,
1404,253,6,7,reject,rule,
1404,257,6,6,reject,rule,
1404,277,8,8,reject,rule,
1404,284,6,7,reject,rule,
1404,294,6,5,reject,rule,
1404,318,4,5,reject,rule,
1404,346,6,6,reject,rule,
1404,351,8,6,reject,rule,
1404,367,8,6,reject,rule,
1404,443,8,6,reject,rule,
1404,557,8,6,reject,rule,
1404,560,8,6,reject,rule,
1404,563,6,7,reject,rule,
1404,579,8,6,reject,rule,
1404,596,8,7,reject,rule,
1404,598,8,6,reject,rule,
1404,599,6,6,reject,rule,
1404,616,8,5,reject,rule,
1404,624,8,6,reject,rule,
1404,658,4,5,reject,rule,
1404,673,8,6,reject,rule,
1404,677,6,6,reject,rule,
1404,685,4,7,reject,rule,
1404,687,8,6,reject,rule,
1404,690,8,6,reject,rule,
1404,704,2,6,reject,rule,
1404,706,8,6,reject,rule,
1404,735,6,7,reject,rule,
1404,743,8,6,reject,rule,
1404,765,6,6,reject,rule,
1404,766,8,6,reject,rule,
1404,769,8,9,reject,rule,
1404,776,8,7,reject,rule,
1404,786,8,6,reject,rule,
1404,798,6,8,reject,rule,
1404,802,8,7,reject,rule,
1404,805,4,7,reject,rule,
1404,828,8,5,reject,rule,
1404,850,8,6,reject,rule,
1404,868,8,6,reject,rule,
1404,889,4,5,reject,rule,
1404,904,6,7,reject,rule,
1404,908,4,6,reject,rule,
1404,926,8,6,reject,rule,
1404,938,6,7,reject,rule,
1404,956,8,6,reject,rule,
1408,1451,4,8,reject,rule,
1408,1464,8,6,reject,rule,
1408,1466,6,5,reject,rule,
1408,1482,6,7,reject,rule,
1408,1485,6,5,reject,rule,
1408,1518,8,6,reject,rule,
1408,1624,8,7,reject,rule,
1408,1643,6,8,reject,rule,
1408,1703,8,6,reject,rule,
1408,1905,8,7,reject,rule,
1408,195,8,6,reject,rule,
1408,215,8,6,reject,rule,
1408,284,8,7,reject,rule,
1408,318,6,7,reject,rule,
1408,351,6,5,reject,rule,
1408,367,8,6,reject,rule,
1408,443,6,6,reject,rule,
1408,560,8,6,reject,rule,
1408,590,8,7,reject,rule,
1408,599,4,7,reject,rule,
1408,616,8,7,reject,rule,
1408,624,6,5,reject,rule,
1408,658,8,6,reject,rule,
1408,673,8,6,reject,rule,
1408,685,8,5,reject,rule,
1408,704,8,6,reject,rule,
1408,723,8,6,reject,rule,
1408,730,6,7,reject,rule,
1408,765,8,5,reject,rule,
1408,802,8,9,reject,rule,
1408,805,8,6,reject,rule,
1408,840,8,7,reject,rule,
1408,850,8,6,reject,rule,
1408,889,8,5,reject,rule,
1408,893,8,6,reject,rule,
1408,90,6,6,reject,rule,
1408,904,6,6,reject,rule,
1408,908,8,6,reject,rule,
1408,926,2,6,reject,rule,
1408,938,6,5,reject,rule,
1408,974,8,7,reject,rule,
1409,1415,8,6,reject,rule,
1409,1437,6,5,reject,rule,
1409,1449,8,6,reject,rule,
1409,1708,8,5,reject,rule,
1409,171,8,5,reject,rule,
1409,258,8,6,reject,rule,
1409,540,8,6,reject,rule,
1409,591,8,5,reject,rule,
1409,66,6,7,reject,rule,
1409,973,8,7,reject,rule,
1410,1467,6,6,reject,rule,
1412,1464,8,5,reject,rule,
1412,1466,8,6,reject,rule,
1412,1482,8,6,reject,rule,
1412,248,8,6,reject,rule,
1412,253,8,6,reject,rule,
1412,257,8,5,reject,rule,
1412,318,8,5,reject,rule,
1412,364,8,6,reject,rule,
1412,367,8,5,reject,rule,
1412,395,8,5,reject,rule,
1412,599,8,5,reject,rule,
1412,704,6,6,reject,rule,
1412,735,8,7,reject,rule,
1412,743,6,8,reject,rule,
1412,769,8,7,reject,rule,
1412,776,8,8,reject,rule,
1412,798,8,5,reject,rule,
1412,828,6,6,reject,rule,
1412,936,8,6,reject,rule,
1412,938,8,6,reject,rule,
1412,956,8,6,reject,rule,
1412,im0189,8,6,reject,rule,
1413,1450,8,6,reject,rule,
1413,1864,8,6,reject,rule,
1413,270,8,6,reject,rule,
1413,279,8,5,reject,rule,
1413,374,8,6,reject,rule,
1413,591,8,6,reject,rule,
1413,718,8,6,reject,rule,
1413,787,8,6,reject,rule,
1413,831,8,6,reject,rule,
1413,917,8,6,reject,rule,
1415,1457,8,8,reject,rule,
1415,171,8,6,reject,rule,
1415,305,6,5,reject,rule,
1415,835,8,7,reject,rule,
1415,969,8,6,reject,rule,
1416,1859,8,8,reject,rule,
1416,816,8,5,reject,rule,
1417,1451,8,6,reject,rule,
1417,1464,8,8,reject,rule,
1417,1466,8,6,reject,rule,
1417,1482,8,6,reject,rule,
1417,1485,8,6,reject,rule,
1417,195,4,6,reject,rule,
1417,253,8,5,reject,rule,
1417,257,6,5,reject,rule,
1417,277,6,5,reject,rule,
1417,294,6,6,reject,rule,
1417,318,4,5,reject,rule,
1417,346,8,6,reject,rule,
1417,351,8,5,reject,rule,
1417,367,6,5,reject,rule,
1417,560,6,6,reject,rule,
1417,563,8,7,reject,rule,
1417,581,8,7,reject,rule,
1417,584,8,6,reject,rule,
1417,599,6,6,reject,rule,
1417,616,8,7,reject,rule,
1417,624,8,5,reject,rule,
1417,658,4,7,reject,rule,
1417,680,8,8,reject,rule,
1417,685,4,5,reject,rule,
1417,690,6,7,reject,rule,
1417,704,6,5,reject,rule,
1417,735,8,5,reject,rule,
1417,765,6,6,reject,rule,
1417,776,6,6,reject,rule,
1417,798,8,6,reject,rule,
1417,850,8,5,reject,rule,
1417,889,8,5,reject,rule,
1417,908,6,6,reject,rule,
1417,938,8,6,reject,rule,
1417,956,8,6,reject,rule,
1418,167,8,6,reject,rule,
1418,182,4,6,reject,rule,
1418,202,6,5,reject,rule,
1418,622,8,5,reject,rule,
1418,88,8,7,reject,rule,
1419,187,8,6,reject,rule,
1419,645,8,6,reject,rule,
1420,1464,8,6,reject,rule,
1420,195,8,6,reject,rule,
1420,217,8,6,reject,rule,
1420,253,8,7,reject,rule,
1420,271,8,5,reject,rule,
1420,277,8,6,reject,rule,
1420,313,8,6,reject,rule,
1420,329,8,6,reject,rule,
1420,372,6,6,reject,rule,
1420,456,8,7,reject,rule,
1420,560,8,5,reject,rule,
1420,584,6,5,reject,rule,
1420,585,8,6,reject,rule,
1420,658,8,6,reject,rule,
1420,685,8,5,reject,rule,
1420,690,8,6,reject,rule,
1420,798,8,5,reject,rule,
1420,956,8,6,reject,rule,
143,269,8,5,reject,rule,
143,317,6,6,reject,rule,
143,336,8,6,reject,rule,
143,944,8,5,reject,rule,
1431,278,6,5,reject,rule,
1431,557,8,5,reject,rule,
1431,579,8,5,reject,rule,
1431,677,8,6,reject,rule,
1431,683,8,4,reject,rule,
1431,725,8,5,reject,rule,
1431,743,6,5,reject,rule,
1431,795,8,6,reject,rule,
1431,798,8,6,reject,rule,
1431,868,8,5,reject,rule,
1435,1874,6,5,reject,rule,
1435,219,8,7,reject,rule,
1435,320,8,7,reject,rule,
1435,329,8,6,reject,rule,
1436,1451,8,6,reject,rule,
1436,560,8,6,reject,rule,
1436,581,8,6,reject,rule,
1436,585,8,7,reject,rule,
1436,598,8,5,reject,rule,
1436,624,6,7,reject,rule,
1437,144,8,5,reject,rule,
1437,1708,8,6,reject,rule,
1437,191,8,5,reject,rule,
1437,258,8,5,reject,rule,
1437,279,8,5,reject,rule,
1437,539,6,58,confirm,rule,
1437,595,8,5,reject,rule,
1437,604,8,6,reject,rule,
1437,66,6,8,reject,rule,
1437,695,8,5,reject,rule,
1437,817,8,6,reject,rule,
1437,973,6,6,reject,rule,
144,1486,6,6,reject,rule,
144,264,6,7,reject,rule,
144,270,6,7,reject,rule,
144,295,8,6,reject,rule,
144,305,8,5,reject,rule,
144,347,8,6,reject,rule,
144,374,6,6,reject,rule,
144,551,8,6,reject,rule,
144,586,8,7,reject,rule,
144,681,8,6,reject,rule,
144,693,8,7,reject,rule,
144,695,8,5,reject,rule,
144,917,8,6,reject,rule,
1448,1452,6,6,reject,rule,
1448,216,8,6,reject,rule,
1448,586,8,6,reject,rule,
1448,626,8,6,reject,rule,
1448,684,8,8,reject,rule,
1448,698,8,8,reject,rule,
1448,839,6,6,reject,rule,
1448,942,8,6,reject,rule,
1449,1457,6,6,reject,rule,
1449,171,4,7,reject,rule,
1449,591,6,6,reject,rule,
1449,604,8,5,reject,rule,
1449,703,8,6,reject,rule,
1449,816,4,6,reject,rule,
1449,817,8,10,reject,rule,
1449,85,6,6,reject,rule,
1449,900,6,6,reject,rule,
1449,942,8,6,reject,rule,
1449,969,8,8,reject,rule,
1449,973,8,7,reject,rule,
1449,988,6,7,reject,rule,
145,167,6,5,reject,rule,
145,177,8,5,reject,rule,
145,182,8,6,reject,rule,
1450,1457,8,6,reject,rule,
1450,187,8,6,reject,rule,
1450,252,6,10,reject,rule,
1450,255,6,6,reject,rule,
1450,295,8,5,reject,rule,
1450,319,6,6,reject,rule,
1450,337,6,9,reject,rule,
1450,347,8,6,reject,rule,
1450,356,6,6,reject,rule,
1450,363,8,6,reject,rule,
1450,371,8,5,reject,rule,
1450,582,8,6,reject,rule,
1450,604,8,7,reject,rule,
1450,626,8,7,reject,rule,
1450,645,8,7,reject,rule,
1450,669,8,6,reject,rule,
1450,674,6,14,reject,rule,
1450,695,8,5,reject,rule,
1450,787,4,7,reject,rule,
1450,817,8,7,reject,rule,
1450,827,8,6,reject,rule,
1450,831,6,6,reject,rule,
1450,888,8,7,reject,rule,
1450,941,8,8,reject,rule,
1450,975,8,7,reject,rule,
1450,976,8,5,reject,rule,
1451,1464,8,6,reject,rule,
1451,1466,6,5,reject,rule,
1451,1482,8,11,reject,rule,
1451,1485,8,8,reject,rule,
1451,1624,8,6,reject,rule,
1451,1900,8,9,reject,rule,
1451,195,6,6,reject,rule,
1451,253,8,9,reject,rule,
1451,257,8,5,reject,rule,
1451,277,8,6,reject,rule,
1451,284,8,6,reject,rule,
1451,294,8,6,reject,rule,
1451,318,6,6,reject,rule,
1451,320,8,6,reject,rule,
1451,336,8,5,reject,rule,
1451,346,6,6,reject,rule,
1451,351,4,6,reject,rule,
1451,367,8,6,reject,rule,
1451,443,8,11,reject,rule,
1451,560,4,7,reject,rule,
1451,581,6,5,reject,rule,
1451,590,8,6,reject,rule,
1451,598,8,5,reject,rule,
1451,599,6,5,reject,rule,
1451,616,6,6,reject,rule,
1451,624,2,6,reject,rule,
1451,658,6,7,reject,rule,
1451,673,8,6,reject,rule,
1451,685,6,7,reject,rule,
1451,690,8,6,reject,rule,
1451,704,8,6,reject,rule,
1451,723,8,6,reject,rule,
1451,730,8,6,reject,rule,
1451,765,6,9,reject,rule,
1451,805,6,8,reject,rule,
1451,840,8,6,reject,rule,
1451,889,8,6,reject,rule,
1451,90,8,7,reject,rule,
1451,904,8,8,reject,rule,
1451,908,6,8,reject,rule,
1451,926,6,9,reject,rule,
1451,938,8,7,reject,rule,
1451,940,8,6,reject,rule,
1451,im0032,8,6,reject,rule,
1452,260,8,7,reject,rule,
1452,46,8,6,reject,rule,
1452,626,8,6,reject,rule,
1452,705,8,5,reject,rule,
1452,779,8,5,reject,rule,
1452,839,8,6,reject,rule,
1456,1487,8,7,reject,rule,
1457,171,6,6,reject,rule,
1457,363,8,6,reject,rule,
1457,591,8,7,reject,rule,
1457,645,8,5,reject,rule,
1457,816,6,5,reject,rule,
1457,822,8,6,reject,rule,
1457,827,6,6,reject,rule,
1457,831,8,6,reject,rule,
1457,835,8,5,reject,rule,
1457,85,8,5,reject,rule,
146,152,6,7,reject,rule,
146,5,8,5,reject,rule,
146,im0350,8,6,reject,rule,
1463,911,8,7,reject,rule,
1464,1466,6,6,reject,rule,
1464,1482,4,7,reject,rule,
1464,1485,6,8,reject,rule,
1464,1643,8,5,reject,rule,
1464,189,8,6,reject,rule,
1464,195,6,6,reject,rule,
1464,253,8,7,reject,rule,
1464,257,8,6,reject,rule,
1464,269,8,5,reject,rule,
1464,277,6,6,reject,rule,
1464,284,8,8,reject,rule,
1464,294,8,6,reject,rule,
1464,318,6,5,reject,rule,
1464,351,4,6,reject,rule,
1464,367,6,5,reject,rule,
1464,560,8,6,reject,rule,
1464,563,8,5,reject,rule,
1464,584,8,5,reject,rule,
1464,599,6,6,reject,rule,
1464,616,6,5,reject,rule,
1464,658,8,6,reject,rule,
1464,680,6,7,reject,rule,
1464,685,8,6,reject,rule,
1464,704,6,6,reject,rule,
1464,765,8,5,reject,rule,
1464,766,6,6,reject,rule,
1464,802,6,7,reject,rule,
1464,828,8,6,reject,rule,
1464,840,6,6,reject,rule,
1464,850,6,5,reject,rule,
1464,893,8,6,reject,rule,
1464,90,8,5,reject,rule,
1464,904,8,7,reject,rule,
1464,936,6,8,reject,rule,
1464,938,6,6,reject,rule,
1464,974,8,6,reject,rule,
1466,1482,4,5,reject,rule,
1466,1485,8,7,reject,rule,
1466,1643,6,10,reject,rule,
1466,189,8,7,reject,rule,
1466,195,8,6,reject,rule,
1466,253,8,6,reject,rule,
1466,257,8,5,reject,rule,
1466,277,8,5,reject,rule,
1466,284,8,5,reject,rule,
1466,318,4,5,reject,rule,
1466,346,8,5,reject,rule,
1466,351,4,6,reject,rule,
1466,367,4,5,reject,rule,
1466,395,8,5,reject,rule,
1466,560,6,6,reject,rule,
1466,581,8,5,reject,rule,
1466,599,2,6,reject,rule,
1466,616,6,6,reject,rule,
1466,624,8,6,reject,rule,
1466,658,8,7,reject,rule,
1466,673,8,6,reject,rule,
1466,685,8,5,reject,rule,
1466,690,8,6,reject,rule,
1466,704,6,5,reject,rule,
1466,706,8,7,reject,rule,
1466,735,8,6,reject,rule,
1466,765,8,5,reject,rule,
1466,766,8,6,reject,rule,
1466,769,8,5,reject,rule,
1466,802,6,6,reject,rule,
1466,805,6,6,reject,rule,
1466,840,8,7,reject,rule,
1466,881,8,6,reject,rule,
1466,896,8,6,reject,rule,
1466,90,4,6,reject,rule,
1466,926,8,5,reject,rule,
1466,936,8,6,reject,rule,
1466,938,4,6,reject,rule,
1466,956,8,6,reject,rule,
1466,974,8,6,reject,rule,
1467,831,8,6,reject,rule,
1468,278,8,7,reject,rule,
1468,579,8,6,reject,rule,
1468,677,8,6,reject,rule,
1468,683,8,8,reject,rule,
1468,687,8,9,reject,rule,
1468,723,8,8,reject,rule,
1468,904,8,8,reject,rule,
1471,700,8,7,reject,rule,
1472,227,8,7,reject,rule,
1472,235,8,7,reject,rule,
1472,958,8,7,reject,rule,
1474,358,8,6,reject,rule,
1474,365,8,5,reject,rule,
1474,740,8,6,reject,rule,
1475,1767,8,5,reject,rule,
1475,1807,8,6,reject,rule,
1475,233,8,6,reject,rule,
1475,656,8,6,reject,rule,
1475,aria_c_32_21,8,6,reject,rule,
1476,179,8,6,reject,rule,
1476,218,8,6,reject,rule,
1476,238,8,5,reject,rule,
1476,260,8,5,reject,rule,
1476,420,8,5,reject,rule,
1476,605,8,6,reject,rule,
1476,626,8,6,reject,rule,
1476,654,4,7,reject,rule,
1476,684,8,6,reject,rule,
1476,698,8,6,reject,rule,
1476,885,8,6,reject,rule,
1476,942,8,5,reject,rule,
1477,858,8,5,reject,rule,
1478,196,6,5,reject,rule,
1478,983,8,5,reject,rule,
148,1800,8,6,reject,rule,
148,1829,8,7,reject,rule,
148,62,8,6,reject,rule,
148,654,8,6,reject,rule,
148,684,8,5,reject,rule,
1481,397,8,5,reject,rule,
1481,605,8,7,reject,rule,
1482,1485,4,10,reject,rule,
1482,1643,8,7,reject,rule,
1482,189,8,7,reject,rule,
1482,195,8,6,reject,rule,
1482,253,6,6,reject,rule,
1482,257,8,6,reject,rule,
1482,277,8,6,reject,rule,
1482,294,6,5,reject,rule,
1482,318,4,5,reject,rule,
1482,346,8,6,reject,rule,
1482,351,6,6,reject,rule,
1482,367,6,6,reject,rule,
1482,395,8,5,reject,rule,
1482,443,8,7,reject,rule,
1482,599,4,5,reject,rule,
1482,616,8,7,reject,rule,
1482,658,6,6,reject,rule,
1482,673,8,6,reject,rule,
1482,680,6,8,reject,rule,
1482,685,6,7,reject,rule,
1482,704,6,7,reject,rule,
1482,735,8,6,reject,rule,
1482,766,8,6,reject,rule,
1482,769,8,7,reject,rule,
1482,798,8,6,reject,rule,
1482,802,6,6,reject,rule,
1482,805,8,7,reject,rule,
1482,828,8,5,reject,rule,
1482,840,8,6,reject,rule,
1482,850,8,7,reject,rule,
1482,868,8,6,reject,rule,
1482,881,8,6,reject,rule,
1482,889,8,5,reject,rule,
1482,90,8,6,reject,rule,
1482,904,6,6,reject,rule,
1482,908,8,7,reject,rule,
1482,926,8,5,reject,rule,
1482,936,8,6,reject,rule,
1482,938,4,7,reject,rule,
1482,974,6,6,reject,rule,
1484,797,8,8,reject,rule,
1485,1518,6,6,reject,rule,
1485,1643,6,6,reject,rule,
1485,1668,8,6,reject,rule,
1485,189,8,7,reject,rule,
1485,1905,8,6,reject,rule,
1485,195,8,7,reject,rule,
1485,215,8,7,reject,rule,
1485,253,8,5,reject,rule,
1485,257,8,6,reject,rule,
1485,294,6,4,reject,rule,
1485,318,4,6,reject,rule,
1485,346,8,6,reject,rule,
1485,351,8,5,reject,rule,
1485,395,8,6,reject,rule,
1485,443,8,6,reject,rule,
1485,599,6,5,reject,rule,
1485,658,6,9,reject,rule,
1485,673,8,6,reject,rule,
1485,685,6,6,reject,rule,
1485,704,8,10,reject,rule,
1485,766,8,7,reject,rule,
1485,802,6,7,reject,rule,
1485,805,8,5,reject,rule,
1485,850,8,5,reject,rule,
1485,889,8,6,reject,rule,
1485,904,8,7,reject,rule,
1485,908,8,6,reject,rule,
1485,926,8,8,reject,rule,
1485,938,6,6,reject,rule,
1485,974,6,6,reject,rule,
1486,252,8,8,reject,rule,
1486,295,8,6,reject,rule,
1486,319,8,7,reject,rule,
1486,321,8,7,reject,rule,
1486,337,8,6,reject,rule,
1486,347,8,6,reject,rule,
1486,374,8,7,reject,rule,
1486,530,8,5,reject,rule,
1486,614,8,6,reject,rule,
1486,674,8,5,reject,rule,
1486,681,8,6,reject,rule,
1486,684,8,6,reject,rule,
1486,718,8,14,reject,rule,
1486,75,8,7,reject,rule,
1486,787,8,7,reject,rule,
1486,81,8,6,reject,rule,
1487,363,8,6,reject,rule,
1487,582,8,6,reject,rule,
1487,797,8,7,reject,rule,
1487,822,8,6,reject,rule,
1487,827,8,6,reject,rule,
1493,294,8,6,reject,rule,
1493,818,8,5,reject,rule,
1493,985,8,7,reject,rule,
1495,1732,8,6,reject,rule,
1498,1519,6,7,reject,rule,
1498,1603,6,6,reject,rule,
1498,1612,8,6,reject,rule,
1498,1623,8,9,reject,rule,
1498,1667,8,6,reject,rule,
1498,1708,8,6,reject,rule,
1498,917,8,10,reject,rule,
1499,1564,8,6,reject,rule,
1499,1709,8,8,reject,rule,
15,1751,8,6,reject,rule,
15,38,8,5,reject,rule,
15,44,8,6,reject,rule,
1502,1687,8,6,reject,rule,
1503,1514,6,11,reject,rule,
1503,1534,8,6,reject,rule,
1506,1709,8,6,reject,rule,
1506,1784,8,6,reject,rule,
151,80,8,6,reject,rule,
1510,1558,8,6,reject,rule,
1510,1704,6,8,reject,rule,
1514,1517,8,7,reject,rule,
1514,1587,6,7,reject,rule,
1514,1660,8,7,reject,rule,
1514,1675,8,10,reject,rule,
1514,1727,8,6,reject,rule,
1514,1798,8,5,reject,rule,
1514,1800,8,6,reject,rule,
1514,1894,8,7,reject,rule,
1514,68,8,10,reject,rule,
1516,458,8,6,reject,rule,
1517,1570,6,5,reject,rule,
1517,1584,4,6,reject,rule,
1517,1587,6,5,reject,rule,
1517,1642,4,6,reject,rule,
1517,1675,8,6,reject,rule,
1517,1691,6,6,reject,rule,
1517,1735,6,8,reject,rule,
1517,1798,6,5,reject,rule,
1517,1829,8,6,reject,rule,
1517,1856,8,6,reject,rule,
1517,1894,4,7,reject,rule,
1517,1895,6,7,reject,rule,
1517,1899,6,9,reject,rule,
1517,aria_c_1_8,8,5,reject,rule,
1517,aria_d_22_2,6,6,reject,rule,
1518,1537,8,5,reject,rule,
1518,1543,8,7,reject,rule,
1518,1554,6,6,reject,rule,
1518,1569,6,5,reject,rule,
1518,1593,8,5,reject,rule,
1518,1624,8,6,reject,rule,
1518,1643,4,7,reject,rule,
1518,1668,4,9,reject,rule,
1518,1719,6,5,reject,rule,
1518,1737,8,6,reject,rule,
1518,1900,8,6,reject,rule,
1518,1905,4,6,reject,rule,
1518,318,8,8,reject,rule,
1518,590,8,6,reject,rule,
1518,599,8,6,reject,rule,
1518,673,8,6,reject,rule,
1518,805,8,8,reject,rule,
1518,926,8,6,reject,rule,
1518,aria_c_45_12,8,7,reject,rule,
1518,im0009,8,5,reject,rule,
1519,1603,8,7,reject,rule,
1519,1623,8,6,reject,rule,
1519,1647,8,6,reject,rule,
1519,1649,4,7,reject,rule,
1519,1657,8,8,reject,rule,
1519,1667,8,5,reject,rule,
1519,1681,6,6,reject,rule,
1519,1693,6,5,reject,rule,
1519,1705,8,5,reject,rule,
1519,1708,4,6,reject,rule,
1519,1850,6,6,reject,rule,
152,32,8,6,reject,rule,
152,5,6,6,reject,rule,
1523,1584,8,5,reject,rule,
1523,1691,8,6,reject,rule,
1523,1706,8,6,reject,rule,
1523,1895,8,7,reject,rule,
1523,1899,6,7,reject,rule,
1523,aria_c_1_8,8,5,reject,rule,
1526,1533,6,13,reject,rule,
1526,1563,6,5,reject,rule,
1526,16,8,6,reject,rule,
1526,1601,8,6,reject,rule,
1526,1731,8,6,reject,rule,
1526,1807,8,9,reject,rule,
1526,1839,8,5,reject,rule,
1526,1893,4,12,reject,rule,
1526,203,8,6,reject,rule,
1526,21,8,5,reject,rule,
1526,22,6,6,reject,rule,
1526,36,8,7,reject,rule,
1526,458,8,7,reject,rule,
1526,493,4,6,reject,rule,
1526,529,8,5,reject,rule,
1526,744,8,6,reject,rule,
1526,98,8,6,reject,rule,
1529,1548,8,5,reject,rule,
153,16,8,6,reject,rule,
153,1812,8,6,reject,rule,
153,203,6,6,reject,rule,
153,21,8,9,reject,rule,
153,263,8,5,reject,rule,
153,271,8,7,reject,rule,
153,467,8,6,reject,rule,
153,489,8,7,reject,rule,
153,51,8,8,reject,rule,
153,550,6,5,reject,rule,
153,67,8,6,reject,rule,
153,692,6,7,reject,rule,
153,844,8,5,reject,rule,
1533,1563,8,6,reject,rule,
1533,1731,6,7,reject,rule,
1533,1807,8,7,reject,rule,
1533,1839,8,5,reject,rule,
1533,1893,2,8,reject,rule,
1533,22,8,5,reject,rule,
1533,458,8,6,reject,rule,
1533,493,8,9,reject,rule,
1533,98,6,7,reject,rule,
1534,1549,6,5,reject,rule,
1535,1562,8,6,reject,rule,
1537,1543,4,6,reject,rule,
1537,1554,4,6,reject,rule,
1537,1569,8,6,reject,rule,
1537,1629,8,5,reject,rule,
1537,1715,8,5,reject,rule,
1537,1719,2,6,reject,rule,
1537,1737,8,5,reject,rule,
1537,1905,8,6,reject,rule,
1538,1614,8,6,reject,rule,
1539,1563,8,5,reject,rule,
1539,1893,8,6,reject,rule,
1539,203,8,6,reject,rule,
1539,21,8,6,reject,rule,
1539,38,6,5,reject,rule,
1539,431,8,5,reject,rule,
1539,44,8,6,reject,rule,
1539,458,8,5,reject,rule,
1539,463,8,7,reject,rule,
1539,70,8,5,reject,rule,
154,167,6,7,reject,rule,
1541,1591,8,5,reject,rule,
1542,1588,8,8,reject,rule,
1542,1731,8,6,reject,rule,
1543,1554,4,8,reject,rule,
1543,1569,8,6,reject,rule,
1543,1629,8,5,reject,rule,
1543,1715,8,6,reject,rule,
1543,1719,2,6,reject,rule,
1543,1737,6,5,reject,rule,
1543,1905,6,6,reject,rule,
1544,1555,6,6,reject,rule,
1544,1594,8,5,reject,rule,
1544,1603,6,6,reject,rule,
1544,1604,6,8,reject,rule,
1544,1623,6,6,reject,rule,
1544,1647,8,6,reject,rule,
1544,1681,8,5,reject,rule,
1544,1773,8,7,reject,rule,
1554,1569,6,5,reject,rule,
1554,1629,4,6,reject,rule,
1554,1637,8,11,reject,rule,
1554,1643,8,7,reject,rule,
1554,1668,8,6,reject,rule,
1554,1715,6,7,reject,rule,
1554,1719,2,5,reject,rule,
1554,1737,6,5,reject,rule,
1554,1905,6,5,reject,rule,
1555,1604,8,8,reject,rule,
1555,1674,8,5,reject,rule,
1555,1773,6,6,reject,rule,
1558,1593,8,7,reject,rule,
1558,1624,8,5,reject,rule,
1558,1637,4,6,reject,rule,
1558,1900,8,6,reject,rule,
1558,538,8,6,reject,rule,
1558,926,8,6,reject,rule,
1558,aria_c_25_10,8,7,reject,rule,
156,187,8,5,reject,rule,
156,742,8,7,reject,rule,
156,75,8,6,reject,rule,
156,81,8,6,reject,rule,
1563,1731,6,6,reject,rule,
1563,1893,8,6,reject,rule,
1563,203,8,6,reject,rule,
1563,22,8,6,reject,rule,
1563,36,8,6,reject,rule,
1563,431,8,6,reject,rule,
1563,458,6,7,reject,rule,
1563,493,6,6,reject,rule,
1563,529,8,5,reject,rule,
1564,1714,6,8,reject,rule,
1569,1643,8,8,reject,rule,
1569,1668,8,7,reject,rule,
1569,1719,6,5,reject,rule,
1569,1737,6,5,reject,rule,
1569,1905,8,6,reject,rule,
1570,1584,8,6,reject,rule,
1570,1642,6,8,reject,rule,
1570,1691,8,10,reject,rule,
1570,1798,6,7,reject,rule,
1570,1856,8,5,reject,rule,
1570,1894,8,7,reject,rule,
1570,1895,6,8,reject,rule,
1570,1899,6,8,reject,rule,
1570,aria_d_22_2,8,7,reject,rule,
1582,1644,8,7,reject,rule,
1582,1738,8,6,reject,rule,
1584,1587,8,6,reject,rule,
1584,1642,8,9,reject,rule,
1584,1691,6,7,reject,rule,
1584,1735,6,9,reject,rule,
1584,1798,8,6,reject,rule,
1584,1829,8,6,reject,rule,
1584,1894,6,8,reject,rule,
1584,1895,6,6,reject,rule,
1584,1899,4,7,reject,rule,
1584,1913,8,5,reject,rule,
1584,aria_c_1_8,8,6,reject,rule,
1584,aria_d_22_2,8,6,reject,rule,
1584,im0016,8,6,reject,rule,
1587,1610,6,6,reject,rule,
1587,1642,8,5,reject,rule,
1587,1735,6,7,reject,rule,
1587,1798,8,6,reject,rule,
1587,1895,8,6,reject,rule,
1587,1899,8,8,reject,rule,
159,227,8,6,reject,rule,
159,608,8,6,reject,rule,
159,634,8,5,reject,rule,
159,713,6,7,reject,rule,
1591,1715,8,6,reject,rule,
1593,1624,8,5,reject,rule,
1593,1637,6,6,reject,rule,
1593,1643,8,8,reject,rule,
1593,1659,6,6,reject,rule,
1593,1661,6,8,reject,rule,
1593,1668,8,7,reject,rule,
1593,1703,6,6,reject,rule,
1593,1726,6,7,reject,rule,
1594,1603,8,6,reject,rule,
1594,1604,8,6,reject,rule,
1594,1623,8,6,reject,rule,
1594,1681,4,7,reject,rule,
1594,1705,8,7,reject,rule,
1594,1708,6,6,reject,rule,
1597,1624,8,5,reject,rule,
1597,1644,8,7,reject,rule,
1597,1659,6,5,reject,rule,
1597,1661,8,7,reject,rule,
1597,1684,8,7,reject,rule,
1597,1703,6,7,reject,rule,
1597,1707,4,7,reject,rule,
1597,1709,8,6,reject,rule,
1597,1726,8,10,reject,rule,
1597,1734,8,6,reject,rule,
16,1812,8,6,reject,rule,
16,203,8,6,reject,rule,
16,21,6,6,reject,rule,
16,22,8,5,reject,rule,
16,44,8,6,reject,rule,
16,466,6,6,reject,rule,
16,467,8,6,reject,rule,
16,51,6,7,reject,rule,
16,67,6,6,reject,rule,
16,844,6,6,reject,rule,
1601,1893,8,6,reject,rule,
1601,22,8,5,reject,rule,
1601,529,8,6,reject,rule,
1601,98,8,6,reject,rule,
1603,1604,6,6,reject,rule,
1603,1623,4,6,reject,rule,
1603,1647,8,8,reject,rule,
1603,1667,6,7,reject,rule,
1603,1681,6,7,reject,rule,
1603,1708,6,6,reject,rule,
1603,1773,8,6,reject,rule,
1603,724,8,6,reject,rule,
1603,793,8,6,reject,rule,
1603,im0015,8,7,reject,rule,
1604,1623,6,6,reject,rule,
1604,1647,8,7,reject,rule,
1604,1667,8,8,reject,rule,
1604,1681,8,6,reject,rule,
1604,1708,8,6,reject,rule,
1604,1773,8,6,reject,rule,
1604,273,8,8,reject,rule,
1604,724,8,7,reject,rule,
1604,852,6,7,reject,rule,
1604,900,8,7,reject,rule,
1604,969,8,6,reject,rule,
1604,973,8,5,reject,rule,
1608,1705,8,6,reject,rule,
1608,273,8,6,reject,rule,
1610,1735,8,8,reject,rule,
1610,1798,8,6,reject,rule,
1612,1919,8,7,reject,rule,
1614,1660,6,10,reject,rule,
1623,1647,8,6,reject,rule,
1623,1667,8,6,reject,rule,
1623,1681,4,6,reject,rule,
1623,1708,6,7,reject,rule,
1623,793,8,7,reject,rule,
1623,900,8,5,reject,rule,
1623,969,8,7,reject,rule,
1623,973,8,6,reject,rule,
1623,aria_c_25_1,8,6,reject,rule,
1623,im0137,8,7,reject,rule,
1624,1637,6,6,reject,rule,
1624,1643,8,7,reject,rule,
1624,1659,6,6,reject,rule,
1624,1703,6,6,reject,rule,
1624,1707,8,8,reject,rule,
1624,1726,8,6,reject,rule,
1627,1657,8,6,reject,rule,
1627,1857,8,6,reject,rule,
1627,1920,8,8,reject,rule,
1628,1649,8,6,reject,rule,
1629,1715,6,5,reject,rule,
1629,1719,6,5,reject,rule,
1636,1740,8,8,reject,rule,
1637,1661,8,6,reject,rule,
1637,1668,8,6,reject,rule,
1637,1703,8,6,reject,rule,
1637,1707,8,8,reject,rule,
1637,1726,8,7,reject,rule,
1637,1737,8,5,reject,rule,
1637,1900,8,6,reject,rule,
1637,1905,8,6,reject,rule,
1637,538,8,5,reject,rule,
1637,aria_c_25_10,8,6,reject,rule,
1637,im0009,8,7,reject,rule,
1637,im0032,8,5,reject,rule,
1637,im0236,8,6,reject,rule,
1638,im0089,6,5,reject,rule,
1642,1691,8,6,reject,rule,
1642,1798,6,6,reject,rule,
1642,1856,8,6,reject,rule,
1642,1894,6,7,reject,rule,
1642,1895,8,8,reject,rule,
1642,1899,8,6,reject,rule,
1642,aria_d_22_2,4,7,reject,rule,
1643,1668,8,5,reject,rule,
1643,1719,8,5,reject,rule,
1643,1726,8,7,reject,rule,
1643,189,8,7,reject,rule,
1643,1905,8,5,reject,rule,
1643,318,6,6,reject,rule,
1643,351,8,7,reject,rule,
1643,367,8,6,reject,rule,
1643,599,4,6,reject,rule,
1643,616,8,7,reject,rule,
1643,704,8,6,reject,rule,
1643,802,6,7,reject,rule,
1643,850,8,6,reject,rule,
1643,896,8,6,reject,rule,
1643,90,8,6,reject,rule,
1643,926,8,6,reject,rule,
1643,938,6,7,reject,rule,
1643,974,8,7,reject,rule,
1647,1667,6,6,reject,rule,
1647,1681,8,6,reject,rule,
1647,1708,6,5,reject,rule,
1647,aria_c_25_1,8,6,reject,rule,
1649,1657,8,6,reject,rule,
1649,1693,8,5,reject,rule,
1649,1708,8,6,reject,rule,
1649,1850,6,7,reject,rule,
1649,1862,8,6,reject,rule,
1657,1693,8,6,reject,rule,
1659,1703,4,6,reject,rule,
1659,1707,6,9,reject,rule,
1659,1709,8,6,reject,rule,
1659,1726,6,5,reject,rule,
1659,1896,8,6,reject,rule,
1659,aria_d_8_23,8,6,reject,rule,
166,371,8,6,reject,rule,
1660,1693,6,5,reject,rule,
1660,aria_d_11_1,6,7,reject,rule,
1661,1668,8,5,reject,rule,
1661,1707,8,5,reject,rule,
1661,1734,6,6,reject,rule,
1661,1900,8,7,reject,rule,
1661,1905,8,9,reject,rule,
1661,im0032,8,5,reject,rule,
1665,im0031,8,7,reject,rule,
1667,1681,6,9,reject,rule,
1667,1708,4,7,reject,rule,
1667,279,8,5,reject,rule,
1667,969,8,6,reject,rule,
1667,988,8,6,reject,rule,
1667,aria_c_25_1,8,6,reject,rule,
1668,1719,8,6,reject,rule,
1668,1726,8,8,reject,rule,
1668,1900,8,6,reject,rule,
1668,1905,4,6,reject,rule,
1668,209,8,6,reject,rule,
1668,537,8,6,reject,rule,
1668,590,6,6,reject,rule,
1668,730,8,7,reject,rule,
1668,769,8,6,reject,rule,
1668,805,8,5,reject,rule,
1668,974,8,5,reject,rule,
1668,im0009,4,5,reject,rule,
1668,im0032,8,7,reject,rule,
1668,im0236,6,5,reject,rule,
167,177,8,6,reject,rule,
167,202,6,7,reject,rule,
167,548,8,5,reject,rule,
1675,1691,8,6,reject,rule,
1675,1706,6,6,reject,rule,
1675,1894,8,9,reject,rule,
1675,1899,8,10,reject,rule,
1675,43,8,6,reject,rule,
1675,im0194,6,6,reject,rule,
1681,1708,2,6,reject,rule,
1681,1850,6,7,reject,rule,
1681,66,8,10,reject,rule,
1681,aria_c_25_1,8,7,reject,rule,
1681,im0137,8,5,reject,rule,
1682,1684,8,7,reject,rule,
1682,1687,6,6,reject,rule,
1684,1703,8,12,reject,rule,
1687,1730,8,6,reject,rule,
1687,1738,8,7,reject,rule,
1691,1706,8,6,reject,rule,
1691,1798,8,7,reject,rule,
1691,1829,8,6,reject,rule,
1691,1894,6,6,reject,rule,
1691,1895,6,7,reject,rule,
1691,1899,4,7,reject,rule,
1691,1913,8,6,reject,rule,
1691,43,8,6,reject,rule,
1691,aria_c_1_8,4,6,reject,rule,
1691,aria_d_6_3,6,8,reject,rule,
1693,1705,8,5,reject,rule,
1693,1850,8,9,reject,rule,
1693,aria_d_11_1,8,7,reject,rule,
17,1765,8,6,reject,rule,
17,39,8,5,reject,rule,
17,42,6,7,reject,rule,
170,177,8,7,reject,rule,
170,1798,6,6,reject,rule,
170,234,8,6,reject,rule,
1703,1707,6,7,reject,rule,
1703,1709,8,6,reject,rule,
1703,1726,6,6,reject,rule,
1703,aria_c_25_10,8,8,reject,rule,
1703,aria_d_8_23,8,6,reject,rule,
1704,1729,8,7,reject,rule,
1704,1746,8,6,reject,rule,
1704,1748,8,6,reject,rule,
1704,1761,8,6,reject,rule,
1704,1784,8,5,reject,rule,
1704,1813,6,5,reject,rule,
1704,1824,8,7,reject,rule,
1704,1828,6,6,reject,rule,
1704,1832,8,9,reject,rule,
1704,1875,6,611,confirm,rule,
1704,1877,8,7,reject,rule,
1704,293,8,7,reject,rule,
1704,aria_c_21_12,8,6,reject,rule,
1705,1728,8,7,reject,rule,
1706,1899,8,8,reject,rule,
1706,im0194,6,5,reject,rule,
1707,1726,8,7,reject,rule,
1707,1734,6,7,reject,rule,
1708,1850,6,5,reject,rule,
1708,258,8,6,reject,rule,
1708,539,8,7,reject,rule,
1708,66,6,5,reject,rule,
1708,973,8,6,reject,rule,
1708,aria_c_25_1,8,6,reject,rule,
1708,im0015,8,6,reject,rule,
171,591,4,6,reject,rule,
171,816,6,6,reject,rule,
171,817,8,5,reject,rule,
171,831,8,6,reject,rule,
171,900,6,5,reject,rule,
171,969,6,7,reject,rule,
171,973,8,7,reject,rule,
171,988,6,6,reject,rule,
1714,1717,8,7,reject,rule,
1715,1719,6,8,reject,rule,
1716,1735,8,7,reject,rule,
1719,1737,6,5,reject,rule,
1719,1905,6,8,reject,rule,
1726,1905,8,6,reject,rule,
1726,590,8,6,reject,rule,
1726,881,8,7,reject,rule,
1726,974,8,6,reject,rule,
1726,aria_c_25_10,6,5,reject,rule,
1726,im0262,8,5,reject,rule,
1727,1894,8,7,reject,rule,
1728,1736,8,7,reject,rule,
1728,1774,8,5,reject,rule,
1728,1780,8,5,reject,rule,
1728,1857,8,6,reject,rule,
1728,1862,8,7,reject,rule,
1728,1920,6,8,reject,rule,
1728,aria_c_23_4,8,7,reject,rule,
1731,1893,6,8,reject,rule,
1731,22,8,5,reject,rule,
1731,431,8,6,reject,rule,
1731,463,8,6,reject,rule,
1731,493,8,8,reject,rule,
1731,529,8,6,reject,rule,
1731,98,8,5,reject,rule,
1732,1740,8,6,reject,rule,
1733,1738,6,7,reject,rule,
1735,1798,8,10,reject,rule,
1735,1894,8,8,reject,rule,
1735,1895,8,8,reject,rule,
1735,1899,8,7,reject,rule,
1736,1920,2,6,reject,rule,
1736,aria_c_23_4,8,7,reject,rule,
1737,1905,8,6,reject,rule,
1741,492,8,6,reject,rule,
1741,75,8,8,reject,rule,
1741,81,8,8,reject,rule,
1742,1779,8,6,reject,rule,
1742,1804,8,7,reject,rule,
1742,1876,8,5,reject,rule,
1743,1760,8,7,reject,rule,
1743,1855,8,13,reject,rule,
1743,1878,8,8,reject,rule,
1744,1759,8,7,reject,rule,
1745,1820,8,6,reject,rule,
1745,1846,8,6,reject,rule,
1745,1878,6,8,reject,rule,
1746,1748,4,6,reject,rule,
1746,1761,6,6,reject,rule,
1746,1769,8,6,reject,rule,
1746,1775,4,7,reject,rule,
1746,1784,8,6,reject,rule,
1746,1785,8,7,reject,rule,
1746,1795,8,7,reject,rule,
1746,1801,8,8,reject,rule,
1746,1809,6,6,reject,rule,
1746,1811,6,5,reject,rule,
1746,1813,4,6,reject,rule,
1746,1817,8,7,reject,rule,
1746,1824,6,6,reject,rule,
1746,1827,8,6,reject,rule,
1746,1828,6,7,reject,rule,
1746,1832,4,6,reject,rule,
1746,1842,8,10,reject,rule,
1746,1844,4,7,reject,rule,
1746,1846,8,7,reject,rule,
1746,1852,6,7,reject,rule,
1746,1855,8,6,reject,rule,
1746,1875,6,6,reject,rule,
1746,1877,4,10,reject,rule,
1746,1878,8,6,reject,rule,
1746,1889,6,7,reject,rule,
1746,293,8,8,reject,rule,
1746,383,8,6,reject,rule,
1746,758,8,7,reject,rule,
1747,1792,8,8,reject,rule,
1747,1854,8,6,reject,rule,
1747,1867,8,6,reject,rule,
1747,1870,6,8,reject,rule,
1748,1761,4,6,reject,rule,
1748,1769,6,6,reject,rule,
1748,1775,4,9,reject,rule,
1748,1785,8,11,reject,rule,
1748,1805,8,9,reject,rule,
1748,1811,8,6,reject,rule,
1748,1813,2,6,reject,rule,
1748,1817,6,8,reject,rule,
1748,1824,4,7,reject,rule,
1748,1828,8,6,reject,rule,
1748,1832,6,6,reject,rule,
1748,1841,8,8,reject,rule,
1748,1842,8,8,reject,rule,
1748,1844,6,7,reject,rule,
1748,1852,4,7,reject,rule,
1748,1855,6,7,reject,rule,
1748,1875,6,7,reject,rule,
1748,1877,6,5,reject,rule,
1748,1878,8,6,reject,rule,
1748,1889,8,5,reject,rule,
1748,293,8,8,reject,rule,
1748,758,8,7,reject,rule,
1750,1760,6,6,reject,rule,
1750,1795,8,9,reject,rule,
1750,1806,8,7,reject,rule,
1750,1878,8,6,reject,rule,
1751,1812,8,6,reject,rule,
1751,1834,8,5,reject,rule,
1751,22,8,6,reject,rule,
1751,38,8,5,reject,rule,
1751,44,8,7,reject,rule,
1751,61,8,5,reject,rule,
1751,67,8,5,reject,rule,
1751,98,6,6,reject,rule,
1752,1773,8,6,reject,rule,
1753,486,6,7,reject,rule,
1753,813,8,5,reject,rule,
1755,1781,8,9,reject,rule,
1755,1858,8,8,reject,rule,
1755,1864,8,7,reject,rule,
1756,177,8,8,reject,rule,
1756,527,8,5,reject,rule,
1759,1770,8,6,reject,rule,
1759,1779,6,8,reject,rule,
1759,1781,8,7,reject,rule,
1759,1783,6,7,reject,rule,
1759,1804,6,6,reject,rule,
1759,1814,8,6,reject,rule,
1759,1819,8,7,reject,rule,
1759,1848,8,5,reject,rule,
1759,1853,8,8,reject,rule,
1759,1886,8,5,reject,rule,
1760,1795,6,7,reject,rule,
1760,1797,4,7,reject,rule,
1760,1846,8,6,reject,rule,
1760,1855,6,7,reject,rule,
1760,1878,4,6,reject,rule,
1761,1775,6,6,reject,rule,
1761,1784,6,7,reject,rule,
1761,1788,8,14,reject,rule,
1761,1795,8,6,reject,rule,
1761,1801,8,16,reject,rule,
1761,1811,4,7,reject,rule,
1761,1813,4,7,reject,rule,
1761,1817,8,6,reject,rule,
1761,1824,6,6,reject,rule,
1761,1828,8,6,reject,rule,
1761,1832,6,6,reject,rule,
1761,1835,8,7,reject,rule,
1761,1842,8,8,reject,rule,
1761,1844,8,9,reject,rule,
1761,1852,6,7,reject,rule,
1761,1855,8,7,reject,rule,
1761,1875,4,10,reject,rule,
1761,1877,4,6,reject,rule,
1761,1889,6,6,reject,rule,
1761,293,8,7,reject,rule,
1761,758,8,6,reject,rule,
1764,1820,6,6,reject,rule,
1764,1855,6,6,reject,rule,
1764,1863,8,6,reject,rule,
1765,23,8,6,reject,rule,
1766,1774,2,5,reject,rule,
1766,1780,6,6,reject,rule,
1766,1787,6,5,reject,rule,
1766,1791,8,8,reject,rule,
1766,1808,8,6,reject,rule,
1766,1821,4,7,reject,rule,
1766,1836,8,6,reject,rule,
1766,1838,8,5,reject,rule,
1766,1850,8,7,reject,rule,
1766,1857,4,5,reject,rule,
1766,1858,6,6,reject,rule,
1766,1862,4,6,reject,rule,
1766,1865,4,5,reject,rule,
1766,1870,8,5,reject,rule,
1766,1880,8,6,reject,rule,
1767,233,6,6,reject,rule,
1767,550,8,6,reject,rule,
1767,aria_c_32_21,8,7,reject,rule,
1768,1773,8,5,reject,rule,
1768,1777,6,5,reject,rule,
1769,1775,8,6,reject,rule,
1769,1805,8,7,reject,rule,
1769,1813,6,6,reject,rule,
1769,1817,6,6,reject,rule,
1769,1824,8,7,reject,rule,
1769,1841,6,7,reject,rule,
1769,1855,8,10,reject,rule,
1769,293,6,7,reject,rule,
177,202,8,5,reject,rule,
1770,1848,8,6,reject,rule,
1770,1871,6,508,confirm,rule,
1770,1886,8,7,reject,rule,
1771,1881,8,6,reject,rule,
1772,22,6,6,reject,rule,
1772,493,8,6,reject,rule,
1772,529,6,6,reject,rule,
1772,98,8,6,reject,rule,
1773,aria_c_25_1,8,7,reject,rule,
1774,1780,6,6,reject,rule,
1774,1787,8,7,reject,rule,
1774,1808,6,5,reject,rule,
1774,1818,8,7,reject,rule,
1774,1821,6,6,reject,rule,
1774,1838,6,6,reject,rule,
1774,1850,8,6,reject,rule,
1774,1857,4,7,reject,rule,
1774,1858,6,6,reject,rule,
1774,1862,2,7,reject,rule,
1774,1865,2,5,reject,rule,
1774,1867,8,5,reject,rule,
1774,1870,6,6,reject,rule,
1774,1920,8,6,reject,rule,
1775,1784,8,6,reject,rule,
1775,1801,8,9,reject,rule,
1775,1805,8,9,reject,rule,
1775,1809,8,6,reject,rule,
1775,1811,4,9,reject,rule,
1775,1813,4,5,reject,rule,
1775,1817,8,8,reject,rule,
1775,1824,6,11,reject,rule,
1775,1828,8,8,reject,rule,
1775,1832,6,6,reject,rule,
1775,1835,8,6,reject,rule,
1775,1842,8,6,reject,rule,
1775,1844,2,8,reject,rule,
1775,1852,6,8,reject,rule,
1775,1875,8,7,reject,rule,
1775,1877,6,9,reject,rule,
1775,1878,8,8,reject,rule,
1775,1889,6,6,reject,rule,
1776,1805,6,6,reject,rule,
1776,1817,8,5,reject,rule,
1776,1875,8,7,reject,rule,
1776,1889,8,7,reject,rule,
1776,293,8,6,reject,rule,
1776,383,8,6,reject,rule,
1776,94,8,7,reject,rule,
1778,1846,8,6,reject,rule,
1779,1783,6,6,reject,rule,
1779,1804,6,5,reject,rule,
1779,1858,8,12,reject,rule,
1779,1886,8,5,reject,rule,
1780,1787,8,7,reject,rule,
1780,1818,8,8,reject,rule,
1780,1821,4,8,reject,rule,
1780,1838,6,9,reject,rule,
1780,1850,8,8,reject,rule,
1780,1857,4,7,reject,rule,
1780,1862,6,6,reject,rule,
1780,1865,8,6,reject,rule,
1780,1880,8,6,reject,rule,
1781,1848,6,6,reject,rule,
1781,1858,8,8,reject,rule,
1781,1864,8,5,reject,rule,
1781,1871,8,7,reject,rule,
1781,885,8,7,reject,rule,
1783,1804,6,7,reject,rule,
1783,1830,8,5,reject,rule,
1783,1848,8,6,reject,rule,
1783,1853,8,6,reject,rule,
1783,1860,8,6,reject,rule,
1783,1886,6,7,reject,rule,
1784,1795,8,7,reject,rule,
1784,1801,8,9,reject,rule,
1784,1811,6,7,reject,rule,
1784,1813,8,9,reject,rule,
1784,1828,6,6,reject,rule,
1784,1832,8,6,reject,rule,
1784,1842,8,6,reject,rule,
1784,1875,6,5,reject,rule,
1784,1877,6,9,reject,rule,
1784,1889,8,6,reject,rule,
1784,293,8,7,reject,rule,
1785,1809,8,8,reject,rule,
1785,1842,8,6,reject,rule,
1785,1855,8,7,reject,rule,
1787,1791,8,7,reject,rule,
1787,1821,4,6,reject,rule,
1787,1836,6,6,reject,rule,
1787,1838,8,9,reject,rule,
1787,1857,6,8,reject,rule,
1787,1858,8,9,reject,rule,
1787,1862,8,6,reject,rule,
1787,1880,8,6,reject,rule,
1788,1813,8,7,reject,rule,
1788,1852,8,5,reject,rule,
1788,1861,8,5,reject,rule,
1788,1863,8,6,reject,rule,
1788,1875,6,7,reject,rule,
1788,1877,8,8,reject,rule,
1788,1889,8,8,reject,rule,
1788,293,8,10,reject,rule,
179,197,8,5,reject,rule,
179,234,8,5,reject,rule,
179,406,8,5,reject,rule,
179,420,6,6,reject,rule,
1791,1821,8,6,reject,rule,
1791,1858,6,8,reject,rule,
1791,1870,6,6,reject,rule,
1791,1881,8,10,reject,rule,
1792,1837,8,6,reject,rule,
1792,1867,8,6,reject,rule,
1792,1870,8,7,reject,rule,
1795,1797,8,6,reject,rule,
1795,1811,8,8,reject,rule,
1795,1832,8,6,reject,rule,
1795,1846,8,6,reject,rule,
1795,1877,6,6,reject,rule,
1795,1878,4,6,reject,rule,
1796,1833,8,6,reject,rule,
1797,1878,6,5,reject,rule,
1798,1800,8,6,reject,rule,
1798,1856,4,5,reject,rule,
1798,1894,8,7,reject,rule,
1798,1895,8,6,reject,rule,
1798,1899,8,10,reject,rule,
1798,43,8,6,reject,rule,
1798,aria_d_22_2,8,7,reject,rule,
1798,aria_d_6_3,8,6,reject,rule,
1800,1829,4,5,reject,rule,
1800,43,8,5,reject,rule,
1800,492,8,6,reject,rule,
1801,1805,8,7,reject,rule,
1801,1809,8,7,reject,rule,
1801,1811,6,6,reject,rule,
1801,1813,8,5,reject,rule,
1801,1828,8,7,reject,rule,
1801,1832,8,6,reject,rule,
1801,1835,8,8,reject,rule,
1801,1842,8,5,reject,rule,
1801,1852,8,5,reject,rule,
1801,1875,6,6,reject,rule,
1801,1877,6,8,reject,rule,
1801,1889,2,7,reject,rule,
1801,383,8,7,reject,rule,
1803,1808,8,10,reject,rule,
1803,1818,8,6,reject,rule,
1803,1819,6,6,reject,rule,
1803,1858,8,9,reject,rule,
1803,1867,8,10,reject,rule,
1803,1880,8,9,reject,rule,
1804,1830,8,6,reject,rule,
1804,1886,6,8,reject,rule,
1805,1813,8,5,reject,rule,
1805,1817,6,6,reject,rule,
1805,1841,8,10,reject,rule,
1805,1852,8,9,reject,rule,
1805,1875,8,6,reject,rule,
1805,1889,6,8,reject,rule,
1805,293,8,6,reject,rule,
1805,65,8,6,reject,rule,
1807,1823,8,7,reject,rule,
1807,1834,8,7,reject,rule,
1807,1839,8,5,reject,rule,
1807,1893,6,7,reject,rule,
1807,22,6,5,reject,rule,
1807,467,8,6,reject,rule,
1807,529,8,5,reject,rule,
1807,98,6,5,reject,rule,
1808,1857,6,5,reject,rule,
1808,1858,8,6,reject,rule,
1808,1862,6,6,reject,rule,
1808,1865,6,6,reject,rule,
1808,1867,4,5,reject,rule,
1808,1870,8,5,reject,rule,
1809,1811,6,6,reject,rule,
1809,1813,8,7,reject,rule,
1809,1827,8,6,reject,rule,
1809,1832,6,8,reject,rule,
1809,1835,8,8,reject,rule,
1809,1842,8,8,reject,rule,
1809,1844,8,6,reject,rule,
1809,1875,8,5,reject,rule,
1809,1877,6,6,reject,rule,
1809,1878,8,8,reject,rule,
1809,1889,8,6,reject,rule,
181,298,8,5,reject,rule,
181,636,8,5,reject,rule,
1811,1813,6,6,reject,rule,
1811,1824,8,6,reject,rule,
1811,1827,6,9,reject,rule,
1811,1828,8,5,reject,rule,
1811,1832,4,8,reject,rule,
1811,1835,4,8,reject,rule,
1811,1842,6,6,reject,rule,
1811,1844,6,6,reject,rule,
1811,1852,8,7,reject,rule,
1811,1875,6,6,reject,rule,
1811,1877,2,6,reject,rule,
1811,1878,8,5,reject,rule,
1811,1889,4,6,reject,rule,
1811,aria_c_36_44,8,6,reject,rule,
1812,454,8,6,reject,rule,
1812,467,8,6,reject,rule,
1812,489,8,6,reject,rule,
1812,67,8,6,reject,rule,
1812,844,8,6,reject,rule,
1813,1817,6,6,reject,rule,
1813,1820,8,6,reject,rule,
1813,1824,2,7,reject,rule,
1813,1828,8,5,reject,rule,
1813,1832,4,7,reject,rule,
1813,1844,6,7,reject,rule,
1813,1852,6,5,reject,rule,
1813,1855,6,9,reject,rule,
1813,1875,4,6,reject,rule,
1813,1877,4,6,reject,rule,
1813,1878,8,6,reject,rule,
1813,1889,6,6,reject,rule,
1813,293,8,9,reject,rule,
1813,758,8,6,reject,rule,
1814,1881,8,7,reject,rule,
1815,1883,8,7,reject,rule,
1817,1824,8,6,reject,rule,
1817,1828,8,7,reject,rule,
1817,1852,8,5,reject,rule,
1817,1875,8,10,reject,rule,
1817,1877,8,6,reject,rule,
1817,293,6,5,reject,rule,
1817,758,6,6,reject,rule,
1818,1819,6,7,reject,rule,
1818,1857,8,5,reject,rule,
1818,1858,8,8,reject,rule,
1818,1862,8,9,reject,rule,
1818,1865,6,6,reject,rule,
1819,1838,8,11,reject,rule,
1819,1858,8,7,reject,rule,
1819,1867,8,6,reject,rule,
1819,1880,6,7,reject,rule,
182,202,8,6,reject,rule,
182,231,8,6,reject,rule,
182,608,8,5,reject,rule,
1820,1824,8,7,reject,rule,
1820,1844,8,5,reject,rule,
1820,1855,8,6,reject,rule,
1820,1863,8,6,reject,rule,
1820,1878,6,6,reject,rule,
1821,1836,6,6,reject,rule,
1821,1838,8,6,reject,rule,
1821,1850,8,11,reject,rule,
1821,1857,4,6,reject,rule,
1821,1858,6,8,reject,rule,
1821,1862,6,7,reject,rule,
1821,1865,8,6,reject,rule,
1821,1880,6,6,reject,rule,
1821,757,8,12,reject,rule,
1822,1871,8,5,reject,rule,
1823,1834,8,5,reject,rule,
1824,1832,6,8,reject,rule,
1824,1844,6,6,reject,rule,
1824,1852,8,7,reject,rule,
1824,1855,6,6,reject,rule,
1824,1875,6,6,reject,rule,
1824,1877,6,7,reject,rule,
1824,1878,8,6,reject,rule,
1824,1889,8,5,reject,rule,
1826,228,6,7,reject,rule,
1827,1832,8,6,reject,rule,
1827,1835,6,6,reject,rule,
1827,1877,6,7,reject,rule,
1827,1889,8,8,reject,rule,
1828,1832,8,6,reject,rule,
1828,1842,4,8,reject,rule,
1828,1852,6,6,reject,rule,
1828,1875,4,6,reject,rule,
1828,1877,6,6,reject,rule,
1828,1879,6,6,reject,rule,
1828,1889,6,6,reject,rule,
1828,293,4,10,reject,rule,
1828,383,8,6,reject,rule,
1828,758,8,9,reject,rule,
1828,94,6,7,reject,rule,
1829,1894,8,7,reject,rule,
1829,390,8,6,reject,rule,
1829,43,8,5,reject,rule,
1829,492,6,6,reject,rule,
1829,88,8,6,reject,rule,
1829,93,8,8,reject,rule,
1830,1848,8,10,reject,rule,
1830,1886,8,6,reject,rule,
1832,1835,8,5,reject,rule,
1832,1842,8,7,reject,rule,
1832,1844,8,6,reject,rule,
1832,1846,6,5,reject,rule,
1832,1852,8,6,reject,rule,
1832,1861,8,6,reject,rule,
1832,1875,6,6,reject,rule,
1832,1877,2,7,reject,rule,
1832,1878,8,5,reject,rule,
1832,1879,8,6,reject,rule,
1832,1889,6,7,reject,rule,
1832,aria_c_36_44,8,6,reject,rule,
1833,1867,6,6,reject,rule,
1833,1881,8,10,reject,rule,
1834,98,8,5,reject,rule,
1835,1877,6,6,reject,rule,
1835,1889,8,6,reject,rule,
1835,aria_c_36_44,8,16,reject,rule,
1836,1881,8,5,reject,rule,
1837,1898,8,6,reject,rule,
1838,1857,6,6,reject,rule,
1838,1862,6,7,reject,rule,
1838,1865,8,7,reject,rule,
1839,1893,6,7,reject,rule,
1839,203,6,6,reject,rule,
1839,21,8,7,reject,rule,
1839,22,4,5,reject,rule,
1839,263,8,6,reject,rule,
1839,36,6,5,reject,rule,
1839,38,4,7,reject,rule,
1839,458,6,6,reject,rule,
1839,529,6,6,reject,rule,
1839,744,8,5,reject,rule,
1839,98,4,6,reject,rule,
1839,aria_c_24_12,6,7,reject,rule,
1842,1852,6,8,reject,rule,
1842,1875,6,8,reject,rule,
1842,1877,6,6,reject,rule,
1842,1879,6,6,reject,rule,
1842,1889,6,7,reject,rule,
1842,293,6,7,reject,rule,
1844,1852,8,6,reject,rule,
1844,1855,8,8,reject,rule,
1844,1877,8,8,reject,rule,
1844,1878,6,6,reject,rule,
1844,1889,8,7,reject,rule,
1846,1855,8,7,reject,rule,
1846,1861,8,8,reject,rule,
1846,1877,8,7,reject,rule,
1846,1878,8,5,reject,rule,
1846,1884,8,6,reject,rule,
1848,1886,6,10,reject,rule,
185,728,8,6,reject,rule,
1850,1857,8,5,reject,rule,
1850,1862,6,6,reject,rule,
1850,1865,8,6,reject,rule,
1850,205,8,5,reject,rule,
1852,1855,8,11,reject,rule,
1852,1875,6,9,reject,rule,
1852,1877,6,7,reject,rule,
1852,1885,8,7,reject,rule,
1852,1889,6,8,reject,rule,
1852,293,8,6,reject,rule,
1854,1881,8,7,reject,rule,
1855,1863,8,5,reject,rule,
1855,1878,8,6,reject,rule,
1856,43,8,5,reject,rule,
1856,aria_d_22_2,8,6,reject,rule,
1856,im0076,8,6,reject,rule,
1857,1862,4,6,reject,rule,
1857,1865,4,9,reject,rule,
1857,1880,8,6,reject,rule,
1858,1862,6,6,reject,rule,
1858,1865,6,6,reject,rule,
1858,1867,8,14,reject,rule,
1858,1870,8,6,reject,rule,
1858,1873,6,7,reject,rule,
1858,1880,8,7,reject,rule,
1859,816,8,5,reject,rule,
1861,1877,8,6,reject,rule,
1861,1884,8,5,reject,rule,
1862,1865,2,7,reject,rule,
1862,1870,8,8,reject,rule,
1863,1875,8,7,reject,rule,
1863,293,8,6,reject,rule,
1865,1867,8,8,reject,rule,
1865,1870,8,6,reject,rule,
1865,1873,8,7,reject,rule,
1867,1870,8,6,reject,rule,
1867,1881,8,7,reject,rule,
187,197,8,7,reject,rule,
187,241,8,7,reject,rule,
187,252,6,6,reject,rule,
187,288,6,6,reject,rule,
187,295,8,5,reject,rule,
187,337,8,6,reject,rule,
187,347,8,5,reject,rule,
187,356,6,8,reject,rule,
187,371,8,5,reject,rule,
187,379,8,6,reject,rule,
187,614,8,6,reject,rule,
187,659,8,6,reject,rule,
187,666,8,6,reject,rule,
187,674,8,7,reject,rule,
187,742,8,6,reject,rule,
187,75,8,8,reject,rule,
187,787,8,6,reject,rule,
187,81,8,7,reject,rule,
187,883,8,5,reject,rule,
187,898,8,7,reject,rule,
187,92,8,8,reject,rule,
187,925,8,6,reject,rule,
187,941,8,6,reject,rule,
1871,1876,6,6,reject,rule,
1872,493,8,6,reject,rule,
1875,1877,4,7,reject,rule,
1875,1879,6,870,confirm,rule,
1875,1889,4,5,reject,rule,
1875,293,4,6,reject,rule,
1875,383,6,6,reject,rule,
1875,65,8,8,reject,rule,
1875,758,6,7,reject,rule,
1875,94,8,6,reject,rule,
1877,1878,8,6,reject,rule,
1877,1879,8,5,reject,rule,
1877,1889,4,6,reject,rule,
1877,293,8,8,reject,rule,
1877,758,8,8,reject,rule,
1879,1889,8,6,reject,rule,
1879,293,6,8,reject,rule,
1879,383,8,5,reject,rule,
1885,293,8,6,reject,rule,
1889,293,8,6,reject,rule,
1889,383,8,5,reject,rule,
189,239,8,6,reject,rule,
189,284,8,7,reject,rule,
189,318,8,5,reject,rule,
189,351,8,7,reject,rule,
189,599,6,5,reject,rule,
189,704,6,6,reject,rule,
189,735,8,6,reject,rule,
189,766,6,7,reject,rule,
189,786,8,9,reject,rule,
189,802,4,6,reject,rule,
189,805,8,7,reject,rule,
189,904,8,7,reject,rule,
189,91,6,5,reject,rule,
189,938,4,5,reject,rule,
189,974,8,6,reject,rule,
189,im0189,8,6,reject,rule,
1893,22,6,6,reject,rule,
1893,38,8,5,reject,rule,
1893,44,8,6,reject,rule,
1893,458,8,7,reject,rule,
1893,463,8,5,reject,rule,
1893,493,8,7,reject,rule,
1893,529,8,6,reject,rule,
1893,98,4,6,reject,rule,
1894,1895,8,7,reject,rule,
1894,1899,8,8,reject,rule,
1894,aria_c_1_8,8,6,reject,rule,
1895,1899,2,9,reject,rule,
1895,1913,8,6,reject,rule,
1895,aria_c_1_8,8,6,reject,rule,
1898,1920,8,6,reject,rule,
1899,1913,8,6,reject,rule,
1899,aria_c_1_8,6,7,reject,rule,
190,530,8,6,reject,rule,
190,614,8,6,reject,rule,
190,75,8,6,reject,rule,
1900,1905,8,8,reject,rule,
1900,1917,8,6,reject,rule,
1900,im0009,8,5,reject,rule,
1900,im0032,8,6,reject,rule,
1903,1918,8,4,reject,rule,
1905,215,8,6,reject,rule,
1905,537,8,6,reject,rule,
1905,590,4,6,reject,rule,
1905,673,8,6,reject,rule,
1905,730,8,6,reject,rule,
1905,769,8,8,reject,rule,
1905,90,8,6,reject,rule,
1905,926,8,7,reject,rule,
1905,im0009,6,5,reject,rule,
1905,im0032,8,6,reject,rule,
1905,im0236,8,6,reject,rule,
191,295,8,5,reject,rule,
191,319,8,6,reject,rule,
191,337,8,6,reject,rule,
191,356,8,5,reject,rule,
191,556,8,6,reject,rule,
191,562,8,7,reject,rule,
191,604,8,6,reject,rule,
191,625,6,7,reject,rule,
191,66,6,6,reject,rule,
191,787,8,6,reject,rule,
191,817,8,6,reject,rule,
1913,aria_d_16_2,8,6,reject,rule,
1918,im0236,6,6,reject,rule,
1920,aria_c_23_4,8,8,reject,rule,
195,253,8,6,reject,rule,
195,257,6,6,reject,rule,
195,269,8,6,reject,rule,
195,271,8,6,reject,rule,
195,277,2,5,reject,rule,
195,284,8,5,reject,rule,
195,294,4,6,reject,rule,
195,318,4,6,reject,rule,
195,320,8,7,reject,rule,
195,346,6,5,reject,rule,
195,351,6,5,reject,rule,
195,367,6,5,reject,rule,
195,372,8,7,reject,rule,
195,375,8,6,reject,rule,
195,560,4,6,reject,rule,
195,563,6,6,reject,rule,
195,579,6,6,reject,rule,
195,581,6,5,reject,rule,
195,584,4,6,reject,rule,
195,585,6,7,reject,rule,
195,599,6,5,reject,rule,
195,616,6,6,reject,rule,
195,618,8,6,reject,rule,
195,624,6,6,reject,rule,
195,658,4,6,reject,rule,
195,677,8,6,reject,rule,
195,680,8,6,reject,rule,
195,683,8,6,reject,rule,
195,685,4,5,reject,rule,
195,690,6,6,reject,rule,
195,704,6,6,reject,rule,
195,723,8,6,reject,rule,
195,730,8,5,reject,rule,
195,735,8,5,reject,rule,
195,765,2,5,reject,rule,
195,766,8,8,reject,rule,
195,776,8,7,reject,rule,
195,792,8,6,reject,rule,
195,798,8,5,reject,rule,
195,840,8,6,reject,rule,
195,850,6,6,reject,rule,
195,889,8,5,reject,rule,
195,893,8,7,reject,rule,
195,908,6,6,reject,rule,
195,936,8,6,reject,rule,
195,938,8,5,reject,rule,
195,956,8,6,reject,rule,
196,235,8,5,reject,rule,
196,285,4,6,reject,rule,
196,711,8,5,reject,rule,
196,800,8,5,reject,rule,
196,903,6,6,reject,rule,
196,983,8,8,reject,rule,
197,241,8,6,reject,rule,
197,374,8,6,reject,rule,
197,556,8,5,reject,rule,
197,659,8,6,reject,rule,
197,666,8,5,reject,rule,
202,527,8,6,reject,rule,
202,633,6,7,reject,rule,
202,88,8,5,reject,rule,
203,21,4,7,reject,rule,
203,22,6,6,reject,rule,
203,263,8,6,reject,rule,
203,36,4,5,reject,rule,
203,38,4,5,reject,rule,
203,408,8,6,reject,rule,
203,431,8,6,reject,rule,
203,458,6,6,reject,rule,
203,489,8,6,reject,rule,
203,51,8,6,reject,rule,
203,529,8,10,reject,rule,
203,67,6,7,reject,rule,
203,744,6,6,reject,rule,
203,844,8,7,reject,rule,
203,98,8,6,reject,rule,
205,595,8,7,reject,rule,
206,317,4,6,reject,rule,
209,248,8,5,reject,rule,
209,320,8,6,reject,rule,
209,443,8,6,reject,rule,
209,590,8,6,reject,rule,
209,658,6,7,reject,rule,
209,677,8,5,reject,rule,
209,685,6,5,reject,rule,
209,723,8,6,reject,rule,
209,730,4,6,reject,rule,
209,850,8,6,reject,rule,
209,908,8,7,reject,rule,
21,22,8,6,reject,rule,
21,36,6,6,reject,rule,
21,38,4,7,reject,rule,
21,408,8,5,reject,rule,
21,413,8,8,reject,rule,
21,426,8,8,reject,rule,
21,431,8,6,reject,rule,
21,44,8,6,reject,rule,
21,458,8,6,reject,rule,
21,466,8,6,reject,rule,
21,467,8,5,reject,rule,
21,489,8,5,reject,rule,
21,51,4,7,reject,rule,
21,533,8,6,reject,rule,
21,67,6,6,reject,rule,
215,284,8,7,reject,rule,
215,318,8,5,reject,rule,
215,590,8,6,reject,rule,
215,658,8,6,reject,rule,
215,685,8,5,reject,rule,
215,704,8,6,reject,rule,
215,805,8,6,reject,rule,
215,850,8,6,reject,rule,
215,889,6,4,reject,rule,
215,904,8,5,reject,rule,
215,926,8,7,reject,rule,
216,218,8,8,reject,rule,
216,238,8,6,reject,rule,
216,264,8,6,reject,rule,
216,280,8,8,reject,rule,
216,288,8,5,reject,rule,
216,319,8,5,reject,rule,
216,337,8,6,reject,rule,
216,347,8,6,reject,rule,
216,350,6,6,reject,rule,
216,374,6,6,reject,rule,
216,586,6,7,reject,rule,
216,614,8,6,reject,rule,
216,626,6,8,reject,rule,
216,674,8,6,reject,rule,
216,681,4,5,reject,rule,
216,684,6,6,reject,rule,
216,698,4,7,reject,rule,
216,787,8,5,reject,rule,
216,917,8,6,reject,rule,
217,253,8,7,reject,rule,
217,584,8,5,reject,rule,
217,658,8,8,reject,rule,
217,685,8,5,reject,rule,
217,690,8,5,reject,rule,
217,798,4,6,reject,rule,
217,834,8,6,reject,rule,
217,940,8,6,reject,rule,
217,956,6,8,reject,rule,
218,238,8,8,reject,rule,
218,288,8,6,reject,rule,
218,350,8,7,reject,rule,
218,569,8,7,reject,rule,
218,586,8,7,reject,rule,
218,626,8,6,reject,rule,
218,654,8,6,reject,rule,
218,659,8,5,reject,rule,
218,676,8,5,reject,rule,
218,681,8,7,reject,rule,
218,684,8,6,reject,rule,
218,698,6,6,reject,rule,
218,928,8,6,reject,rule,
219,317,8,7,reject,rule,
219,320,8,6,reject,rule,
219,531,8,7,reject,rule,
219,560,8,6,reject,rule,
219,581,8,5,reject,rule,
219,585,8,8,reject,rule,
219,624,8,5,reject,rule,
219,658,8,7,reject,rule,
219,685,8,5,reject,rule,
219,690,8,8,reject,rule,
22,263,6,6,reject,rule,
22,36,6,5,reject,rule,
22,38,6,6,reject,rule,
22,458,8,6,reject,rule,
22,493,8,5,reject,rule,
22,51,8,6,reject,rule,
22,529,2,6,reject,rule,
22,656,6,6,reject,rule,
22,67,8,5,reject,rule,
22,744,8,5,reject,rule,
22,844,8,8,reject,rule,
22,98,2,5,reject,rule,
22,aria_c_24_12,8,6,reject,rule,
227,256,8,6,reject,rule,
227,292,8,6,reject,rule,
227,319,8,6,reject,rule,
227,358,8,10,reject,rule,
227,365,8,6,reject,rule,
227,608,6,6,reject,rule,
227,634,8,7,reject,rule,
227,637,8,6,reject,rule,
227,652,8,6,reject,rule,
227,679,8,5,reject,rule,
227,682,6,7,reject,rule,
227,713,6,6,reject,rule,
227,829,6,7,reject,rule,
227,958,4,6,reject,rule,
227,999,4,6,reject,rule,
229,408,8,5,reject,rule,
229,63,6,6,reject,rule,
230,288,8,6,reject,rule,
230,356,8,6,reject,rule,
231,260,8,7,reject,rule,
231,295,8,5,reject,rule,
231,319,8,6,reject,rule,
231,321,6,6,reject,rule,
231,328,4,6,reject,rule,
231,337,8,6,reject,rule,
231,347,8,5,reject,rule,
231,356,8,6,reject,rule,
231,374,8,6,reject,rule,
231,551,8,5,reject,rule,
231,561,4,6,reject,rule,
231,614,8,5,reject,rule,
231,615,6,6,reject,rule,
231,641,8,6,reject,rule,
231,674,6,6,reject,rule,
231,718,8,5,reject,rule,
231,759,8,5,reject,rule,
231,787,6,6,reject,rule,
231,92,8,7,reject,rule,
233,336,8,7,reject,rule,
233,550,8,5,reject,rule,
234,390,8,6,reject,rule,
234,739,8,5,reject,rule,
234,88,8,6,reject,rule,
235,285,8,6,reject,rule,
235,903,6,6,reject,rule,
235,911,8,5,reject,rule,
237,663,8,8,reject,rule,
238,260,8,7,reject,rule,
238,379,8,6,reject,rule,
238,586,8,7,reject,rule,
238,626,6,7,reject,rule,
238,698,6,6,reject,rule,
238,708,8,5,reject,rule,
238,880,8,6,reject,rule,
238,942,8,5,reject,rule,
239,346,8,5,reject,rule,
239,367,8,5,reject,rule,
239,598,8,6,reject,rule,
239,735,8,6,reject,rule,
239,766,8,5,reject,rule,
239,840,8,6,reject,rule,
241,255,8,6,reject,rule,
241,295,4,5,reject,rule,
241,337,6,5,reject,rule,
241,356,8,7,reject,rule,
241,556,8,6,reject,rule,
241,614,8,6,reject,rule,
241,641,6,5,reject,rule,
241,649,8,5,reject,rule,
241,659,8,7,reject,rule,
241,666,6,7,reject,rule,
241,674,8,5,reject,rule,
241,676,8,6,reject,rule,
241,711,8,5,reject,rule,
241,787,8,6,reject,rule,
241,797,8,4,reject,rule,
241,883,6,6,reject,rule,
241,925,8,5,reject,rule,
241,941,8,6,reject,rule,
241,976,8,5,reject,rule,
242,692,8,6,reject,rule,
246,742,6,8,reject,rule,
246,81,8,6,reject,rule,
246,941,8,6,reject,rule,
248,253,8,6,reject,rule,
248,257,8,7,reject,rule,
248,265,6,5,reject,rule,
248,290,8,6,reject,rule,
248,443,8,7,reject,rule,
248,537,8,5,reject,rule,
248,658,8,6,reject,rule,
248,673,6,7,reject,rule,
248,685,8,5,reject,rule,
248,690,8,6,reject,rule,
248,730,8,6,reject,rule,
248,769,6,7,reject,rule,
248,776,8,7,reject,rule,
248,798,6,7,reject,rule,
248,828,8,6,reject,rule,
248,908,8,9,reject,rule,
248,956,8,6,reject,rule,
252,288,8,6,reject,rule,
252,295,6,6,reject,rule,
252,319,6,7,reject,rule,
252,337,8,5,reject,rule,
252,347,8,6,reject,rule,
252,350,8,6,reject,rule,
252,356,4,7,reject,rule,
252,371,8,6,reject,rule,
252,561,8,5,reject,rule,
252,586,8,6,reject,rule,
252,604,6,7,reject,rule,
252,625,8,6,reject,rule,
252,669,6,5,reject,rule,
252,674,6,6,reject,rule,
252,742,8,5,reject,rule,
252,75,8,5,reject,rule,
252,787,6,7,reject,rule,
252,81,8,5,reject,rule,
252,817,8,6,reject,rule,
252,85,8,6,reject,rule,
252,939,8,4,reject,rule,
252,941,6,7,reject,rule,
252,942,8,6,reject,rule,
253,257,6,6,reject,rule,
253,265,8,5,reject,rule,
253,271,8,6,reject,rule,
253,277,8,6,reject,rule,
253,294,8,5,reject,rule,
253,318,6,6,reject,rule,
253,367,8,5,reject,rule,
253,395,8,6,reject,rule,
253,443,4,5,reject,rule,
253,456,8,6,reject,rule,
253,537,8,6,reject,rule,
253,560,8,6,reject,rule,
253,584,8,6,reject,rule,
253,599,8,5,reject,rule,
253,624,8,5,reject,rule,
253,658,4,6,reject,rule,
253,673,8,5,reject,rule,
253,685,4,5,reject,rule,
253,690,8,5,reject,rule,
253,704,8,7,reject,rule,
253,706,8,6,reject,rule,
253,769,6,6,reject,rule,
253,776,8,6,reject,rule,
253,798,6,6,reject,rule,
253,828,8,5,reject,rule,
253,889,8,5,reject,rule,
253,908,8,6,reject,rule,
253,956,8,6,reject,rule,
255,288,8,6,reject,rule,
255,295,6,6,reject,rule,
255,319,6,7,reject,rule,
255,337,4,6,reject,rule,
255,347,8,7,reject,rule,
255,350,8,10,reject,rule,
255,363,8,6,reject,rule,
255,371,8,6,reject,rule,
255,582,8,5,reject,rule,
255,604,8,6,reject,rule,
255,614,8,6,reject,rule,
255,626,8,6,reject,rule,
255,645,8,6,reject,rule,
255,674,8,6,reject,rule,
255,676,8,5,reject,rule,
255,681,8,6,reject,rule,
255,693,8,6,reject,rule,
255,695,8,5,reject,rule,
255,701,8,6,reject,rule,
255,711,8,6,reject,rule,
255,787,6,5,reject,rule,
255,797,8,5,reject,rule,
255,817,8,6,reject,rule,
255,888,8,5,reject,rule,
255,941,8,8,reject,rule,
255,975,6,7,reject,rule,
255,976,8,6,reject,rule,
256,292,4,10,reject,rule,
256,365,8,7,reject,rule,
256,662,8,6,reject,rule,
256,682,6,10,reject,rule,
256,740,8,6,reject,rule,
256,829,8,4,reject,rule,
256,958,6,6,reject,rule,
257,265,6,5,reject,rule,
257,277,8,6,reject,rule,
257,294,8,5,reject,rule,
257,318,4,5,reject,rule,
257,351,8,6,reject,rule,
257,367,8,7,reject,rule,
257,395,8,7,reject,rule,
257,443,8,7,reject,rule,
257,537,8,7,reject,rule,
257,560,8,6,reject,rule,
257,563,8,7,reject,rule,
257,581,8,7,reject,rule,
257,599,6,8,reject,rule,
257,616,8,6,reject,rule,
257,658,6,6,reject,rule,
257,673,6,6,reject,rule,
257,685,6,6,reject,rule,
257,690,8,6,reject,rule,
257,704,6,7,reject,rule,
257,735,8,6,reject,rule,
257,765,8,6,reject,rule,
257,769,8,6,reject,rule,
257,776,8,5,reject,rule,
257,805,8,6,reject,rule,
257,828,8,5,reject,rule,
257,893,8,5,reject,rule,
257,90,8,5,reject,rule,
257,908,6,7,reject,rule,
257,938,8,5,reject,rule,
258,279,8,6,reject,rule,
258,402,8,5,reject,rule,
258,532,8,6,reject,rule,
258,539,8,6,reject,rule,
258,578,8,9,reject,rule,
258,583,8,7,reject,rule,
258,66,4,7,reject,rule,
258,898,8,6,reject,rule,
258,917,6,5,reject,rule,
26,390,8,6,reject,rule,
26,43,6,6,reject,rule,
26,473,8,5,reject,rule,
26,492,8,5,reject,rule,
260,266,8,5,reject,rule,
260,321,8,6,reject,rule,
260,328,8,5,reject,rule,
260,362,8,5,reject,rule,
260,561,6,7,reject,rule,
260,626,8,7,reject,rule,
260,654,8,7,reject,rule,
260,684,8,6,reject,rule,
260,698,8,6,reject,rule,
260,708,8,6,reject,rule,
260,779,8,5,reject,rule,
260,803,6,6,reject,rule,
260,905,6,7,reject,rule,
260,942,8,6,reject,rule,
263,378,8,6,reject,rule,
263,529,6,5,reject,rule,
263,550,8,6,reject,rule,
263,656,6,6,reject,rule,
263,744,8,5,reject,rule,
263,98,8,7,reject,rule,
264,270,8,7,reject,rule,
264,288,8,5,reject,rule,
264,295,8,6,reject,rule,
264,347,6,5,reject,rule,
264,350,6,6,reject,rule,
264,362,8,6,reject,rule,
264,374,4,6,reject,rule,
264,532,8,6,reject,rule,
264,561,8,6,reject,rule,
264,586,6,7,reject,rule,
264,604,8,5,reject,rule,
264,681,8,6,reject,rule,
264,917,6,5,reject,rule,
265,318,8,6,reject,rule,
265,560,8,6,reject,rule,
265,581,8,6,reject,rule,
265,599,8,7,reject,rule,
265,658,8,6,reject,rule,
265,673,6,6,reject,rule,
265,685,8,5,reject,rule,
265,690,8,6,reject,rule,
265,730,8,5,reject,rule,
265,769,6,6,reject,rule,
265,828,8,5,reject,rule,
266,561,8,10,reject,rule,
266,614,8,6,reject,rule,
266,641,8,5,reject,rule,
266,676,8,6,reject,rule,
267,652,8,6,reject,rule,
268,557,8,6,reject,rule,
269,277,6,6,reject,rule,
269,294,8,5,reject,rule,
269,317,6,6,reject,rule,
269,351,8,7,reject,rule,
269,367,8,7,reject,rule,
269,375,8,6,reject,rule,
269,584,8,6,reject,rule,
269,585,8,7,reject,rule,
269,616,8,5,reject,rule,
269,651,8,5,reject,rule,
269,675,8,6,reject,rule,
269,680,8,6,reject,rule,
269,707,8,6,reject,rule,
269,840,6,6,reject,rule,
269,901,6,7,reject,rule,
269,924,8,6,reject,rule,
269,936,8,6,reject,rule,
269,944,6,6,reject,rule,
270,274,8,5,reject,rule,
270,280,8,8,reject,rule,
270,285,8,8,reject,rule,
270,305,6,6,reject,rule,
270,319,8,8,reject,rule,
270,339,8,6,reject,rule,
270,347,8,5,reject,rule,
270,374,8,9,reject,rule,
270,562,8,7,reject,rule,
270,574,6,6,reject,rule,
270,578,8,7,reject,rule,
270,586,6,7,reject,rule,
270,591,8,7,reject,rule,
270,625,8,6,reject,rule,
270,626,8,9,reject,rule,
270,659,8,6,reject,rule,
270,681,8,7,reject,rule,
270,693,8,7,reject,rule,
270,880,6,6,reject,rule,
270,969,8,9,reject,rule,
271,277,8,5,reject,rule,
271,278,6,6,reject,rule,
271,287,6,5,reject,rule,
271,375,6,7,reject,rule,
271,550,8,6,reject,rule,
271,584,6,6,reject,rule,
271,585,6,5,reject,rule,
271,640,6,6,reject,rule,
271,642,8,6,reject,rule,
271,658,8,5,reject,rule,
271,667,6,6,reject,rule,
271,685,8,5,reject,rule,
271,723,8,6,reject,rule,
271,798,8,6,reject,rule,
271,854,8,6,reject,rule,
271,916,8,7,reject,rule,
273,556,8,7,reject,rule,
274,574,8,7,reject,rule,
274,625,6,5,reject,rule,
274,659,8,13,reject,rule,
277,294,4,5,reject,rule,
277,313,8,5,reject,rule,
277,317,8,6,reject,rule,
277,318,6,7,reject,rule,
277,346,8,6,reject,rule,
277,351,8,6,reject,rule,
277,367,6,5,reject,rule,
277,372,6,6,reject,rule,
277,375,6,6,reject,rule,
277,560,6,6,reject,rule,
277,563,4,6,reject,rule,
277,579,6,7,reject,rule,
277,581,8,6,reject,rule,
277,584,2,7,reject,rule,
277,585,8,7,reject,rule,
277,599,8,6,reject,rule,
277,616,8,6,reject,rule,
277,618,8,5,reject,rule,
277,624,8,5,reject,rule,
277,651,8,5,reject,rule,
277,658,6,8,reject,rule,
277,680,6,7,reject,rule,
277,683,8,7,reject,rule,
277,685,6,5,reject,rule,
277,690,6,6,reject,rule,
277,704,8,8,reject,rule,
277,735,8,6,reject,rule,
277,765,4,5,reject,rule,
277,766,8,6,reject,rule,
277,792,8,6,reject,rule,
277,798,6,6,reject,rule,
277,828,8,6,reject,rule,
277,840,8,6,reject,rule,
277,850,8,6,reject,rule,
277,868,8,7,reject,rule,
277,908,8,7,reject,rule,
277,936,8,8,reject,rule,
277,940,8,6,reject,rule,
277,944,8,9,reject,rule,
277,956,6,7,reject,rule,
278,287,8,5,reject,rule,
278,557,8,5,reject,rule,
278,579,8,7,reject,rule,
278,640,6,6,reject,rule,
278,683,6,6,reject,rule,
278,723,8,6,reject,rule,
278,725,6,5,reject,rule,
278,743,6,6,reject,rule,
278,786,8,5,reject,rule,
278,818,8,6,reject,rule,
278,916,8,6,reject,rule,
279,295,8,6,reject,rule,
279,539,6,7,reject,rule,
279,595,8,7,reject,rule,
279,695,8,5,reject,rule,
279,898,8,6,reject,rule,
279,917,6,5,reject,rule,
279,988,8,6,reject,rule,
28,444,6,6,reject,rule,
28,479,8,6,reject,rule,
28,88,6,6,reject,rule,
280,288,8,7,reject,rule,
280,319,4,7,reject,rule,
280,337,8,6,reject,rule,
280,347,8,7,reject,rule,
280,350,6,7,reject,rule,
280,356,8,6,reject,rule,
280,379,8,10,reject,rule,
280,586,8,7,reject,rule,
280,604,8,6,reject,rule,
280,614,6,6,reject,rule,
280,615,8,6,reject,rule,
280,625,8,5,reject,rule,
280,626,6,9,reject,rule,
280,659,8,6,reject,rule,
280,674,6,5,reject,rule,
280,681,6,6,reject,rule,
280,698,8,6,reject,rule,
280,787,6,5,reject,rule,
280,941,8,6,reject,rule,
284,318,8,6,reject,rule,
284,351,6,6,reject,rule,
284,367,8,5,reject,rule,
284,560,8,6,reject,rule,
284,563,8,6,reject,rule,
284,579,8,6,reject,rule,
284,599,6,6,reject,rule,
284,616,8,7,reject,rule,
284,683,8,6,reject,rule,
284,704,4,6,reject,rule,
284,765,6,5,reject,rule,
284,766,8,6,reject,rule,
284,802,8,7,reject,rule,
284,805,8,6,reject,rule,
284,840,8,8,reject,rule,
284,850,8,6,reject,rule,
284,893,8,5,reject,rule,
284,899,8,6,reject,rule,
284,904,8,9,reject,rule,
284,91,8,6,reject,rule,
284,926,8,6,reject,rule,
284,938,6,7,reject,rule,
285,693,6,5,reject,rule,
285,711,8,6,reject,rule,
285,903,8,5,reject,rule,
287,585,8,6,reject,rule,
287,598,8,6,reject,rule,
287,618,8,7,reject,rule,
287,642,8,6,reject,rule,
287,667,8,7,reject,rule,
287,818,8,5,reject,rule,
287,854,8,6,reject,rule,
287,916,8,5,reject,rule,
288,295,8,5,reject,rule,
288,319,8,6,reject,rule,
288,337,6,6,reject,rule,
288,347,8,6,reject,rule,
288,350,4,5,reject,rule,
288,356,6,5,reject,rule,
288,363,8,6,reject,rule,
288,371,8,6,reject,rule,
288,374,8,5,reject,rule,
288,379,8,5,reject,rule,
288,586,8,7,reject,rule,
288,604,8,6,reject,rule,
288,614,6,7,reject,rule,
288,626,8,5,reject,rule,
288,674,8,6,reject,rule,
288,676,8,6,reject,rule,
288,681,6,6,reject,rule,
288,698,8,6,reject,rule,
288,787,8,7,reject,rule,
288,817,6,6,reject,rule,
288,898,8,6,reject,rule,
288,928,8,5,reject,rule,
288,942,8,5,reject,rule,
290,642,8,6,reject,rule,
290,677,8,8,reject,rule,
290,690,8,5,reject,rule,
290,776,8,6,reject,rule,
290,792,8,6,reject,rule,
290,798,8,5,reject,rule,
290,823,6,5,reject,rule,
290,834,8,5,reject,rule,
290,868,8,7,reject,rule,
290,956,8,6,reject,rule,
292,298,8,5,reject,rule,
292,365,8,7,reject,rule,
292,682,8,7,reject,rule,
292,829,8,6,reject,rule,
292,833,6,6,reject,rule,
292,958,6,5,reject,rule,
293,383,6,6,reject,rule,
293,639,8,7,reject,rule,
293,65,6,7,reject,rule,
293,758,6,7,reject,rule,
294,318,6,6,reject,rule,
294,346,4,6,reject,rule,
294,351,8,6,reject,rule,
294,367,8,5,reject,rule,
294,372,8,6,reject,rule,
294,375,8,5,reject,rule,
294,560,8,6,reject,rule,
294,563,8,5,reject,rule,
294,579,8,8,reject,rule,
294,584,6,5,reject,rule,
294,599,8,5,reject,rule,
294,618,8,6,reject,rule,
294,624,8,6,reject,rule,
294,658,4,5,reject,rule,
294,673,8,6,reject,rule,
294,677,8,5,reject,rule,
294,680,6,5,reject,rule,
294,685,4,5,reject,rule,
294,690,6,4,reject,rule,
294,704,8,6,reject,rule,
294,765,6,6,reject,rule,
294,798,6,5,reject,rule,
294,828,8,6,reject,rule,
294,834,8,6,reject,rule,
294,850,8,6,reject,rule,
294,868,6,7,reject,rule,
294,889,8,5,reject,rule,
294,908,6,5,reject,rule,
294,924,8,5,reject,rule,
294,938,8,5,reject,rule,
294,944,8,7,reject,rule,
294,950,8,6,reject,rule,
294,956,8,6,reject,rule,
295,319,6,7,reject,rule,
295,328,8,6,reject,rule,
295,337,4,5,reject,rule,
295,347,8,8,reject,rule,
295,350,6,6,reject,rule,
295,356,4,8,reject,rule,
295,374,8,6,reject,rule,
295,561,6,6,reject,rule,
295,586,8,6,reject,rule,
295,604,6,5,reject,rule,
295,614,6,5,reject,rule,
295,641,6,6,reject,rule,
295,674,4,6,reject,rule,
295,676,8,5,reject,rule,
295,693,8,6,reject,rule,
295,695,8,5,reject,rule,
295,698,8,6,reject,rule,
295,742,8,5,reject,rule,
295,75,8,6,reject,rule,
295,787,4,6,reject,rule,
295,81,6,6,reject,rule,
295,817,8,6,reject,rule,
295,917,8,7,reject,rule,
295,941,6,5,reject,rule,
295,975,8,6,reject,rule,
295,976,8,7,reject,rule,
296,940,8,7,reject,rule,
298,728,8,5,reject,rule,
3,421,8,5,reject,rule,
304,317,8,6,reject,rule,
304,585,8,6,reject,rule,
304,675,8,5,reject,rule,
305,574,8,7,reject,rule,
305,586,8,6,reject,rule,
305,681,8,5,reject,rule,
305,835,8,5,reject,rule,
305,973,8,6,reject,rule,
308,916,8,6,reject,rule,
313,584,8,5,reject,rule,
313,690,8,6,reject,rule,
313,798,8,6,reject,rule,
313,828,6,4,reject,rule,
313,956,8,6,reject,rule,
314,569,8,7,reject,rule,
317,531,8,6,reject,rule,
317,584,8,5,reject,rule,
317,585,8,10,reject,rule,
317,651,8,9,reject,rule,
317,680,8,6,reject,rule,
317,944,8,6,reject,rule,
318,346,8,6,reject,rule,
318,351,6,5,reject,rule,
318,367,6,6,reject,rule,
318,395,6,5,reject,rule,
318,443,8,6,reject,rule,
318,560,6,5,reject,rule,
318,563,8,5,reject,rule,
318,581,8,7,reject,rule,
318,584,8,6,reject,rule,
318,599,2,6,reject,rule,
318,616,6,6,reject,rule,
318,624,8,6,reject,rule,
318,658,4,6,reject,rule,
318,673,6,6,reject,rule,
318,685,4,6,reject,rule,
318,687,8,6,reject,rule,
318,690,6,5,reject,rule,
318,704,4,5,reject,rule,
318,735,6,5,reject,rule,
318,765,6,6,reject,rule,
318,766,8,6,reject,rule,
318,769,8,6,reject,rule,
318,776,8,5,reject,rule,
318,786,8,7,reject,rule,
318,798,8,6,reject,rule,
318,802,6,5,reject,rule,
318,805,6,5,reject,rule,
318,828,8,6,reject,rule,
318,850,8,6,reject,rule,
318,889,6,4,reject,rule,
318,90,8,6,reject,rule,
318,904,8,7,reject,rule,
318,908,6,7,reject,rule,
318,926,8,6,reject,rule,
318,938,4,7,reject,rule,
318,956,8,7,reject,rule,
318,974,8,6,reject,rule,
318,im0032,8,5,reject,rule,
319,337,4,6,reject,rule,
319,347,6,6,reject,rule,
319,350,6,5,reject,rule,
319,356,6,6,reject,rule,
319,374,8,5,reject,rule,
319,561,8,6,reject,rule,
319,586,6,7,reject,rule,
319,604,4,5,reject,rule,
319,614,8,5,reject,rule,
319,625,6,6,reject,rule,
319,626,6,5,reject,rule,
319,645,8,5,reject,rule,
319,659,8,5,reject,rule,
319,674,4,7,reject,rule,
319,681,6,5,reject,rule,
319,684,8,7,reject,rule,
319,698,8,6,reject,rule,
319,787,2,5,reject,rule,
319,817,8,5,reject,rule,
319,831,8,6,reject,rule,
319,888,8,5,reject,rule,
319,939,8,4,reject,rule,
319,941,8,6,reject,rule,
319,975,8,6,reject,rule,
320,336,8,6,reject,rule,
320,560,6,6,reject,rule,
320,581,4,7,reject,rule,
320,585,8,6,reject,rule,
320,590,6,6,reject,rule,
320,616,8,6,reject,rule,
320,624,6,6,reject,rule,
320,658,6,7,reject,rule,
320,685,6,6,reject,rule,
320,690,8,7,reject,rule,
320,723,8,5,reject,rule,
320,730,8,11,reject,rule,
320,908,8,6,reject,rule,
320,im0032,8,5,reject,rule,
321,328,8,8,reject,rule,
321,561,8,6,reject,rule,
321,684,8,7,reject,rule,
321,718,8,6,reject,rule,
325,596,8,6,reject,rule,
325,598,6,6,reject,rule,
325,854,8,6,reject,rule,
328,347,8,6,reject,rule,
328,374,8,6,reject,rule,
328,551,8,6,reject,rule,
328,561,4,6,reject,rule,
328,615,8,7,reject,rule,
328,641,8,6,reject,rule,
328,674,8,6,reject,rule,
328,718,8,6,reject,rule,
328,759,8,5,reject,rule,
328,787,8,5,reject,rule,
328,81,8,5,reject,rule,
329,584,8,6,reject,rule,
329,618,8,7,reject,rule,
329,690,8,8,reject,rule,
329,901,8,8,reject,rule,
331,825,8,6,reject,rule,
336,560,8,6,reject,rule,
336,581,6,6,reject,rule,
336,590,8,7,reject,rule,
336,624,6,6,reject,rule,
336,940,6,6,reject,rule,
337,347,8,6,reject,rule,
337,350,6,7,reject,rule,
337,356,6,6,reject,rule,
337,371,8,6,reject,rule,
337,374,6,6,reject,rule,
337,586,8,7,reject,rule,
337,604,6,7,reject,rule,
337,614,4,6,reject,rule,
337,626,8,5,reject,rule,
337,641,8,5,reject,rule,
337,645,8,5,reject,rule,
337,674,4,5,reject,rule,
337,681,6,6,reject,rule,
337,698,6,7,reject,rule,
337,718,8,6,reject,rule,
337,787,2,6,reject,rule,
337,817,8,5,reject,rule,
337,831,8,7,reject,rule,
337,895,8,7,reject,rule,
337,976,8,5,reject,rule,
339,569,8,6,reject,rule,
339,574,8,6,reject,rule,
339,586,8,6,reject,rule,
339,659,8,6,reject,rule,
339,666,8,6,reject,rule,
339,681,8,5,reject,rule,
339,684,8,6,reject,rule,
343,776,8,6,reject,rule,
344,586,8,6,reject,rule,
344,684,8,7,reject,rule,
344,942,8,6,reject,rule,
346,351,6,5,reject,rule,
346,361,8,5,reject,rule,
346,367,8,6,reject,rule,
346,560,6,7,reject,rule,
346,581,8,5,reject,rule,
346,598,6,7,reject,rule,
346,599,8,6,reject,rule,
346,624,6,5,reject,rule,
346,658,6,6,reject,rule,
346,677,8,6,reject,rule,
346,685,6,5,reject,rule,
346,690,8,7,reject,rule,
346,704,8,8,reject,rule,
346,765,4,5,reject,rule,
346,766,8,5,reject,rule,
346,776,8,5,reject,rule,
346,798,8,5,reject,rule,
346,802,8,7,reject,rule,
346,805,6,5,reject,rule,
346,834,8,6,reject,rule,
346,840,8,6,reject,rule,
346,850,8,6,reject,rule,
346,868,8,6,reject,rule,
346,889,8,5,reject,rule,
346,893,8,5,reject,rule,
346,908,6,5,reject,rule,
346,936,8,5,reject,rule,
346,938,6,5,reject,rule,
346,956,8,8,reject,rule,
347,350,8,5,reject,rule,
347,356,8,7,reject,rule,
347,371,8,5,reject,rule,
347,374,6,6,reject,rule,
347,561,8,5,reject,rule,
347,586,6,7,reject,rule,
347,604,8,6,reject,rule,
347,614,8,5,reject,rule,
347,615,8,8,reject,rule,
347,626,6,6,reject,rule,
347,674,6,5,reject,rule,
347,681,8,6,reject,rule,
347,693,8,6,reject,rule,
347,742,8,6,reject,rule,
347,787,6,6,reject,rule,
347,839,8,6,reject,rule,
347,917,8,6,reject,rule,
347,949,8,7,reject,rule,
350,356,6,6,reject,rule,
350,371,8,5,reject,rule,
350,374,8,7,reject,rule,
350,379,8,5,reject,rule,
350,561,8,5,reject,rule,
350,586,6,6,reject,rule,
350,604,4,6,reject,rule,
350,614,6,5,reject,rule,
350,626,6,6,reject,rule,
350,674,6,6,reject,rule,
350,681,6,6,reject,rule,
350,698,6,5,reject,rule,
350,787,6,12,reject,rule,
350,817,4,7,reject,rule,
350,898,8,6,reject,rule,
350,917,8,6,reject,rule,
350,928,6,6,reject,rule,
350,941,8,7,reject,rule,
350,942,8,6,reject,rule,
350,975,8,7,reject,rule,
351,367,6,5,reject,rule,
351,560,4,5,reject,rule,
351,581,6,5,reject,rule,
351,599,4,8,reject,rule,
351,616,4,5,reject,rule,
351,624,6,6,reject,rule,
351,658,8,6,reject,rule,
351,680,8,5,reject,rule,
351,685,8,6,reject,rule,
351,690,8,7,reject,rule,
351,704,6,5,reject,rule,
351,730,8,5,reject,rule,
351,765,6,5,reject,rule,
351,766,8,6,reject,rule,
351,802,6,7,reject,rule,
351,805,8,5,reject,rule,
351,840,6,5,reject,rule,
351,850,6,5,reject,rule,
351,893,6,6,reject,rule,
351,90,6,5,reject,rule,
351,904,8,5,reject,rule,
351,926,8,6,reject,rule,
351,936,6,6,reject,rule,
351,938,4,6,reject,rule,
351,974,8,5,reject,rule,
356,379,8,5,reject,rule,
356,561,8,8,reject,rule,
356,586,8,7,reject,rule,
356,604,6,7,reject,rule,
356,614,6,6,reject,rule,
356,625,8,6,reject,rule,
356,626,8,7,reject,rule,
356,669,8,6,reject,rule,
356,674,2,6,reject,rule,
356,698,8,6,reject,rule,
356,787,4,5,reject,rule,
356,817,6,5,reject,rule,
356,831,6,5,reject,rule,
356,898,6,7,reject,rule,
356,917,8,6,reject,rule,
356,92,8,7,reject,rule,
356,939,8,5,reject,rule,
356,941,6,7,reject,rule,
356,942,8,5,reject,rule,
356,975,8,9,reject,rule,
358,608,8,6,reject,rule,
358,682,8,8,reject,rule,
358,713,6,6,reject,rule,
358,732,8,7,reject,rule,
358,829,8,5,reject,rule,
36,38,6,6,reject,rule,
36,408,8,6,reject,rule,
36,458,6,6,reject,rule,
36,482,6,7,reject,rule,
36,487,8,5,reject,rule,
36,489,8,5,reject,rule,
36,51,6,7,reject,rule,
36,529,8,7,reject,rule,
36,63,8,6,reject,rule,
36,67,6,6,reject,rule,
36,744,8,5,reject,rule,
36,844,8,6,reject,rule,
36,98,8,5,reject,rule,
361,598,8,6,reject,rule,
361,683,8,6,reject,rule,
361,706,8,5,reject,rule,
361,765,8,5,reject,rule,
361,854,8,6,reject,rule,
362,705,8,7,reject,rule,
362,779,8,5,reject,rule,
362,81,8,8,reject,rule,
363,582,8,6,reject,rule,
363,645,6,7,reject,rule,
363,703,8,6,reject,rule,
363,797,8,6,reject,rule,
363,827,8,6,reject,rule,
363,831,8,10,reject,rule,
363,835,8,6,reject,rule,
363,883,8,6,reject,rule,
363,895,8,6,reject,rule,
363,910,8,6,reject,rule,
364,372,8,6,reject,rule,
364,828,8,5,reject,rule,
365,682,6,6,reject,rule,
365,740,8,5,reject,rule,
365,829,6,5,reject,rule,
365,958,8,5,reject,rule,
367,375,8,6,reject,rule,
367,560,6,6,reject,rule,
367,563,8,6,reject,rule,
367,581,6,6,reject,rule,
367,584,8,5,reject,rule,
367,599,4,6,reject,rule,
367,616,8,6,reject,rule,
367,624,8,5,reject,rule,
367,658,6,6,reject,rule,
367,680,8,7,reject,rule,
367,683,8,6,reject,rule,
367,685,6,5,reject,rule,
367,690,8,6,reject,rule,
367,704,6,5,reject,rule,
367,706,8,7,reject,rule,
367,730,8,6,reject,rule,
367,735,8,6,reject,rule,
367,743,8,5,reject,rule,
367,765,6,5,reject,rule,
367,766,8,7,reject,rule,
367,798,8,6,reject,rule,
367,802,8,6,reject,rule,
367,840,4,6,reject,rule,
367,850,8,7,reject,rule,
367,893,8,6,reject,rule,
367,896,8,6,reject,rule,
367,90,8,5,reject,rule,
367,908,8,7,reject,rule,
367,936,8,6,reject,rule,
367,938,6,5,reject,rule,
367,956,8,7,reject,rule,
371,578,8,5,reject,rule,
371,614,8,5,reject,rule,
371,626,8,6,reject,rule,
371,817,8,5,reject,rule,
372,375,6,6,reject,rule,
372,584,4,7,reject,rule,
372,618,8,6,reject,rule,
372,690,8,6,reject,rule,
372,798,8,5,reject,rule,
372,956,8,6,reject,rule,
374,586,6,6,reject,rule,
374,614,8,5,reject,rule,
374,626,8,6,reject,rule,
374,674,8,5,reject,rule,
374,681,6,7,reject,rule,
374,684,8,7,reject,rule,
374,698,6,5,reject,rule,
374,718,6,5,reject,rule,
374,787,6,5,reject,rule,
374,917,8,5,reject,rule,
375,550,8,6,reject,rule,
375,584,4,5,reject,rule,
375,585,8,7,reject,rule,
375,618,6,6,reject,rule,
375,640,8,5,reject,rule,
375,642,8,6,reject,rule,
375,651,6,6,reject,rule,
375,690,8,6,reject,rule,
375,692,8,6,reject,rule,
375,707,6,7,reject,rule,
375,798,8,8,reject,rule,
375,901,8,6,reject,rule,
375,956,8,6,reject,rule,
378,550,8,5,reject,rule,
378,640,8,8,reject,rule,
378,651,8,7,reject,rule,
378,854,8,5,reject,rule,
379,561,8,7,reject,rule,
379,586,8,5,reject,rule,
379,614,8,6,reject,rule,
379,615,8,5,reject,rule,
379,626,8,6,reject,rule,
379,659,8,6,reject,rule,
379,674,8,5,reject,rule,
379,905,8,6,reject,rule,
379,928,8,6,reject,rule,
379,931,8,4,reject,rule,
379,941,8,7,reject,rule,
379,942,8,6,reject,rule,
38,408,6,5,reject,rule,
38,431,8,6,reject,rule,
38,44,6,12,reject,rule,
38,458,6,6,reject,rule,
38,463,8,7,reject,rule,
38,489,8,5,reject,rule,
38,5,8,7,reject,rule,
38,51,8,6,reject,rule,
38,529,8,5,reject,rule,
38,67,6,5,reject,rule,
38,70,8,5,reject,rule,
38,98,6,5,reject,rule,
380,557,8,9,reject,rule,
380,729,8,5,reject,rule,
380,972,8,9,reject,rule,
383,639,8,7,reject,rule,
39,42,6,6,reject,rule,
39,473,8,5,reject,rule,
39,492,8,6,reject,rule,
390,42,8,6,reject,rule,
390,492,6,6,reject,rule,
390,75,8,6,reject,rule,
394,397,8,5,reject,rule,
395,584,8,7,reject,rule,
395,599,8,6,reject,rule,
395,735,8,5,reject,rule,
395,743,8,6,reject,rule,
397,822,8,5,reject,rule,
397,885,8,5,reject,rule,
402,410,8,6,reject,rule,
402,532,8,7,reject,rule,
402,591,8,8,reject,rule,
406,420,6,6,reject,rule,
408,426,8,5,reject,rule,
408,489,6,6,reject,rule,
408,5,6,6,reject,rule,
408,63,6,6,reject,rule,
408,67,8,5,reject,rule,
41,899,8,7,reject,rule,
410,500,8,7,reject,rule,
413,533,8,6,reject,rule,
413,54,8,5,reject,rule,
413,69,8,7,reject,rule,
42,473,6,6,reject,rule,
42,53,8,8,reject,rule,
42,93,8,6,reject,rule,
426,446,8,7,reject,rule,
43,473,8,6,reject,rule,
43,492,6,5,reject,rule,
43,530,8,5,reject,rule,
43,aria_d_6_3,6,6,reject,rule,
43,im0194,8,5,reject,rule,
431,44,6,5,reject,rule,
431,463,8,5,reject,rule,
44,463,8,6,reject,rule,
44,478,8,5,reject,rule,
44,70,6,5,reject,rule,
44,98,8,6,reject,rule,
442,50,6,6,reject,rule,
442,556,8,5,reject,rule,
443,537,8,5,reject,rule,
443,599,8,7,reject,rule,
443,624,8,6,reject,rule,
443,658,6,9,reject,rule,
443,685,6,5,reject,rule,
443,704,8,6,reject,rule,
443,706,8,5,reject,rule,
443,723,8,6,reject,rule,
443,730,8,6,reject,rule,
443,889,8,5,reject,rule,
443,908,8,7,reject,rule,
443,926,8,9,reject,rule,
444,479,8,5,reject,rule,
444,88,8,5,reject,rule,
446,454,6,5,reject,rule,
446,863,8,6,reject,rule,
45,im0216,8,7,reject,rule,
456,537,8,6,reject,rule,
458,463,8,6,reject,rule,
458,478,8,7,reject,rule,
458,493,6,5,reject,rule,
458,744,8,6,reject,rule,
458,98,8,9,reject,rule,
463,70,8,5,reject,rule,
466,467,8,5,reject,rule,
466,524,8,6,reject,rule,
467,51,8,6,reject,rule,
467,524,8,5,reject,rule,
467,541,8,7,reject,rule,
473,492,8,5,reject,rule,
475,715,8,6,reject,rule,
482,487,6,6,reject,rule,
482,51,8,6,reject,rule,
487,51,8,6,reject,rule,
487,533,8,10,reject,rule,
489,5,8,6,reject,rule,
489,67,8,7,reject,rule,
489,844,8,8,reject,rule,
492,530,6,5,reject,rule,
492,75,4,6,reject,rule,
492,81,8,8,reject,rule,
493,524,8,6,reject,rule,
493,541,8,6,reject,rule,
50,519,8,7,reject,rule,
508,537,8,7,reject,rule,
51,533,8,6,reject,rule,
51,67,4,5,reject,rule,
515,53,8,6,reject,rule,
524,541,8,9,reject,rule,
527,64,8,57,confirm,rule,
529,656,6,6,reject,rule,
529,98,4,6,reject,rule,
529,aria_c_24_12,8,6,reject,rule,
530,708,8,6,reject,rule,
530,75,4,6,reject,rule,
530,81,6,5,reject,rule,
530,92,4,7,reject,rule,
533,61,8,5,reject,rule,
533,69,8,5,reject,rule,
537,590,8,8,reject,rule,
537,658,8,7,reject,rule,
537,685,8,5,reject,rule,
538,aria_c_25_10,8,6,reject,rule,
539,917,8,5,reject,rule,
548,826,8,6,reject,rule,
550,584,8,5,reject,rule,
550,640,6,5,reject,rule,
550,651,8,6,reject,rule,
550,692,6,6,reject,rule,
550,901,8,6,reject,rule,
551,615,6,7,reject,rule,
556,583,8,6,reject,rule,
556,659,8,6,reject,rule,
557,579,8,5,reject,rule,
557,677,6,6,reject,rule,
557,683,8,5,reject,rule,
557,704,8,6,reject,rule,
557,743,4,6,reject,rule,
557,908,8,7,reject,rule,
560,563,8,6,reject,rule,
560,581,2,6,reject,rule,
560,584,8,5,reject,rule,
560,585,6,7,reject,rule,
560,590,6,7,reject,rule,
560,599,6,7,reject,rule,
560,616,6,7,reject,rule,
560,624,2,7,reject,rule,
560,658,4,6,reject,rule,
560,685,4,5,reject,rule,
560,687,8,6,reject,rule,
560,690,4,7,reject,rule,
560,704,8,5,reject,rule,
560,706,8,5,reject,rule,
560,723,8,6,reject,rule,
560,730,6,5,reject,rule,
560,765,4,7,reject,rule,
560,766,8,7,reject,rule,
560,776,6,7,reject,rule,
560,798,8,6,reject,rule,
560,805,8,7,reject,rule,
560,840,8,7,reject,rule,
560,850,8,6,reject,rule,
560,889,8,5,reject,rule,
560,893,8,6,reject,rule,
560,90,8,6,reject,rule,
560,908,8,7,reject,rule,
560,936,8,6,reject,rule,
560,938,8,5,reject,rule,
560,940,8,7,reject,rule,
560,956,6,10,reject,rule,
560,im0032,8,5,reject,rule,
561,586,8,6,reject,rule,
561,604,8,6,reject,rule,
561,615,6,6,reject,rule,
561,641,6,7,reject,rule,
561,674,8,6,reject,rule,
561,676,8,6,reject,rule,
561,742,8,5,reject,rule,
561,759,8,6,reject,rule,
561,787,8,5,reject,rule,
561,81,8,7,reject,rule,
561,905,8,5,reject,rule,
561,92,8,6,reject,rule,
561,941,8,7,reject,rule,
562,574,8,6,reject,rule,
562,578,6,6,reject,rule,
562,582,8,6,reject,rule,
562,625,8,7,reject,rule,
562,649,8,5,reject,rule,
562,693,8,6,reject,rule,
562,703,8,6,reject,rule,
562,817,8,7,reject,rule,
562,835,6,6,reject,rule,
562,852,8,6,reject,rule,
562,969,8,6,reject,rule,
563,579,6,6,reject,rule,
563,581,8,6,reject,rule,
563,584,6,6,reject,rule,
563,658,8,7,reject,rule,
563,677,8,7,reject,rule,
563,680,6,8,reject,rule,
563,683,8,5,reject,rule,
563,685,8,5,reject,rule,
563,690,8,6,reject,rule,
563,704,6,4,reject,rule,
563,706,8,5,reject,rule,
563,735,6,6,reject,rule,
563,743,8,5,reject,rule,
563,765,6,6,reject,rule,
563,766,6,6,reject,rule,
563,792,8,5,reject,rule,
563,798,6,6,reject,rule,
563,805,8,6,reject,rule,
563,823,8,6,reject,rule,
563,828,8,5,reject,rule,
563,840,8,6,reject,rule,
563,850,8,5,reject,rule,
563,868,8,7,reject,rule,
563,889,8,6,reject,rule,
563,893,8,5,reject,rule,
563,908,6,6,reject,rule,
563,936,8,7,reject,rule,
563,940,8,7,reject,rule,
563,944,8,8,reject,rule,
563,956,6,6,reject,rule,
568,800,8,4,reject,rule,
569,605,8,6,reject,rule,
569,659,8,6,reject,rule,
569,681,8,6,reject,rule,
572,653,8,6,reject,rule,
573,im0231,6,6,reject,rule,
574,582,8,6,reject,rule,
574,659,8,7,reject,rule,
574,666,8,7,reject,rule,
574,711,8,8,reject,rule,
574,835,6,6,reject,rule,
574,883,8,6,reject,rule,
574,984,8,8,reject,rule,
578,693,6,6,reject,rule,
578,949,8,6,reject,rule,
578,969,8,8,reject,rule,
579,584,6,5,reject,rule,
579,618,8,6,reject,rule,
579,651,8,6,reject,rule,
579,677,8,6,reject,rule,
579,683,6,8,reject,rule,
579,690,8,6,reject,rule,
579,704,6,7,reject,rule,
579,723,8,5,reject,rule,
579,743,6,7,reject,rule,
579,765,6,6,reject,rule,
579,786,8,6,reject,rule,
579,792,4,7,reject,rule,
579,798,8,6,reject,rule,
579,818,6,5,reject,rule,
579,850,8,9,reject,rule,
579,904,8,8,reject,rule,
579,936,8,6,reject,rule,
579,956,8,9,reject,rule,
581,585,6,5,reject,rule,
581,590,6,7,reject,rule,
581,599,8,6,reject,rule,
581,616,8,6,reject,rule,
581,624,4,5,reject,rule,
581,658,6,7,reject,rule,
581,685,6,5,reject,rule,
581,690,6,7,reject,rule,
581,730,6,6,reject,rule,
581,765,6,5,reject,rule,
581,776,8,6,reject,rule,
581,805,8,6,reject,rule,
581,840,8,7,reject,rule,
581,893,8,5,reject,rule,
581,90,8,7,reject,rule,
581,908,8,7,reject,rule,
581,956,8,8,reject,rule,
581,im0032,8,5,reject,rule,
582,615,8,6,reject,rule,
582,645,8,5,reject,rule,
582,711,8,5,reject,rule,
582,835,6,10,reject,rule,
582,883,8,8,reject,rule,
583,625,8,5,reject,rule,
583,659,8,6,reject,rule,
583,928,8,6,reject,rule,
584,585,6,6,reject,rule,
584,618,6,6,reject,rule,
584,640,8,5,reject,rule,
584,651,6,6,reject,rule,
584,658,8,6,reject,rule,
584,680,8,5,reject,rule,
584,683,8,6,reject,rule,
584,685,8,5,reject,rule,
584,690,6,5,reject,rule,
584,743,8,12,reject,rule,
584,765,6,7,reject,rule,
584,792,8,6,reject,rule,
584,798,6,7,reject,rule,
584,901,8,7,reject,rule,
584,936,8,5,reject,rule,
584,940,8,5,reject,rule,
584,956,6,6,reject,rule,
585,616,8,6,reject,rule,
585,618,6,9,reject,rule,
585,624,8,6,reject,rule,
585,642,8,7,reject,rule,
585,658,8,7,reject,rule,
585,667,8,6,reject,rule,
585,685,8,5,reject,rule,
585,690,6,6,reject,rule,
585,765,8,6,reject,rule,
585,776,8,7,reject,rule,
585,854,8,6,reject,rule,
585,956,8,7,reject,rule,
586,604,6,12,reject,rule,
586,626,4,9,reject,rule,
586,649,8,11,reject,rule,
586,659,8,8,reject,rule,
586,674,8,7,reject,rule,
586,681,6,6,reject,rule,
586,684,6,10,reject,rule,
586,693,8,8,reject,rule,
586,695,8,5,reject,rule,
586,698,6,8,reject,rule,
586,787,6,6,reject,rule,
586,839,8,6,reject,rule,
586,917,6,6,reject,rule,
586,942,6,8,reject,rule,
586,949,8,6,reject,rule,
590,624,6,6,reject,rule,
590,658,8,5,reject,rule,
590,673,8,5,reject,rule,
590,685,8,5,reject,rule,
590,730,6,6,reject,rule,
590,769,8,6,reject,rule,
590,805,8,6,reject,rule,
590,893,8,5,reject,rule,
590,90,6,5,reject,rule,
590,926,8,8,reject,rule,
590,aria_c_25_10,8,6,reject,rule,
590,im0009,8,6,reject,rule,
591,625,8,7,reject,rule,
591,66,8,6,reject,rule,
591,816,8,5,reject,rule,
591,85,8,5,reject,rule,
591,900,6,7,reject,rule,
591,939,8,6,reject,rule,
591,969,8,6,reject,rule,
591,988,6,6,reject,rule,
594,636,8,6,reject,rule,
595,66,8,7,reject,rule,
595,900,8,6,reject,rule,
595,969,8,6,reject,rule,
595,973,8,7,reject,rule,
596,598,8,7,reject,rule,
596,854,8,6,reject,rule,
598,624,8,7,reject,rule,
598,642,8,6,reject,rule,
598,677,8,5,reject,rule,
598,765,8,8,reject,rule,
598,805,8,6,reject,rule,
598,854,6,7,reject,rule,
598,889,8,7,reject,rule,
598,908,8,5,reject,rule,
599,616,6,6,reject,rule,
599,624,8,6,reject,rule,
599,658,6,6,reject,rule,
599,673,6,6,reject,rule,
599,685,6,5,reject,rule,
599,690,8,5,reject,rule,
599,704,4,6,reject,rule,
599,730,8,5,reject,rule,
599,735,8,9,reject,rule,
599,765,6,5,reject,rule,
599,766,8,6,reject,rule,
599,769,8,6,reject,rule,
599,786,8,5,reject,rule,
599,802,4,6,reject,rule,
599,805,6,8,reject,rule,
599,840,8,8,reject,rule,
599,850,8,5,reject,rule,
599,889,8,6,reject,rule,
599,893,8,7,reject,rule,
599,896,8,5,reject,rule,
599,90,6,5,reject,rule,
599,904,8,6,reject,rule,
599,908,8,9,reject,rule,
599,926,6,5,reject,rule,
599,938,2,6,reject,rule,
599,974,6,6,reject,rule,
603,956,8,5,reject,rule,
604,625,6,6,reject,rule,
604,626,8,6,reject,rule,
604,674,6,7,reject,rule,
604,703,8,6,reject,rule,
604,742,8,7,reject,rule,
604,759,8,5,reject,rule,
604,787,4,7,reject,rule,
604,816,8,6,reject,rule,
604,817,6,7,reject,rule,
604,898,8,6,reject,rule,
604,917,6,10,reject,rule,
604,928,8,5,reject,rule,
604,939,8,6,reject,rule,
604,941,8,7,reject,rule,
604,975,6,9,reject,rule,
605,626,8,6,reject,rule,
605,654,8,6,reject,rule,
608,634,6,6,reject,rule,
608,637,6,6,reject,rule,
608,652,4,6,reject,rule,
608,713,8,6,reject,rule,
61,67,8,6,reject,rule,
613,885,8,6,reject,rule,
614,615,8,9,reject,rule,
614,626,8,6,reject,rule,
614,641,8,7,reject,rule,
614,674,4,5,reject,rule,
614,681,6,7,reject,rule,
614,698,6,6,reject,rule,
614,787,6,5,reject,rule,
614,898,8,6,reject,rule,
616,624,8,6,reject,rule,
616,658,8,6,reject,rule,
616,685,8,4,reject,rule,
616,690,8,6,reject,rule,
616,704,6,6,reject,rule,
616,765,8,7,reject,rule,
616,850,6,9,reject,rule,
616,90,8,5,reject,rule,
616,936,8,6,reject,rule,
616,938,8,5,reject,rule,
616,aria_c_25_10,8,6,reject,rule,
618,642,8,6,reject,rule,
618,690,6,6,reject,rule,
618,692,8,9,reject,rule,
618,901,8,7,reject,rule,
618,956,8,6,reject,rule,
62,75,8,5,reject,rule,
624,658,4,6,reject,rule,
624,685,4,5,reject,rule,
624,687,8,6,reject,rule,
624,690,6,5,reject,rule,
624,723,6,6,reject,rule,
624,730,6,6,reject,rule,
624,765,6,6,reject,rule,
624,776,8,5,reject,rule,
624,798,8,5,reject,rule,
624,805,8,6,reject,rule,
624,840,8,6,reject,rule,
624,889,6,6,reject,rule,
624,908,6,6,reject,rule,
624,926,8,6,reject,rule,
624,940,6,7,reject,rule,
624,956,8,7,reject,rule,
624,im0032,8,6,reject,rule,
625,645,6,5,reject,rule,
625,659,8,8,reject,rule,
625,703,6,5,reject,rule,
625,726,8,6,reject,rule,
625,787,8,5,reject,rule,
625,835,6,7,reject,rule,
625,895,8,7,reject,rule,
625,939,8,7,reject,rule,
626,674,6,7,reject,rule,
626,681,6,6,reject,rule,
626,684,8,7,reject,rule,
626,698,4,10,reject,rule,
626,701,8,7,reject,rule,
626,787,6,6,reject,rule,
626,817,8,7,reject,rule,
626,831,8,5,reject,rule,
626,839,8,8,reject,rule,
626,872,8,7,reject,rule,
626,880,8,8,reject,rule,
626,888,8,6,reject,rule,
626,942,6,7,reject,rule,
626,975,8,8,reject,rule,
628,aria_d_24_6,8,7,reject,rule,
63,67,8,8,reject,rule,
634,637,8,7,reject,rule,
634,652,8,6,reject,rule,
634,713,8,5,reject,rule,
637,652,6,6,reject,rule,
639,65,8,6,reject,rule,
640,642,6,5,reject,rule,
640,651,6,6,reject,rule,
640,667,8,5,reject,rule,
640,692,8,5,reject,rule,
640,916,8,5,reject,rule,
641,666,8,6,reject,rule,
641,676,6,6,reject,rule,
641,81,8,6,reject,rule,
642,690,8,7,reject,rule,
642,692,8,6,reject,rule,
642,854,8,6,reject,rule,
642,916,8,5,reject,rule,
645,669,8,6,reject,rule,
645,703,8,5,reject,rule,
645,787,8,6,reject,rule,
645,793,8,7,reject,rule,
645,835,6,6,reject,rule,
645,895,6,6,reject,rule,
649,693,8,7,reject,rule,
65,758,8,7,reject,rule,
651,667,8,5,reject,rule,
651,675,8,5,reject,rule,
651,792,8,7,reject,rule,
651,901,8,6,reject,rule,
651,950,8,5,reject,rule,
654,942,8,6,reject,rule,
656,98,8,6,reject,rule,
658,667,8,6,reject,rule,
658,673,8,10,reject,rule,
658,677,8,6,reject,rule,
658,680,8,7,reject,rule,
658,685,0,5,reject,rule,
658,687,8,6,reject,rule,
658,690,4,6,reject,rule,
658,704,6,8,reject,rule,
658,706,8,5,reject,rule,
658,723,6,7,reject,rule,
658,730,6,6,reject,rule,
658,735,8,5,reject,rule,
658,765,6,7,reject,rule,
658,769,8,7,reject,rule,
658,776,6,7,reject,rule,
658,798,4,5,reject,rule,
658,805,8,7,reject,rule,
658,834,8,6,reject,rule,
658,850,8,6,reject,rule,
658,868,8,7,reject,rule,
658,889,4,7,reject,rule,
658,908,4,5,reject,rule,
658,938,8,5,reject,rule,
658,940,8,5,reject,rule,
658,956,6,7,reject,rule,
658,974,8,6,reject,rule,
659,666,6,5,reject,rule,
659,676,8,7,reject,rule,
659,681,8,6,reject,rule,
659,883,8,6,reject,rule,
659,898,8,6,reject,rule,
659,917,8,6,reject,rule,
66,900,8,7,reject,rule,
66,969,8,11,reject,rule,
66,973,8,7,reject,rule,
66,988,8,7,reject,rule,
664,894,8,7,reject,rule,
666,676,8,7,reject,rule,
666,711,8,8,reject,rule,
666,883,8,5,reject,rule,
666,925,8,5,reject,rule,
666,984,8,6,reject,rule,
667,685,8,5,reject,rule,
667,854,8,6,reject,rule,
669,674,8,6,reject,rule,
669,787,8,5,reject,rule,
669,895,8,7,reject,rule,
67,844,6,5,reject,rule,
673,685,8,7,reject,rule,
673,690,8,7,reject,rule,
673,769,6,6,reject,rule,
673,798,8,7,reject,rule,
673,805,6,6,reject,rule,
673,90,8,5,reject,rule,
673,908,8,6,reject,rule,
673,926,8,5,reject,rule,
673,938,8,6,reject,rule,
674,681,8,6,reject,rule,
674,698,6,5,reject,rule,
674,787,2,6,reject,rule,
674,817,8,6,reject,rule,
674,831,6,7,reject,rule,
674,888,8,7,reject,rule,
674,898,8,7,reject,rule,
674,917,8,14,reject,rule,
674,92,8,5,reject,rule,
674,941,6,6,reject,rule,
674,975,8,9,reject,rule,
674,976,8,5,reject,rule,
676,711,8,5,reject,rule,
676,742,8,6,reject,rule,
676,779,8,8,reject,rule,
676,81,6,5,reject,rule,
676,815,8,6,reject,rule,
676,883,6,6,reject,rule,
677,683,8,6,reject,rule,
677,685,8,5,reject,rule,
677,704,6,6,reject,rule,
677,730,8,8,reject,rule,
677,743,8,6,reject,rule,
677,765,8,6,reject,rule,
677,805,8,6,reject,rule,
677,868,8,6,reject,rule,
677,889,6,6,reject,rule,
677,904,8,5,reject,rule,
677,908,4,7,reject,rule,
677,926,8,10,reject,rule,
677,944,8,6,reject,rule,
678,826,6,5,reject,rule,
679,728,8,7,reject,rule,
679,825,8,8,reject,rule,
68,88,8,6,reject,rule,
680,685,8,5,reject,rule,
680,730,8,6,reject,rule,
680,798,8,6,reject,rule,
680,840,8,6,reject,rule,
680,850,8,9,reject,rule,
680,893,8,5,reject,rule,
680,908,8,7,reject,rule,
680,936,8,6,reject,rule,
680,944,6,6,reject,rule,
681,684,6,7,reject,rule,
681,698,6,7,reject,rule,
681,787,8,5,reject,rule,
682,829,8,5,reject,rule,
682,958,8,8,reject,rule,
683,704,8,5,reject,rule,
683,706,8,6,reject,rule,
683,725,8,6,reject,rule,
683,743,4,7,reject,rule,
683,765,6,8,reject,rule,
683,766,8,6,reject,rule,
683,786,8,6,reject,rule,
683,818,8,6,reject,rule,
683,840,8,8,reject,rule,
684,698,6,5,reject,rule,
684,839,8,6,reject,rule,
685,687,8,6,reject,rule,
685,690,4,5,reject,rule,
685,704,6,5,reject,rule,
685,706,8,6,reject,rule,
685,723,6,5,reject,rule,
685,730,6,4,reject,rule,
685,735,8,6,reject,rule,
685,765,6,6,reject,rule,
685,769,8,6,reject,rule,
685,776,6,5,reject,rule,
685,798,4,6,reject,rule,
685,805,8,6,reject,rule,
685,834,8,5,reject,rule,
685,850,8,6,reject,rule,
685,868,8,7,reject,rule,
685,889,4,5,reject,rule,
685,908,4,5,reject,rule,
685,938,8,6,reject,rule,
685,940,8,5,reject,rule,
685,956,6,5,reject,rule,
685,974,8,5,reject,rule,
687,690,8,6,reject,rule,
687,704,8,7,reject,rule,
687,706,8,7,reject,rule,
687,723,8,6,reject,rule,
687,735,8,7,reject,rule,
687,776,8,6,reject,rule,
687,786,8,5,reject,rule,
687,805,8,6,reject,rule,
687,889,4,6,reject,rule,
687,904,8,6,reject,rule,
687,908,8,6,reject,rule,
687,956,8,5,reject,rule,
687,im0032,8,5,reject,rule,
690,704,8,6,reject,rule,
690,706,8,6,reject,rule,
690,707,8,6,reject,rule,
690,723,8,5,reject,rule,
690,765,8,6,reject,rule,
690,776,4,6,reject,rule,
690,792,8,6,reject,rule,
690,798,4,7,reject,rule,
690,834,8,7,reject,rule,
690,889,8,6,reject,rule,
690,908,8,5,reject,rule,
690,936,8,5,reject,rule,
690,940,6,9,reject,rule,
690,956,2,6,reject,rule,
692,744,8,5,reject,rule,
692,901,6,7,reject,rule,
692,997,6,5,reject,rule,
693,695,6,5,reject,rule,
693,701,8,7,reject,rule,
693,711,6,5,reject,rule,
693,779,8,7,reject,rule,
693,839,6,7,reject,rule,
693,872,8,6,reject,rule,
693,941,8,6,reject,rule,
693,949,8,5,reject,rule,
695,701,8,7,reject,rule,
695,779,8,6,reject,rule,
695,975,8,5,reject,rule,
698,787,6,6,reject,rule,
698,898,8,8,reject,rule,
698,917,8,6,reject,rule,
698,942,8,7,reject,rule,
701,793,8,6,reject,rule,
701,839,8,6,reject,rule,
701,975,8,6,reject,rule,
703,793,8,6,reject,rule,
703,816,6,5,reject,rule,
703,835,6,6,reject,rule,
703,852,8,5,reject,rule,
703,900,8,5,reject,rule,
703,969,8,6,reject,rule,
703,983,8,6,reject,rule,
704,706,6,5,reject,rule,
704,735,6,6,reject,rule,
704,743,6,6,reject,rule,
704,765,6,6,reject,rule,
704,766,8,6,reject,rule,
704,776,8,8,reject,rule,
704,786,6,5,reject,rule,
704,792,8,7,reject,rule,
704,798,8,7,reject,rule,
704,802,6,6,reject,rule,
704,805,6,7,reject,rule,
704,828,8,6,reject,rule,
704,840,8,6,reject,rule,
704,850,6,6,reject,rule,
704,889,6,5,reject,rule,
704,893,8,6,reject,rule,
704,904,6,9,reject,rule,
704,908,6,6,reject,rule,
704,91,8,6,reject,rule,
704,926,8,5,reject,rule,
704,936,8,6,reject,rule,
704,938,4,6,reject,rule,
704,956,8,6,reject,rule,
705,779,6,6,reject,rule,
705,839,8,8,reject,rule,
706,735,8,9,reject,rule,
706,743,6,8,reject,rule,
706,776,8,8,reject,rule,
706,798,8,6,reject,rule,
706,850,8,7,reject,rule,
706,889,8,5,reject,rule,
706,934,6,6,reject,rule,
706,936,6,5,reject,rule,
706,956,6,7,reject,rule,
706,985,8,5,reject,rule,
707,798,8,6,reject,rule,
707,840,8,6,reject,rule,
707,936,8,6,reject,rule,
707,940,8,6,reject,rule,
707,956,6,7,reject,rule,
708,92,8,6,reject,rule,
711,883,8,5,reject,rule,
711,983,8,5,reject,rule,
711,984,8,6,reject,rule,
713,740,8,5,reject,rule,
713,958,8,6,reject,rule,
713,999,8,6,reject,rule,
718,787,8,5,reject,rule,
723,730,8,5,reject,rule,
723,798,8,5,reject,rule,
723,889,8,5,reject,rule,
723,904,8,5,reject,rule,
723,908,8,5,reject,rule,
723,940,8,6,reject,rule,
724,841,8,6,reject,rule,
724,973,8,7,reject,rule,
724,im0015,8,5,reject,rule,
725,743,6,7,reject,rule,
725,786,6,6,reject,rule,
728,825,8,7,reject,rule,
728,866,8,6,reject,rule,
729,972,6,6,reject,rule,
730,765,8,6,reject,rule,
730,769,8,7,reject,rule,
730,850,8,5,reject,rule,
730,893,6,6,reject,rule,
730,896,8,5,reject,rule,
730,90,8,5,reject,rule,
730,908,8,5,reject,rule,
730,926,6,7,reject,rule,
730,974,8,5,reject,rule,
732,740,8,7,reject,rule,
732,829,8,6,reject,rule,
735,743,8,6,reject,rule,
735,765,8,6,reject,rule,
735,766,6,7,reject,rule,
735,786,8,6,reject,rule,
735,798,8,6,reject,rule,
735,805,8,6,reject,rule,
735,823,8,7,reject,rule,
735,868,8,7,reject,rule,
735,889,6,5,reject,rule,
735,908,8,7,reject,rule,
735,934,8,5,reject,rule,
735,938,8,5,reject,rule,
735,956,8,6,reject,rule,
735,985,8,6,reject,rule,
740,829,6,5,reject,rule,
740,958,6,8,reject,rule,
742,75,8,6,reject,rule,
742,779,8,6,reject,rule,
742,81,6,6,reject,rule,
742,815,8,8,reject,rule,
742,941,6,6,reject,rule,
742,975,8,6,reject,rule,
743,786,8,6,reject,rule,
743,798,8,6,reject,rule,
743,818,8,6,reject,rule,
743,936,8,5,reject,rule,
743,956,8,8,reject,rule,
75,81,6,5,reject,rule,
75,92,8,8,reject,rule,
75,97,8,7,reject,rule,
765,766,6,7,reject,rule,
765,776,8,8,reject,rule,
765,792,8,7,reject,rule,
765,798,8,6,reject,rule,
765,802,8,8,reject,rule,
765,805,8,8,reject,rule,
765,834,8,6,reject,rule,
765,840,6,6,reject,rule,
765,850,6,5,reject,rule,
765,889,8,6,reject,rule,
765,893,6,6,reject,rule,
765,908,6,6,reject,rule,
765,926,8,7,reject,rule,
765,936,8,7,reject,rule,
765,938,6,6,reject,rule,
765,956,8,6,reject,rule,
766,802,6,7,reject,rule,
766,805,8,6,reject,rule,
766,840,6,6,reject,rule,
766,850,8,6,reject,rule,
766,868,8,7,reject,rule,
766,889,8,5,reject,rule,
766,893,8,6,reject,rule,
766,904,8,7,reject,rule,
766,936,8,8,reject,rule,
766,938,6,5,reject,rule,
769,798,8,6,reject,rule,
769,805,6,7,reject,rule,
769,828,8,6,reject,rule,
769,868,8,8,reject,rule,
769,889,8,6,reject,rule,
769,896,8,7,reject,rule,
769,90,8,5,reject,rule,
769,908,8,6,reject,rule,
769,926,8,7,reject,rule,
769,938,8,5,reject,rule,
769,974,8,5,reject,rule,
769,im0189,8,6,reject,rule,
776,798,6,7,reject,rule,
776,834,8,7,reject,rule,
776,889,8,5,reject,rule,
776,908,8,5,reject,rule,
776,936,8,6,reject,rule,
776,940,8,6,reject,rule,
776,956,4,7,reject,rule,
779,81,6,5,reject,rule,
779,872,8,5,reject,rule,
779,905,6,5,reject,rule,
779,92,8,5,reject,rule,
779,941,8,5,reject,rule,
779,975,8,5,reject,rule,
786,802,8,7,reject,rule,
786,818,8,6,reject,rule,
786,904,8,6,reject,rule,
786,938,8,7,reject,rule,
787,817,8,8,reject,rule,
787,831,6,6,reject,rule,
787,888,8,4,reject,rule,
787,917,8,6,reject,rule,
787,941,8,6,reject,rule,
787,975,8,5,reject,rule,
787,976,8,6,reject,rule,
788,888,8,5,reject,rule,
792,798,8,7,reject,rule,
792,850,8,6,reject,rule,
792,956,8,7,reject,rule,
793,852,6,6,reject,rule,
797,883,8,5,reject,rule,
797,910,8,6,reject,rule,
797,931,8,5,reject,rule,
797,941,6,9,reject,rule,
797,965,8,6,reject,rule,
797,975,8,6,reject,rule,
797,976,8,6,reject,rule,
797,983,8,6,reject,rule,
798,828,8,6,reject,rule,
798,834,6,5,reject,rule,
798,868,6,8,reject,rule,
798,889,6,6,reject,rule,
798,908,6,6,reject,rule,
798,936,8,5,reject,rule,
798,940,4,5,reject,rule,
798,956,2,6,reject,rule,
800,903,8,5,reject,rule,
802,805,8,7,reject,rule,
802,840,8,7,reject,rule,
802,850,8,7,reject,rule,
802,893,8,7,reject,rule,
802,904,6,5,reject,rule,
802,926,8,6,reject,rule,
802,938,2,6,reject,rule,
802,974,4,6,reject,rule,
802,im0189,8,7,reject,rule,
805,889,6,5,reject,rule,
805,899,8,5,reject,rule,
805,90,8,6,reject,rule,
805,904,8,6,reject,rule,
805,908,6,5,reject,rule,
805,926,6,6,reject,rule,
805,938,6,6,reject,rule,
81,815,8,7,reject,rule,
81,905,6,6,reject,rule,
81,92,8,5,reject,rule,
81,941,8,7,reject,rule,
816,817,8,6,reject,rule,
816,85,8,6,reject,rule,
816,900,6,6,reject,rule,
816,969,8,6,reject,rule,
816,975,6,5,reject,rule,
816,988,4,5,reject,rule,
817,831,8,7,reject,rule,
817,975,8,6,reject,rule,
818,854,8,7,reject,rule,
818,861,8,7,reject,rule,
818,901,8,6,reject,rule,
822,827,6,309,confirm,rule,
822,831,8,7,reject,rule,
822,885,8,6,reject,rule,
822,888,8,5,reject,rule,
823,868,8,6,reject,rule,
827,831,8,5,reject,rule,
827,888,8,5,reject,rule,
828,868,8,5,reject,rule,
828,938,8,6,reject,rule,
828,956,8,6,reject,rule,
829,958,6,5,reject,rule,
831,888,6,5,reject,rule,
834,956,8,7,reject,rule,
835,841,8,6,reject,rule,
835,852,6,5,reject,rule,
835,883,8,7,reject,rule,
835,969,8,6,reject,rule,
839,941,8,6,reject,rule,
840,850,6,7,reject,rule,
840,893,6,6,reject,rule,
840,904,8,7,reject,rule,
840,908,8,7,reject,rule,
840,926,8,7,reject,rule,
840,936,6,6,reject,rule,
840,938,6,6,reject,rule,
840,944,6,7,reject,rule,
841,852,8,5,reject,rule,
85,949,8,6,reject,rule,
850,893,4,7,reject,rule,
850,904,8,5,reject,rule,
850,908,8,6,reject,rule,
850,91,8,5,reject,rule,
850,926,8,7,reject,rule,
850,936,4,5,reject,rule,
850,938,6,6,reject,rule,
852,900,8,7,reject,rule,
852,969,6,8,reject,rule,
852,973,8,7,reject,rule,
861,997,8,7,reject,rule,
862,866,8,5,reject,rule,
868,889,6,5,reject,rule,
868,956,8,9,reject,rule,
881,90,8,5,reject,rule,
883,941,8,6,reject,rule,
883,983,8,5,reject,rule,
883,984,8,6,reject,rule,
888,975,6,6,reject,rule,
889,904,6,6,reject,rule,
889,908,4,6,reject,rule,
889,926,8,5,reject,rule,
889,938,8,5,reject,rule,
889,940,8,6,reject,rule,
889,956,8,5,reject,rule,
889,985,8,6,reject,rule,
893,90,6,5,reject,rule,
893,908,8,5,reject,rule,
893,926,6,7,reject,rule,
893,936,6,8,reject,rule,
893,938,6,5,reject,rule,
895,931,8,5,reject,rule,
896,974,8,5,reject,rule,
898,917,4,10,reject,rule,
90,926,6,5,reject,rule,
90,936,8,7,reject,rule,
90,938,8,6,reject,rule,
90,aria_c_25_10,8,8,reject,rule,
900,969,2,6,reject,rule,
900,973,8,6,reject,rule,
900,988,4,6,reject,rule,
904,908,8,7,reject,rule,
904,91,8,6,reject,rule,
904,926,6,6,reject,rule,
904,938,6,7,reject,rule,
904,974,8,6,reject,rule,
905,941,8,12,reject,rule,
908,926,6,6,reject,rule,
908,938,8,5,reject,rule,
908,940,8,9,reject,rule,
908,944,8,5,reject,rule,
908,956,8,8,reject,rule,
91,938,8,6,reject,rule,
910,965,8,6,reject,rule,
916,im0347,8,5,reject,rule,
924,950,6,6,reject,rule,
926,938,6,6,reject,rule,
928,931,6,6,reject,rule,
928,984,8,6,reject,rule,
931,976,6,6,reject,rule,
936,938,8,7,reject,rule,
936,940,8,7,reject,rule,
936,956,6,6,reject,rule,
938,974,6,7,reject,rule,
940,956,4,8,reject,rule,
941,975,6,6,reject,rule,
941,976,6,7,reject,rule,
944,950,8,6,reject,rule,
949,969,8,6,reject,rule,
949,im0137,8,6,reject,rule,
958,999,6,8,reject,rule,
969,973,8,7,reject,rule,
969,988,6,6,reject,rule,
969,im0137,8,8,reject,rule,
974,im0189,8,7,reject,rule,
980,im0205,8,8,reject,rule,
997,im0175,6,5,reject,rule,
aria_c_1_8,aria_d_22_2,8,6,reject,rule,
aria_c_1_8,aria_d_6_3,8,6,reject,rule,
aria_c_21_3,aria_d_18_21,8,7,reject,rule,
aria_c_21_3,aria_d_9_24,8,5,reject,rule,
aria_c_30_2,aria_c_45_12,8,11,reject,rule,
aria_c_31_2,aria_d_6_3,6,7,reject,rule,
aria_d_13_2,im0216,8,6,reject,rule,
aria_d_18_21,aria_d_9_24,8,5,reject,rule,
aria_d_18_21,im0056,8,6,reject,rule,
aria_d_20_2,aria_d_6_3,8,6,reject,rule,
aria_d_21_21,im0046,8,7,reject,rule,
im0009,im0032,8,6,reject,rule,
im0009,im0236,6,7,reject,rule,
im0032,im0097,8,6,reject,rule,
im0040,im0111,8,5,reject,rule,
im0040,im0216,8,7,reject,rule,
im0046,im0197,6,5,reject,rule,
im0063,im0219,8,5,reject,rule,
im0080,im0188,8,7,reject,rule,
im0094,im0216,8,6,reject,rule,
im0097,im0195,8,6,reject,rule,
im0111,im0216,6,6,reject,rule,
im0111,im0348,6,6,reject,rule,
im0136,im0263,8,6,reject,rule,
im0175,im0197,8,6,reject,rule,
im0195,im0216,8,6,reject,rule,
im0216,im0348,8,6,reject,rule,
im0229,im0263,8,5,reject,rule,
im0348,im0401,8,5,reject,rule,
