image_id,cache_file,cache_sha256,original_sha256,phash,pillow,preprocessing
aria_c_25_1,aria_c_25_1.png,398a56b7faf2754daaed96ea54d39fdad018da74ef600879141f11b55a924a05,fa48062adf307151adbca0a25673257cd467028908949c1bb2ab97d79b88dbc6,1563992455930800714,12.0.0,fov-crop-224-v1
aria_c_7_2,aria_c_7_2.png,b1e05837cd3a4bd6b098a359f701a369d1899e31461f5ec7199e5e4322a5703f,79fb3ef8d8c1d6e703d1b65000526882d6dc8a1b10c65dd00b8753f8263f8aba,4652569633376386364,12.0.0,fov-crop-224-v1
aria_c_38_2,aria_c_38_2.png,f9301ecf033ca4599dde53128fbd100f6b8aef0383d5238e1fa6204af9b9b247,03ab09da252751cf4c8fc873028c15e9741cb2229b9105707c8695a98dbb58a4,1505444801782167915,12.0.0,fov-crop-224-v1
aria_c_2_8,aria_c_2_8.png,4d9e8a34204d17021b1959c7fa0e743e82994efab64fe62230e1902e2d997d93,820bfda1102175ae937084938384554bd6f508c1d34934297c9f0eccf4ac8836,4727722305560280160,12.0.0,fov-crop-224-v1
aria_c_26_15,aria_c_26_15.png,cec469055abf7b1367c4d82aa6d8ef3dfdea9d96ed604bd35122c3e07983cae3,079d49c0d76c96b005474e7bfa07c780143ba0931510af60ae91236ae9c52aa9,4641873885402314896,12.0.0,fov-crop-224-v1
aria_c_20_18,aria_c_20_18.png,6e8a4063f65cf68ae8737493f9f2e9cf26cdf19898d5fdee70b9e127efb5e7b5,859cb0344fcc0a814bdbd14c4aa6b7b6b10fa203410451d20dbcafd005fd774f,5013696531140393060,12.0.0,fov-crop-224-v1
aria_c_27_3,aria_c_27_3.png,c61541b143bec2e5db78604b17696eba08b3f171d1ba8e920486549154da916e,603c6c14ad05c3ec362570a3fea48e54c4b6145d137b7c0342e46b0dc3507051,4649719751258437653,12.0.0,fov-crop-224-v1
aria_c_47_2,aria_c_47_2.png,b0c4bc336139ff3493dc9b65776b6e23548ed8013b58b2e6a2f15a75ff2b578f,83f55945b30200a0e20109e8ea7da4334fddf1442630dfee1ace904da3640c4e,1567932427001084010,12.0.0,fov-crop-224-v1
aria_c_31_20,aria_c_31_20.png,262f13a06ed3f94a40ccc38c7c4d98bb6f47849bd54c6a78ee315d1b5facddf9,d9664f9bc4da1d82a8703ffc3c0b67e4eac387f4f021d422454c5f79181064be,325805582250950240,12.0.0,fov-crop-224-v1
aria_c_31_2,aria_c_31_2.png,a4272aa2abc21c5e852a56e2ce9d80e0994cff21c97a1d84d43d384ae1c84692,33e9bb62c8652faeeeae7b5bad7595ec51b453e032982c28c9be92dec15596d8,1567387048818141349,12.0.0,fov-crop-224-v1
aria_c_39_a_10,aria_c_39_a_10.png,3d327c9abbad47837a21c270c2fb078625928adf0f488c8aa6d86441876bead0,ec911d33b7e1c36a2587ec576036f806540eea591a98018255774bd6aea1101c,1542881570490576202,12.0.0,fov-crop-224-v1
aria_c_32_2,aria_c_32_2.png,084c0521bddcada314bc851fa901df3e234342e3962e7e6f8d7f7a8b6cc8a2e5,f6e81913fa04fdd70187f9d2a865d722e192e0b44b9c085a99766ce7075a6b5e,4666044976723162155,12.0.0,fov-crop-224-v1
aria_c_32_21,aria_c_32_21.png,6e52cce6c7ad850fb994181124c2187b126a7796706faf2a8ee39e9f9330ac5f,e8849b494bcaaf44cc7bbbcb55dd0092aca82d96ebfbb9fafe7e44ffcc1486b7,4653378792736698211,12.0.0,fov-crop-224-v1
aria_c_5_4,aria_c_5_4.png,3006b3c6338a2b6bbe391ee52a41b4f008032a0eae57ea5e7e745f13125f23ab,16a2a36f9ef61a0e2c1ed429a71baa8d0429af1274b14a59a5106d7b0791ff18,1468854752379169482,12.0.0,fov-crop-224-v1
aria_c_26_2,aria_c_26_2.png,71d742a84da4d420de83d90e313f79d7b638e037c6a9fcb18027962f2f031618,d93293ad6a065b20b0327d5dc1bf6db34c9c6818f372ad8444864e9d7579f8db,1454498681410583235,12.0.0,fov-crop-224-v1
(0031)aria_c_37,(0031)aria_c_37.png,dfc47c5d353b1700259b652a36c7e36ccf3ed770ae7b3548b6d7979bab2d7735,c5bc16a80123f9db7a6094280a0ff5c473cfd4138a7a4f4c1baa88aef4c14594,4963304666893088974,12.0.0,fov-crop-224-v1
aria_c_35_27,aria_c_35_27.png,dc0d2ce8e1c123863ef0cbc367eadb06916719aa1ce8dfaf47322d7abfe5535f,b3cfffff47628cc67950cdc399264cb5924e7277a6ae0be2a792f132d99e4ba8,4623859674797668550,12.0.0,fov-crop-224-v1
aria_c_9_6,aria_c_9_6.png,2f0c71500f8ce38eb626cecb6565b10c4eb9b62340d4b6b2df78e5d19011d97f,dd641b4e8a640427b521835c1179a06c629bfc4572694a737e2ebb37e966e5cf,1555283792256641581,12.0.0,fov-crop-224-v1
aria_c_2_3,aria_c_2_3.png,d87e6239490bc7bc1395ad14586335b785fe103213cb01f3f3ee565c6b484467,457b3a0bcc8fdff54afca15737a0209f143b23e8546fbd741949acbe9bc8b197,1543163148578937435,12.0.0,fov-crop-224-v1
aria_c_35_26,aria_c_35_26.png,1eb4c34bde6b5cf9f9103e461e571b5b7256c46bc818daebc968349d977829b3,1e1746b0374f4a1473803f8fb375190310fc3ed89f79d53200e5ff2b3f94d29b,4629484638849743065,12.0.0,fov-crop-224-v1
aria_c_6_5,aria_c_6_5.png,38921574c685f3ab88599796a26cd49d383c251a37900b863626bb6f57359275,773454d95bed6b91efdcb0712a9b90ad075ed333ec7e3646894fdd94dc94e238,1543444483063966362,12.0.0,fov-crop-224-v1
aria_c_24_2,aria_c_24_2.png,b89d8e8d7f93bdcafbbc9a22f13f52f11162642e66e93e71642c497380894e77,302de72decf272e38ea8eca0d591e338260ab10ebf99f13bfbe0d459f828a5cd,1568779009272671538,12.0.0,fov-crop-224-v1
aria_c_40_a_6,aria_c_40_a_6.png,ccdd2d13efe33781f8ba3fb1a1a7f9d38f0e8d237fe806a3ff18befc4c7afc7e,42e15b93d917a8d40871df8a9f0d395fba1f88f4c569060f976dcafc1fda044f,1555231057654463899,12.0.0,fov-crop-224-v1
aria_c_1_7,aria_c_1_7.png,0f01786605b55eec0eec6ba970909be14682a92d685cade6dcd5e5151cb3a28b,051b135bef8e9ee4f5f23dad86da81a7a16ced437bfe320ba67bed2aad653b3f,4700701107197525191,12.0.0,fov-crop-224-v1
aria_c_22_1,aria_c_22_1.png,68d9841ee376eecebb3278a7d2750ead5c698c9ac4805eecd761a0bfd389f42c,777f17ba14de7338f5bee95724eea685e5c67a25fcea300e51b4b89a1382cd61,1478706190944528683,12.0.0,fov-crop-224-v1
aria_c_46_12,aria_c_46_12.png,a4d16a37a74fd464837f78953193f1bf97b9404fb0c2b0fd0025b96f584a0a7a,037825314b4d1a2f8ab2909541aa9a5c74a3824904285effea35d6beb9b86fa2,5133040074455727256,12.0.0,fov-crop-224-v1
aria_c_9_1,aria_c_9_1.png,d54b78198ee8b41906e1dfa906e64ade6b757554b4428924a962a6ae876862df,89bab993efa3407e198056b2e3eba957c801c2de436fc02fd3a8662ab7841c02,1569058186230982730,12.0.0,fov-crop-224-v1
aria_c_36_44,aria_c_36_44.png,3fa5f6ba58244dd163b5383681c77c183febfde76af67e8e6243e7bd8ef609ff,95804722616a89a3aa0e299e8ee90eca1aa0411c4cd172fed7ee5df551cc3ac1,4639902366232034846,12.0.0,fov-crop-224-v1
aria_c_20_10,aria_c_20_10.png,fb020be4952902ccc0f24c9c8b3e9a9e142e3668de490c75ff07ea4f4a6ec22c,b1c7d8f3ddcfe04e6f31b8e35570e9b7c2a5ee1f11fa728dc4d686d015e5ad55,1536428585183963740,12.0.0,fov-crop-224-v1
aria_c_21_3,aria_c_21_3.png,049c94484be3908056131bb7f5664735a660bcd2f8429e6dcb3cc2c98b62f105,8b8ffcfa320f7b75d38eb528fac2cd849ab33c2cfcff8ce4261f7af767317f90,4665811948971637308,12.0.0,fov-crop-224-v1
aria_c_35_2,aria_c_35_2.png,99e590f95212ca8f5430d8d3639741b11ec688e63e911af926c9f496982e7aab,eb879cd21ac9c9b58e3d11b0a169c146e1a904334904b1aa68bd322958cba40d,1541474183989767514,12.0.0,fov-crop-224-v1
aria_c_5_1,aria_c_5_1.png,0546543106d72e1b43f60381464038b0cad63d78495ecd8017e29091e95f4171,0e2464b032a941d4fddf7908706178877002b16bee5d962675b5c2dc23ee73d1,377590805944740555,12.0.0,fov-crop-224-v1
aria_c_21_12,aria_c_21_12.png,53b1eba8cf57d4357f659b8dc3a27b1f1ce69d0da19c27a6673f31c5687ca81e,04a302aba270e972c4f0a394c253ba0d78d59d2fc7c8a93ccaca4d29b9bc9ea6,4738136721049398318,12.0.0,fov-crop-224-v1
aria_c_30_2,aria_c_30_2.png,efd458e84cf1a039ece0a5929346a98c8a91f53d4479fb9e4541db5bcdfd56ce,870d17671388b34177e3ac32826e921437216658db317e824c7cabfd6f3698a0,5796202605632839823,12.0.0,fov-crop-224-v1
aria_c_38_42,aria_c_38_42.png,0529f608de41877043f0e3769e2ad92e409740c350cb72b676f3710ed15e6194,8584030cad125f6bfd19d8e6c9641cb98316c8fbdb3d1e96931a09b148a61329,4742640250754640926,12.0.0,fov-crop-224-v1
aria_c_1_8,aria_c_1_8.png,0ea01287b8c152e7a6b8770d693f0d284badff826ce0d40df4a80416497c3248,03dba88a6bc893352db1aa7c72e2353556b6c8c44a5c71bb10d35e2c074e5527,1574688277381409333,12.0.0,fov-crop-224-v1
aria_c_22_9,aria_c_22_9.png,1871efc37cca5d04feedfd4730b92768dd19aa5c27717bbe4ec65195d1a5e9ee,26b7e0c6f5e73e233753b5d0974d8b58a1816cf24eeb0ec80fccc0ab262f32c5,4980752963771316453,12.0.0,fov-crop-224-v1
aria_c_6_2,aria_c_6_2.png,f0c3a6412d2c88c16ed13263374d77a677657b46f20e13c5840a43f3996f2ea1,7b37e3f5d20cd296fcc6e672b4be30a2af1b4bacdea9d2945ac98eb91e8bd7f1,4665798910323555380,12.0.0,fov-crop-224-v1
aria_c_41_15,aria_c_41_15.png,ade1cb0446669e6a0bd5367d404c7b6866195762cfcc6fd1e2b29f0c55e9d5b3,b543a824037008a00cba5dba4bfa9b80509dfaffdf3dc16e2faa6626214ef135,4697041931590577615,12.0.0,fov-crop-224-v1
aria_c_4_1,aria_c_4_1.png,cae9360e1f3c0692e741b9ebb3b38134b8214e430e2177061dbe3cdfc411baf7,7b018fc45ab5a041e03892264e71af079ed0634817a1290aac6ee27fc570bee7,1542881540462766773,12.0.0,fov-crop-224-v1
aria_c_4_8,aria_c_4_8.png,d878ced288ca95371a6317334306ce1ea011f7071d5f0d8b6482041d2fd419fa,15739a1278ba8da3546681d49cc475ce18699fbeadf8a5325612652d74d2e7b5,5819828516492819808,12.0.0,fov-crop-224-v1
aria_c_24_12,aria_c_24_12.png,1be5bd3c125dd3dbbb1d1130f60a101989fe772eb7e282227f377ba172824550,0e65a0a426ee0f127c1e77e3925f3076af684101c70ace3a7d39efbe5b5815ed,4653695482115080032,12.0.0,fov-crop-224-v1
aria_c_44_12,aria_c_44_12.png,36dcf633c5e2f97e78be118223006d313080185c10967d478c6ac75e2d5e9d23,a7f2d871626fb99e9222abd8a299155bcd8b23932b31d1f4386b6c48937efe61,4629465947084897567,12.0.0,fov-crop-224-v1
aria_c_20_1,aria_c_20_1.png,861dba6620e8657b87467602f48cc934c304d4b21b4c5a69efb66e09dfc3d530,2e8bb11b6c503b1ed8ac13d6d6134e6328f986970acf336f2c0bfa0b71f57d5e,1195547243523370029,12.0.0,fov-crop-224-v1
aria_c_34_1,aria_c_34_1.png,3668b7a47c0bd3f961dbcfbfd0d7593a24eea90c627823e92376534d83993605,ef49e8d1b55c105467e4a45e5abab0ef936c39d6797ce3214e466c4651162f1e,1523759126388485570,12.0.0,fov-crop-224-v1
aria_c_45_2,aria_c_45_2.png,9fd88d80e9503d857e2a15865f8800006bdeba9d97d31eb20ae2a3e83065db3f,5a45644273b57c7242ece4abd7a443b6c3e5a157dc55072dc18b8c8e0b4afe4c,1458967062302047691,12.0.0,fov-crop-224-v1
aria_c_45_12,aria_c_45_12.png,a521a824698ecbfa2a06ae966318a673988468d6c10c6dcf1451c20cbde1191b,cbe3f056e913ffaed77e5ea972669fd8a2534ed7c25a5c872aa978d416544619,5796184463975145759,12.0.0,fov-crop-224-v1
aria_c_23_4,aria_c_23_4.png,12ebb90febff6031c6dfee4f8b4d5ef001ba8a6eff6f17e8a9c02cbd03f44ca4,2fdb235186af50a36400606de097671388091b4d2623b6815c3fee9889b0613d,1554140350828210537,12.0.0,fov-crop-224-v1
aria_c_44_3,aria_c_44_3.png,513f953f783a2ff112f884a21aa405e58737373b2e406dd07118c911843f8901,37b7aeacbb5634c2bfd6aa28b770c8a0833efaeba97598e325984c19dc9dd00a,1470823371264978394,12.0.0,fov-crop-224-v1
aria_d_13_22,aria_d_13_22.png,4fcf2c37142c55cfa89bc77f7f235ffba8ff7c38e8a37cc85eaa14983e377dc6,4557b819bfb3270633c309cfaa4068931cc89acaaee2ec914a5dac5a4352cd00,80923920158501511,12.0.0,fov-crop-224-v1
aria_d_3_2,aria_d_3_2.png,816dca6814f6321cb27b3c44ae1f3cf1c0346d7e578ebff90d185f68da72483a,eb427399a32da263550ef2e8cd0f28b2ab6e2c9fb2c71cb44818d2fef595cea9,5818935557568232600,12.0.0,fov-crop-224-v1
aria_d_18_21,aria_d_18_21.png,595ecee5a220ebc47b1cf9a20ef3bb9837eff660ec376b017881eb7e2aa05112,78be1cffc272ddfb7420fc6603cbf63ba9fe18665c359ccc22fde1ed9b02afa2,4665767968506854960,12.0.0,fov-crop-224-v1
aria_d_16_22,aria_d_16_22.png,0146c8477c2618f5e0cee4925a86892c745738f7345015f581956c9300883588,46ba245e3ee28d3b3dfd17103e93b5e2eb2fb649e9adb7309b62e8635b5de580,4942473509378341241,12.0.0,fov-crop-224-v1
aria_d_8_2,aria_d_8_2.png,b459eca58d6f6e8599454cae03c09c67c42ff91d2dde2620b1a92f2396904f25,00bbe402aa2e75eb9c6310636a2deb7ada6f6b968a0cea04440d5686956d0379,401799396839161537,12.0.0,fov-crop-224-v1
aria_d_24_6,aria_d_24_6.png,14445e76c670099ae30d084727337d7ea34d87c5d271f2b17458db53f08505c9,8a0e60d1687ed2d9b01a5f60bb37216aaba1d1481e0b77a656c531b09d96ecea,1544253864399956626,12.0.0,fov-crop-224-v1
aria_d_15_22,aria_d_15_22.png,3ee69b98f2ad1df5a4635aba6deeddd46ae95ed22261a794bba0c2f0db88e07b,c8466d61b2bd0a5f92e52d62601d1bcb7675b82529c4e930f6e5db25df9d1030,4701317941021392015,12.0.0,fov-crop-224-v1
aria_d_22_22,aria_d_22_22.png,63bb5f2b2f953c87070c146fa40dd63e9a5750921c3b8ea5379c0cd39510002c,45eb081e4741de7ca0ec2e62af09284731c4d40f6f90323e817ed56d5fa7cb91,5006664149079505935,12.0.0,fov-crop-224-v1
aria_d_2_6,aria_d_2_6.png,1f099de1e22d17f64572e30bcf70926250b74670e139e2fbb43c1e8daaf11a4c,2032149b8cd0bd061adc1620a0e6ba24eacc8d010a16f4bc376e69561b501776,1179459220528982725,12.0.0,fov-crop-224-v1
aria_d_5_22,aria_d_5_22.png,a0ae64c102f4c2224ac2cfc90474e116fb0a261a706941cb8aac81ffd268401c,5fc0585bae12db080fad9466b194ae1d4cf62dadd82aab0d6954ef61fe8e44b0,4626049897668296388,12.0.0,fov-crop-224-v1
aria_d_21_21,aria_d_21_21.png,9524152d3d5e7300c2f447ea79f1ca26debc1c2e690674f8d6818603a3ab646f,69152cee931552df92ead3b4a8999947f8cac3fa3d72dbcde7c01f6c17dba3f8,4624976713921883782,12.0.0,fov-crop-224-v1
aria_d_7_22,aria_d_7_22.png,be154d82aa194f523719ff5cfdfcf7176ae77950684509bfde7c668bc87077d0,4792149933c8fc244d6e334a86448e1074c238167c657c146e21b628a4125d19,4666590398916885029,12.0.0,fov-crop-224-v1
aria_d_8_23,aria_d_8_23.png,e86fa5ce819891f65e787248c5515568c859e1936b3bc137c372db7950e4446a,be7233eec47374fccdd057a3065405a615aa5ca0b8228790a4860d636e1e48b1,4653414058709498941,12.0.0,fov-crop-224-v1
aria_d_4_31,aria_d_4_31.png,ca86fd50d269ba1f83967780d96175530e21cbc113aae7b14560861a3a7b3950,df7c0f0082814c989103e234e3d8a966404469e2fc7b59ce398e7fd5f78c4920,402320626475428413,12.0.0,fov-crop-224-v1
aria_d_7_17,aria_d_7_17.png,9e66b949854ae3b3cba698ec6d2f4738aef9f16028303641d68da4f201cbcd9c,a1f38d3bc6a16a8f2e07da019dc940f832c95b91e47abc2c727304b3b3acf159,103430605350382237,12.0.0,fov-crop-224-v1
aria_d_18_2,aria_d_18_2.png,2c95a4a1d4a56062c3eaa302a2612c0786ffdd0dd749e3758edfa455c05b9368,7cd8460134fb0863bf0d2cc2abc3690ef38d9584f3ceb8c9c6db25e1736d6d1e,1555242079541226088,12.0.0,fov-crop-224-v1
aria_d_12_2,aria_d_12_2.png,32c5a649ca83ca949aef311efd8f5827a1c8a7c9acd9deac3a7c7cf48ae2ba0c,424a8aea3628ddc16185871199057faeef5958d77d1103ae079f50ec896fcefd,1545696522305628245,12.0.0,fov-crop-224-v1
aria_d_3_32,aria_d_3_32.png,428be90ef4ea716cbc80486ec84e96de93ffb33dd14fce00768d45b4e0170ae2,9d38f0ed19986305eff354281b3ddbd80ef9b73353c349a52b958ba66a38331f,393911295256242972,12.0.0,fov-crop-224-v1
aria_d_20_17,aria_d_20_17.png,c289f55e59fb5ab32c2914e5dfeedd714cead66fa70e4286d4b416bef37e05c6,9fd7e821d064f943cf0dd41d678f159f7b2938536937800f22b7fea875dd85be,4654539910382772332,12.0.0,fov-crop-224-v1
(0001)aria_d_27,(0001)aria_d_27.png,b7fd8fda77861c6f6919b319f1a449440f8cceb778bbbd17745f8c63f04c7e7a,12753481a9abf31260caee3781af745ab2e1ebfa39a1ce6d64db4e65c5756d5a,6083800903604468375,12.0.0,fov-crop-224-v1
aria_d_22_2,aria_d_22_2.png,c90805ec357a77ed4f7aca31cf7084a707cdb079c784197830552a9e3b174777,da27988c55b484c3dfd275f2ad8a162646aac0b8d1dd5b2a825b624f9273ef55,1536390088363768485,12.0.0,fov-crop-224-v1
aria_d_15_2,aria_d_15_2.png,553e07c21e5a3c6949c706f3a87412c269fd44478d56c4550a57f7d5c787da02,c7dcdb23d325376ba4bc5087d22e9a38331b32486cb792575f6282edf5bb0be9,31335738592557763,12.0.0,fov-crop-224-v1
(0026)aria_d_27,(0026)aria_d_27.png,9d1a700e34c60b497d432a2420f7cbc0ac4b9285c4ec373b6cc84f246e9aec5a,0a0510ad2234b2f4918ad08a0bc8e6c7823eb9d40e9d1aa6a6ff6e3c90d74050,4672488050429738878,12.0.0,fov-crop-224-v1
aria_d_25_2,aria_d_25_2.png,a5a6327a62b0fa089134097fbf8913530ab0abe9cd0870a8e4d124bb63fffed3,eab46f8c7d225d44f683b71c277815287a690168c6bd1695e8fa4f81fa210575,5823204047459265562,12.0.0,fov-crop-224-v1
aria_d_5_2,aria_d_5_2.png,88297388b77d90307c2bb912f08f7312ee2736eb6f095cbca2ae6c9e8ec3e8c5,9087ba13b76315b4132f3d42b440e933a37056a132c024c6d96047f3bb80917f,1547948271586274245,12.0.0,fov-crop-224-v1
aria_d_3_33,aria_d_3_33.png,3b788cf3585cbf8297a23bbdd0c3c0f147bf12c7308f314e743a35141e9cf1ce,a7a08871f241f845a1b15f366890f964cadea779951c4b3e098a24e82115b65f,1194931088320506412,12.0.0,fov-crop-224-v1
aria_d_20_2,aria_d_20_2.png,b61e73c79a1fbc0c2c1b81d674354e4ee6f1f950f2ed827dac5454e0a8e2f617,4e52e67d68eebeb3a2541e91219bfad5685851695bfb1346b265f7502c4ee3a6,1571873055184677500,12.0.0,fov-crop-224-v1
aria_d_17_12,aria_d_17_12.png,324c4b0cbc52c829cbc7c6c211070e43fae6e176bb934f4c1ff37fad0a87aebb,8ee83e2324973112531cbd344a46564f65267690bf4178d85c2e38a3ece3191a,4669422964936948834,12.0.0,fov-crop-224-v1
aria_d_12_20,aria_d_12_20.png,ae7403000bdba1289aec606e2746ddb96cda05c53f293b8a320f60e5a2ee4655,e80f831a0333f8b0535c55279aa67daeb38a2c6f3b96fbcf2961e81a80b210f3,377034135367084431,12.0.0,fov-crop-224-v1
(0024)aria_d_30,(0024)aria_d_30.png,18f452aaa63ad03052b7a0a5129521e39c0cde94d2c5fe166f56f4a503720ed3,76cec38391152598ce6c2d0f20f90581c78094fbbf35b03c236ee3f2e2bedb38,4627482618227801116,12.0.0,fov-crop-224-v1
aria_d_4_5,aria_d_4_5.png,95549b2d28f4142e2438c6a60de99d06c46ac518e89d11a6541a11cf4452d3e1,270877c2c6ac305516fac8e8d9a65158f08cfd80164e4dfd4aae2a2a5b7d8599,1568953045448157244,12.0.0,fov-crop-224-v1
(0003)aria_d_29,(0003)aria_d_29.png,ad177ee0cb2b61bf9a50727c21670a3612c45669166ce4e9d07c99106e18803c,20888d8abfb2f45ec32ccd922c2ceb2bdeeddf4fe64bcfda740f69ae261926b9,4719807024759994464,12.0.0,fov-crop-224-v1
aria_d_9_24,aria_d_9_24.png,3ea5d9bb13288f47724703d5c30a17ff796f55cd95a06521dd930f658ab29bd6,edbcbf3c9b83d8a16ac23f7fc0daec83d3d94ae33d435c719454986559740437,4665735258035862588,12.0.0,fov-crop-224-v1
aria_d_16_2,aria_d_16_2.png,e94bdedcaa63d6f7f749b6b669ab1af61947e361c794ba8e26506c9d8f87b9a7,c7f212cf5eca867be441f25a770178e33f72269ea69f61344872cdb6a90cf19e,1570184192716270004,12.0.0,fov-crop-224-v1
aria_d_2_31,aria_d_2_31.png,2a50b534696ff136ceba72387bc61b185a9fb98c3a1fbaa5123be6a7f1d79213,d2de22e8931585a74e5803213c59352a10279d8e7189ac7692f455dbd548d7a0,1233279794746895344,12.0.0,fov-crop-224-v1
aria_d_17_2,aria_d_17_2.png,b1da9a9cbfda64de94ff982adb51adf04b61ca84340b8071e5900fc5c5d77a92,12a2f80fd0894b87c915ff43f14723156f8b82b1ba037ce0a0bf94f271af0ff3,1233788335320218770,12.0.0,fov-crop-224-v1
(0001)aria_d_26,(0001)aria_d_26.png,b7e1998b4d8b54a635b0c717f880f7f7096b47a8c3f277ac4e5519da75490df7,81a234f7f10fc37d3ff103915d5c33e1f2c0c3f894a1e968003f1a91c7aca722,5818696899112156543,12.0.0,fov-crop-224-v1
aria_d_13_2,aria_d_13_2.png,b376efbdc985677f63e7630583b9153212e3dc87aac4c36ea85b2067b7846f77,1e2cadc9491ea7199e7f9e6c0fcdc00682a533096da1bbdded89c3d31d15afd2,1555240962843372077,12.0.0,fov-crop-224-v1
(0018)aria_d_26,(0018)aria_d_26.png,2234fb5b281e4dff0aa855e9d26d246d84ebb2609c8342cad3c9ab5e822830ac,66ccad790584429f8448b80ed96b68b22d94cf1beeae5962688b892720099edd,407953128183180106,12.0.0,fov-crop-224-v1
aria_d_11_1,aria_d_11_1.png,a5c0243380820c21dc3310879a1c04b3b934e062b9f08763d770eb8e30a8e94a,9febb9ee3d5b262cfd3c3f06688dcad3726e17891697b09eed22f7ee8cefeba8,1549355280401857069,12.0.0,fov-crop-224-v1
aria_d_6_11,aria_d_6_11.png,30e002650b08c18a1216925f41969ec35b5cd7db3d5ed6fb9fe81c4c8217d3b6,883950226072164b008a75345aace9edda0a36edc14fd645fdbe18970ead795a,43979788293976017,12.0.0,fov-crop-224-v1
(0007)aria_d_28,(0007)aria_d_28.png,39bfdab1f1fc00a0c7ea4e42e5e89e52e6da25088abfb82954bfda46948cff17,4d3224691cc5b5d5267730d60f8972d14c44a24612cfcbac9562811b47206ea9,5038466479434446872,12.0.0,fov-crop-224-v1
aria_d_10_19,aria_d_10_19.png,211931f53c5fe5dd845ed3b55fee5664d1b6aff1d9f73f67a44aa28bc29edea3,f28e108ab29aea4955867de77d72f4f50895aef4d06e52343a6101960b05ec5c,4613658517589491388,12.0.0,fov-crop-224-v1
aria_d_14_20,aria_d_14_20.png,edbf1dabe8e338769572d72db9718d6103bd422ad2ac08e241446bbf1262334c,39e0603947f10af61ca9d112fc05d178d169a578b12335da17e50fe2ec138daa,1543149740849703575,12.0.0,fov-crop-224-v1
aria_d_21_2,aria_d_21_2.png,638264ab0a7fafd46b4d45a8a0524428a1c09db3a4358c15ab581199aa83b798,bfac00848452c8fe3a2aeb6fc33c3a93b001db81c70471391987f375ef2ce2ee,373332509276072662,12.0.0,fov-crop-224-v1
aria_d_1_19,aria_d_1_19.png,16d70e0d1c2141d1febc3ab76b9f9f0fdb4a944003bf2ea327b7d7eb7589fd24,a7ee3d684a34026157477a30d92ae7106f1295414b6a4a6203db159bdaa234ba,373657698366926481,12.0.0,fov-crop-224-v1
aria_d_11_22,aria_d_11_22.png,b29583223f1d57a64317ea9702a69c6fd94d6b9979da863646138fa63a91e776,cdf39caad5ac8955659b9b4943a5d7c8b4045322f8e246374533c3d69bce1d4f,1543175167055063956,12.0.0,fov-crop-224-v1
1,1.png,8a6a1181c74acd1b690e8129f7f4bd41b11224b0d5bb6d8dac47b550fcc4bf8b,92703f4b1c8ee9a03cec6e3a36dbb35746565de7db5763aea2ea9e943da4c862,4619857573795872377,12.0.0,fov-crop-224-v1
3,3.png,e66d429869356e0e7bcef7155d81a23d92901263f42bddac1d1b466434e8a0bd,ace661ae9eb5fa81e1b0bd2652d4339efa50b589ffa8bef106e15e33b5ae0c3d,4668279726502849340,12.0.0,fov-crop-224-v1
13,13.png,40b1d05fb8f335eaf57c7f52024fe1108b2e8cf803b494a62b9d5ca59793ba69,9f4136ee66689c14f772c881559bd2c110526e3c25c4d2a0179c4432767f25c5,93757183377107694,12.0.0,fov-crop-224-v1
14,14.png,45b3a06a16ccaf7141a73cb9508408de114ddc15a1bae276f310243ed037bdd6,ddb943a4c3c7e44b3bde7cc0a6e3624d8864bc1beb355502e7f5d7397dbab75b,1569858680644202330,12.0.0,fov-crop-224-v1
15,15.png,196d0840efc30812cc6417c0dd958644f9758ae9cf750dbd1a9b6b38eea8b761,0b1838dccf35404d5218c57791e940b14b8b11d5bf9476a8f876bb633f80ea24,4655895046632467180,12.0.0,fov-crop-224-v1
16,16.png,8dac09e93901f6779f8f9435d11ad014e210f91b8016dc9606023cf76d3a18cb,e061545a49cdfc16058957a4f4cac58c38e4dd830f4ec512b0b1fd5a3cc23f16,4656457515562252912,12.0.0,fov-crop-224-v1
17,17.png,d74399229d702b8ca83a6a62a76bcceeb0f4cfc486306cfe44f40ffbf16a1c22,16dd9010b6c5442a740aac48726248f1031fa32f38e73cd69154082f73a49adf,1569876813929146990,12.0.0,fov-crop-224-v1
19,19.png,603ab1a3f6af6aeeaac2c80d650dc975a9c3ee9b89b6cc56e27d1d4b212e2459,ff51d91873aef72d676f1407dda01c5c4a7e5da2b697ffadaf7702bdb6b46059,4668288015522233688,12.0.0,fov-crop-224-v1
20,20.png,09278d133bed7a043f710954ed4aea06c43a5dc4137e92756f884c31df6951f2,cb3dfdcfb838407f5562f180b96040068f18daa317b866d3de1daa71e9bc16ca,4669414572285706072,12.0.0,fov-crop-224-v1
21,21.png,d6776780504144e52ac845187e21235b71afe11bd3b697def35683ea5a90da65,15df5e9fd72d64c8b345129df73a0f849ae7733f90f58fc349f4e5d667dc69bb,4655912157728045664,12.0.0,fov-crop-224-v1
22,22.png,f79f42edb02fe0412be75e87088724c2cd7c02bc0403ff0db966ff4b8db820c1,64a3be7f8d8d75522d43aa0ee2f670130a8e75fdd53a3a98b811adbd80b38d83,4655894565529534320,12.0.0,fov-crop-224-v1
23,23.png,8cf3c2d483013de0d722a4324f57d2833832db174645c53c5172155e61009cab,23e95ecaef3d1ca81ec5d1baff0f25b9b05cb14bd27e21843bf8910710510aad,1570993850355968632,12.0.0,fov-crop-224-v1
26,26.png,571726cbe57476907a508e7e65fd53a0e43315fd6680c4a05d24209cae1ca125,581d5423a065de57de6e25c0da807ee1a9f03399fa7857e3faa8277345eedc07,1534982232485685797,12.0.0,fov-crop-224-v1
28,28.png,4c929d66986f8ad9d18eef23fd8bcc862171f6beb966f247df158842d855ade3,5843024b7c2b1dcf9199aafd11d04149bc14329e466116d1eb95b4166f7d0150,1570166535251324760,12.0.0,fov-crop-224-v1
31,31.png,64da4628a48c0fd0d29e66ee421326cfb594d1bff33c96f1f07fe960c1888149,ff1eb38583bacc4f843e6b1836bd1b95ebb3cbcc2cb53f80804f80df71f3c396,4955948852794325552,12.0.0,fov-crop-224-v1
32,32.png,6bd8f137078f38557b55ffde34b9c68a104debce52debec563f347360040abc3,07e4e9f46ab1abbefa867ccecfe5518adc0ecfbce021f0c371691f763ec96ebc,4620428716938590415,12.0.0,fov-crop-224-v1
33,33.png,64699dc3158003461544260377f5438be5922d397cb2dcc2c2d1ad8b389dda64,bc5b84137d511fafa93d52496341251f740b07655804068840decba09a060e92,1534138289304776538,12.0.0,fov-crop-224-v1
36,36.png,4bb66a78a546af3904df65be6dad22383819e5298c66e5e22b9054696a502ea8,715aae8f87b91a9440bcfd3d6a4b8e8c20806a9c5ba308ee107f887fa5ed6f2f,4655903361630944872,12.0.0,fov-crop-224-v1
37,37.png,a1e087e73ebb711b78c58a9723805c1bddc68c2efbcf069b83750c2392d88f6c,2f928311f2fcdf39b01c720861208560d6939eef81bc341a7ea4794d73ba03ed,1567633132144650846,12.0.0,fov-crop-224-v1
39,39.png,9cc064e0808610593536085e2e47d4a58f5c6ec92478f0c90cf32fc93aab76c7,b862442b58fc62419ef591134f43b3c08f63f379485646489b105ce9739571ff,416954795536771630,12.0.0,fov-crop-224-v1
40,40.png,0ae0ec7a18c857b547a5ae21d5a417d90c86012dd8795ab9359a5edd5d77ce74,d4c10ec1bdaa3f2080f7f8c5560dc0a04444552b7cb6a30366bbc646c5a3ebf3,1570162137716386621,12.0.0,fov-crop-224-v1
41,41.png,c653ae21c89402858eba4286f70c3cec5c0ac9487f71ff29e704495916d66d11,cc0e567d6598f9bb4ace08f42a60b9ee82101b06bee3c85a4fd26239700b855b,1174409464274758407,12.0.0,fov-crop-224-v1
43,43.png,468bb6f3f1eb1b51c9b5fa7a332e6a1d318c65d9df0fd026b6b9f2759a8f296c,2a8706a1af6ae063a709d69dc964a00359f52cee8d1fd2253f4c0707b52bcee5,1569867537403374135,12.0.0,fov-crop-224-v1
44,44.png,c196fad3f17dd9001e6646063b7c174223efb12bdbdf9e85ce738477be6c6bb2,766098f5e6f6a46ea83272fbf2065591999a80f8650baed0e6a97fbe797f4911,4656457515566721760,12.0.0,fov-crop-224-v1
45,45.png,bfc2f79c193421c3c953213ad0d30cc091a4bc88bc25f093fd72d72252e14f7f,b0a01e5104b38740d2469b0dc221549ea1d025ff0e744dace630686c4f79c77d,1555228201959697000,12.0.0,fov-crop-224-v1
46,46.png,9980868c53c2a2d927cf0809c73ab6c6115c9982f05d80487ef1ca8617274901,ea533ffdd6baf6f2daf7c891df676624980c0e4c8aeff1e029d6be5654df3f6c,1530461659052857966,12.0.0,fov-crop-224-v1
47,47.png,f6ff3dc883aee99f3057d6c6d98a8bf3cfea751ea9ca675ddd4ec97982ed299e,5a6f22d3e8f6df7ad329301bf8094fa7124970ecb04391e36f4be18c36992505,1530454095353704292,12.0.0,fov-crop-224-v1
48,48.png,3270c42446b4f93888c18ef5e0645040285171d22b20527f860182a96e4c5e6b,a6024b1ced866f4b16703b319bec10cda1577be5d66464e0d70f5790aa14c90c,4632259149606452774,12.0.0,fov-crop-224-v1
49,49.png,d730e7de6f014a94c7e78cfe70b4f96993b48ebb2f5e0b4e5b4d213d4431e2c3,bdbd8f89ed1bdcd4aa12fd289637f5ed067ac241feb4d61af325d5a88444377e,4956510028652116072,12.0.0,fov-crop-224-v1
50,50.png,c8c5d8ee3c02210338b30ce9965482893689ba2feaa8614c9cb8b5c412074d55,d883db7f9e06d6bfb8de61159d69e7b132338f3cbe90ce5c66c33c5dd8097fd2,1569885163871889730,12.0.0,fov-crop-224-v1
51,51.png,1c993e24967ad44bf481a67c19cc090ccc21c33da33d4961ade59de9a7eec01a,9591f7152868da24db8e06627462f892701693639017705b6d7be74eb27625cc,4655903361634762352,12.0.0,fov-crop-224-v1
52,52.png,71c01a62175c01a6f64a0b939ab4fc3b2cd4cb289bf276f23bb5b90004bd6d46,920d72c65f9f3a519f1185b5ace976da137fce3ee2ce0c07e2cd7919ef0a2e71,1533847537484327796,12.0.0,fov-crop-224-v1
53,53.png,966409640f40ad09d22d469674bc360ec2d3839355295ba3acb9baf415089938,4f30889fc6a7a6076449e2f690ce2e960e33bdd41037a8d0f97b7442a55781e6,1569876883184909857,12.0.0,fov-crop-224-v1
59,59.png,9aca882c21d34bc4488b6c62654519820da567d5aa90ac72750783ae654bd5a5,a012c3b20f205f73f347e6272ae1d52cbf3125c6c81ba54108a52f2f77475288,381220632731074388,12.0.0,fov-crop-224-v1
63,63.png,65e9132d9e58d9fcf663c44c2721621f85344756849fbbb77feba56f0e26a97a,8a92a72b4ecda8d80256d953ff8e8fbde6e81178281fdbc45a7be1c929b17605,4655903413162945144,12.0.0,fov-crop-224-v1
67,67.png,815817d6863613345fa05da840f22eeff1e893b24982df07cf8d476be25fde17,03120b7fb3b00d4e03d40b7b2106c367cc4be9cbea09bf18efe6816821e4518f,4655903361697806960,12.0.0,fov-crop-224-v1
69,69.png,26e88092dcde9317acd00e5fdda299ac1d2bc4f5c03e6ad5aaab24ac7e45cb58,992dc9f2f7249f80e94050e5ddfc07e9258e254956801770a6c6e839284a6bb9,4691932639150434915,12.0.0,fov-crop-224-v1
70,70.png,9d391c82f9179d878553a987b7c91378cfbc037b7b97c7113f2a6e2d78803205,0cc1a24a524eb858652d3d07d8ba43296d0d15dabbec287ba862be58016f951b,4620446310197061872,12.0.0,fov-crop-224-v1
71,71.png,32db27284a1862cfc4b1751db06359791f7117b9a84303bf6d7a59c79eaa29fc,dd45e46be0ce63e668389563ccc78c127a847150455f5aad3b6faf56d7e60245,416673285386103801,12.0.0,fov-crop-224-v1
75,75.png,b074bcf800e7724a5f42aaf13dcb62e6f479617832c8e4d4a328e1cf4ee7748b,3d6b3b82d1fdd4d44634a947705928ae86e8f3db8c094673e3ba47d1bfa8eb0a,416963556267555442,12.0.0,fov-crop-224-v1
78,78.png,fcff3f9732d37cec7936357d6f3738d3e2f8c6b1b7be7f075aa3152620dbc954,3c5dc6c31c2bb108c1bc3253902fc5688766f08dca3afa1fd00d935324c4aab0,4988038871929416390,12.0.0,fov-crop-224-v1
81,81.png,4046bf552f51836d052ca688c3f40d31cca38161ee1bfd272ee8c3e9ee48331a,53cd00874da9f46e2531b01fe5ed22f2ed3ee1e4c438f61db275555ae464e86c,389941958508837490,12.0.0,fov-crop-224-v1
83,83.png,1fa3ef94cf51a9aea57ba49915373358f8d015a3b008e606a4f69c2234368933,d1405ee79bde72eaf0c25a08f7fec3d87adec18b492fb519783d05c1eb798d9b,4669423167052004706,12.0.0,fov-crop-224-v1
85,85.png,ff6e8e3047a892719a2ccaa09e7a1c3d91df1f16956b85670268de32d0ab1dbe,bc942ae6e095c9381d8f8b108e99734947d2aaaa830945238f9822123ced88c3,397806013558127194,12.0.0,fov-crop-224-v1
86,86.png,cc2f1817e57e0f05dd6efa55aeee56be1e77db60da2396d9c4389c45f7347952,63411115c9e61eaaeea38690c0b98e7a4eace2e80a6cdfa726bfca8f81b818b4,4744857923958357600,12.0.0,fov-crop-224-v1
88,88.png,1de8e19a246c2c4c65b8814b18b2671ab84de5c03c482b2c40651f37217781e0,8fa6326dad93b5c466000f49039222d92518b1b71bf9d0d1ec57d55137dcad29,1569603585834889072,12.0.0,fov-crop-224-v1
90,90.png,8485e29b2a896dbc4874aa6142c7a3063170fb45a361b6d72932833bd818f94f,3e4ea134738290b93ad4865d83a04ef45f003b0f2ec7682d05ec7f3a43f9526f,4668015130757836063,12.0.0,fov-crop-224-v1
91,91.png,ba4adcbf35f30744886c1c7c138dedfe1ed6eae7cb6649afa16b5ae6c8c995bd,8e59d901b7d1c697d0a654a88c06bb1f447e4f4c3feb990b6c55b75e7abed306,1182493486078758679,12.0.0,fov-crop-224-v1
92,92.png,f591ce946a567fb3976a5a4b5310d7280a36a226e324667235571cfba4bcbc4f,8684e19b60552b05e14d1e43587980c0932d36c98cdfbb7026b0f5147a57e154,422593055798352498,12.0.0,fov-crop-224-v1
93,93.png,3122d6848862b874efb7110a67e1539dc26b9bc64cca14d7ab6b4bc578bec544,41c2a4436d239c75d2ba8a91e994b9f66a62577dedca9c83a80a14b20ccc20ed,1534129492432023206,12.0.0,fov-crop-224-v1
94,94.png,9d163a900336b5df0ec3a70cc6af3a4b916cf831332e5332164d1cf641e6a460,99fe3924ef95ba190891bc5ba9a057312a9a56c2278ae3b176b550fa38af3baf,5028577519040165944,12.0.0,fov-crop-224-v1
97,97.png,5e59468d95da1f6a0000adf998f24879d90e2317eed0fe85f35485fd4dcf0d5d,ffebd3a6f2154822d5a3cd8f9e146366f4c2170c071ba29a989bb9f1226d93d5,421467164417743210,12.0.0,fov-crop-224-v1
98,98.png,faed4a2ee73936cd6db0b9de468822e75549ec221b585fad9907ed1bff2d760f,0f9e10e4aa433a6bda80f03a4969472dae4931397bcbc87b86d0a9b16ec4ddb2,4655894565529530352,12.0.0,fov-crop-224-v1
99,99.png,d7f6bae4f964b42d35513e560a0c9e5791cc1b7ebefcb6575b82755c931173b8,bbea6d2ff1461ab78f05b570563c1ecd5281bf65931f3cec1ceee1aac50723a6,4642383425827598034,12.0.0,fov-crop-224-v1
100,100.png,deb89c4758b4c8031be31faf534ba4e8ba62cdd4cc8c49f37930ccc15b72f995,461c2a1d43afd9259094b2b942ca37b8c39712cecc9bd7f42256f18917110dd7,1571006425769601626,12.0.0,fov-crop-224-v1
101,101.png,e9d781230462f2bd7e4578073e1dc954fe74418c4d07db127ac0c0fb6c65bd16,55020f8b12ea39c86fba98d743a9d9947743672ed6f28f769e1b397d19bcfd90,4989715091107618672,12.0.0,fov-crop-224-v1
102,102.png,a683a23644bd618166a08b358495f0ee31f6557559be7a8473b473c2b5e3bcf8,610c41218b75b31bb25c0f142cd8602c8a9ae4e057f87305e215c7b874163e45,1570434886400486746,12.0.0,fov-crop-224-v1
103,103.png,80d7fb610195f61ac6cfbaab530c242bf9f06591fc2cbc5633dd974d5ded8d21,76b8088214cc2d888cf33796a2bcd70ab1d2a7e32430095ce95be467e1040518,4700948089117764162,12.0.0,fov-crop-224-v1
104,104.png,246bb1485b3651e289536e7dba65b37c23dd6d9e0263ac11ecd1e8220289d3eb,c320714a78d776312d1fa9457370ff580e34599ce20398eef52aaa582324570e,1534982232465042018,12.0.0,fov-crop-224-v1
106,106.png,759c38da8e9ed0f5c9b48e718fb573c0cca9d31df229a2d98a545ccdda7bbf55,1ddfba7e97962808ef3ee960ee7bf571b75586fcdd2cf0e25580ac7bc489724d,1533856830724602736,12.0.0,fov-crop-224-v1
109,109.png,d2b1662d7c2758a19912762de4113ffcdf0528b51a20bd0b24e63b1cb2f93965,c6095feb5dadc6bd0c2ee986df4e9ead72331d72892fd6a325d1cdb802fdf965,404580031064452979,12.0.0,fov-crop-224-v1
110,110.png,5718440fd961554fcd706f6b7e0d07a653f0a49646cbddaf123d777c8f64aa25,36fd9eba31835c397a73558be9f0b2c8fe128cc9fbdd48a11c841492f680bd71,4672782741035302464,12.0.0,fov-crop-224-v1
111,111.png,08553b4b85b607d689759e3c8fa991fb687a4b5d43fd0ce23be61a34643ad8c6,4158ab38b848c38f77ce47489eb06af5abf29c1685716b7837f3fd396027cd22,4655894582781820770,12.0.0,fov-crop-224-v1
112,112.png,dab7f8bd8fcbde3c8dca6167750b225312541498407237f0ae9549c475d041bd,6a7df37c12270ea228b2e60ce117a57b70f9fb20b45b615a338809a92291829d,1543707956764502610,12.0.0,fov-crop-224-v1
114,114.png,cad9c275527c4f30a26349747a1d9ef5ca07fd1e94257be65385ba1b8c27fe0c,69ee414ee01e0d4c6accc872a4866267b4ec0793bdaeae18aab7f8cee485275b,4640975588163877575,12.0.0,fov-crop-224-v1
115,115.png,863bd32df15e3ae8a2b3694b193906af085d6f253e2420d987c9fdec95167a33,0ff36f896e3b7114c071bfc51a54ce55a356e17ece78e81032cd9ab9790714bd,4943003022486158194,12.0.0,fov-crop-224-v1
117,117.png,60918e7c5450b0c900be758197cc9d7cd2ff2da770d178de3d2396b12e60d047,df19ddd02fbacf534a920275e6574395a4e43b999e31212173f0a88fc19359d9,415837609051122290,12.0.0,fov-crop-224-v1
118,118.png,69bd3a8099824ff1f03350a51f9713526b50c48252b79f17b192d68250aaabf0,8a2856b23ce44de092b2d4b6229a1e3fac34982f3fde22d1875f9ff77e0c122a,4651408558096595824,12.0.0,fov-crop-224-v1
119,119.png,537b8a407753e1f3e0ae148e9bbd5fc68be795d86ad496bb46bd9899f0927698,b3cfb104a9b6cf0d16f735338f59ed2a1824ea96ebffd9a5c2ca69800b017e3b,4651408558096595824,12.0.0,fov-crop-224-v1
120,120.png,1a0690b027a89bf5071128ccabed0bbfc989e4d4c37e0e3c389f7fd824825e97,88f5b66f7c92b7b56803b5af9460abf806f98605330f914be8aba0f0f6f5c009,1569885060878461540,12.0.0,fov-crop-224-v1
122,122.png,dc2829a4854d1a9853710819f7154f81d941c1372de57e7c2f41b0f6ee74b2a2,cb6401dfcf0eee76569de30ef3dab6e9b4811b1f29af72382d7899fdcef133ad,1571010960715704946,12.0.0,fov-crop-224-v1
123,123.png,17c6ee8a2e0c7c59ca377b315613633dba9232ca038860c42dbc22a8951b12a5,5d6f0744c4458fc284fb1d83db9fc657ae21c8708001dd4287fe62eb0f6dd317,4651390965910552418,12.0.0,fov-crop-224-v1
124,124.png,d927a2e02b52903e842912ceceb8005275b0bde9adac237a4603a9cce151499e,663b1ca8999ff2f12e7033f165fae32cd26fe59e76e3b018b1650517ccfc6417,1533838740391870068,12.0.0,fov-crop-224-v1
125,125.png,1601d02a39aa0e4f9933f3f5c14e7f2738667f6b5f7753460ffc8aaa58184c25,55662fd891a5261459468c4d1598ae73b840ef0ca5c3fc2a5cb2eb3a4d8318be,416682116904266618,12.0.0,fov-crop-224-v1
130,130.png,7022973d197e3ca52f8750050324784a20bb19acacbafefad8e1bb2126e1a76f,754f6b55d4051ea451b45284d7ce8cf5f9d94f331ed73dbe1c30d44b6c3735a6,418063101715970676,12.0.0,fov-crop-224-v1
131,131.png,67d483c11008ddd32da6d1592d7efe31423665a767e7143b997dd1109861c92d,8ff6ff9060b47d16734b64c31081244a07a73f2f56e4bfadad97fbe52ffd387e,4651399542427237226,12.0.0,fov-crop-224-v1
132,132.png,c16f4679f7c4554d1e273d220b9cf83b2fe6775574d180c3130f236821ac02eb,ff092a0d106e5eaee5e90e600c1740480647a48aafa95aed487be17aa6ce133e,416664489368894332,12.0.0,fov-crop-224-v1
134,134.png,00d55815177cc82bc20d40dd84a432be4077890cc341a14e486fc82b91ede07c,f732ea50904aa135dbc1440306c413879684b0fe03738bcb8c952a6849727778,4651382169892764538,12.0.0,fov-crop-224-v1
135,135.png,e11e61110612e4021c3b56a26d9c876839b24815445f1102295d63cbae4eac32,9efd8f87efdfb6144c64c6588219a893dd6bd0cebb79e465312661f4ca19c340,416687064169983832,12.0.0,fov-crop-224-v1
138,138.png,d4165f250d031813b12f2c83888de7eaa507b04414d2e35b6f8c52c3e180102e,5862f02c1222112e1f5bd5bf4ac4fab107a72f551c3cdd94c002ae33fd6ce8ea,380657682768867318,12.0.0,fov-crop-224-v1
139,139.png,cd54fed0d172995035880cf1a76b5e94470fd6796b19dca4dcdd339a94dff616,157924a4f032f73c229b97ec0c2a3bee40ea7b63cd0bfb733cd2aac7f98195c8,416682081219391358,12.0.0,fov-crop-224-v1
143,143.png,7a2ba423d7920fa4553b85740a5b35bd0c9810baa30f84bbd787a4fc4e10c452,180ba8985d809e3a3f05f1ab79d6753f99ce922532d0fe1f31627fccd6b93366,4669422497038219642,12.0.0,fov-crop-224-v1
144,144.png,10f2b9c1c5845ca67b21ea8337d6cc21d9069a26bfe96141b1ffe60c0a9ec53f,9a3899224263d5256ef41c9f548b76fc808d8005b22c9777f5f6aa4d2bab182a,1557482604065733242,12.0.0,fov-crop-224-v1
145,145.png,35e555d33206a6e6719356ad1655c8e807ddef05436db45679eb58f228a12ca8,e7b9a4959fb70ad9ca3fe6e43c4b1416f95ca178bf12820d673e340923f18212,5028341745525604220,12.0.0,fov-crop-224-v1
146,146.png,0d4201eb5f7a2e5439bb56aa9c1703a233b2ea59367e50b99b6e33e44ed4c0d4,929f704a092eb45a9d50668567373c66d4b8ecf3e0770195485d69ed331fa117,4655912087472470122,12.0.0,fov-crop-224-v1
152,152.png,a0f9b1369d338f8cb251a399d55f0dd6d916a576c185af3b517ce84ce7ab448c,ba35e1502c9ca549986bc4f5d85bfd771adbb504e815753c1020a006f6c06e78,4655912156188866638,12.0.0,fov-crop-224-v1
153,153.png,9c3123592c88e472e581f06e187c152c1d4424479381ba54eb30f097889ecbe0,8e606bf37dea2a9bd52355a8e992f9f203c69ec60b2dbef96033065e10d8c757,4651408562395429490,12.0.0,fov-crop-224-v1
154,154.png,e59c58d6635e5b8c6cae594ad61941abcac7bd33632e80be5893a07d870d84c4,18c7742f9874867d90faff7e49c3870e20579201b027ddd37da83dc78e9aa270,1569858672050192246,12.0.0,fov-crop-224-v1
156,156.png,5871e071c51ce2107310956315766bb99e7444f9ad2c4171d4d0091f5923f8af,2267b152051cb28944d3b1a72e8be28c47ca89e7b67d97b5bdaab81cc27c97e1,380653292796344950,12.0.0,fov-crop-224-v1
159,159.png,51402c8b5540431fe6b7654ef8042c27fa4f06e4d1ca1717e9bee1eea832521d,2ce9897e6f007fecdafc80c39f2e17de31f5b3f474cd96ebca2ad39a3feb5a92,400071724423609160,12.0.0,fov-crop-224-v1
160,160.png,ec70188da5f5075322dd9255d427ba2d96c9099e56331a0b6b06cb936a4e39d6,417ba178095f4baca951c27560b8b9dcb9522e7d54af7e506176c9fde3748d84,6110542517016608618,12.0.0,fov-crop-224-v1
165,165.png,10d28d50e8a28bbf8d569d43df053bad8c7d72567a27173a0a6e394110ce4c28,493f1b7e90177dc3b57047fdef0823411837ffcf6d3704133922782742706833,1516946153435836274,12.0.0,fov-crop-224-v1
166,166.png,ba0b69bd68c13504670b8187f83d847fbd64f0b3b7aaf7c6c4c77ddb32575f85,1c6161fa362566557dcf7aca372855b7ecdbc581b2d911e22848cb09e0637a64,417812430716042854,12.0.0,fov-crop-224-v1
167,167.png,499ddb16e1a4a43c6c0d64e682fd97f3f53f3e17266c62b59a2548c93ed1a41c,39c972032cbc258c74c300db2949f7b16b1d5f671c5870478b40ed09d0c911be,416655693544308606,12.0.0,fov-crop-224-v1
170,170.png,a6a83c20197d9ebcc1b2cd1e2d8387568b9f879b8e80f71d69173a22f7ea6d65,40c652526800bbafacdd111fd0cf5bec06747587a11a2a98703adf07c7e23e47,416963556196105133,12.0.0,fov-crop-224-v1
175,175.png,b682f824eae03c1d73d8e04569824cc61c54c2a24285195f7171540e14acac38,e67a07a2f1fbe94fb474e0df3d1ca5437485b3f4f48ce13f0e6ba330db0072b7,4725709576228981722,12.0.0,fov-crop-224-v1
178,178.png,2678eed616c3ad8d8c9f0353067250d4fd40793ef19879e0649906a65f5b34f4,2571b83fb92c46d396d9fc531fe1c1045b1852bc311fb2e490a090b33b3faefb,4654786115879054902,12.0.0,fov-crop-224-v1
179,179.png,4018c022292a635e221fe61f511f405b8ff4b464af97bf3b43ac7d767fd1140c,43b3ccd047d0f41d2798ba1e2582b9b57603683a1797183f6b080aced97e251f,1552996562275821922,12.0.0,fov-crop-224-v1
181,181.png,ca572456fe4322e5d27295a63d0aaa51211dac16a51dc8bc162c096718429a2e,100cca6ae8c35b41b705237cbf53cdd3f1f86aea10a478c8f6b7387019096969,4741452842825562232,12.0.0,fov-crop-224-v1
182,182.png,a77d453424163b2733d28370bbd35302567f93479117d62dc22431e22176f787,1d5908d3d612f41d3a2b19f16eaaafff566dc4ea400b3de68f91bc05b6c82de4,417812412995092344,12.0.0,fov-crop-224-v1
184,184.png,4b2696f17950140a37daf8d03b34910b83acaea0b034fb0fe7b74007c8b1b8a1,441ef5088bb35bceea88f2fa38feacaa3d6f5bcd533e0b39c0512d18036e8f93,1577749236184460618,12.0.0,fov-crop-224-v1
185,185.png,893ceb98b829b347ad704c5690c1d5c010e7e2a05d3e262af8c94468bca1f8ed,2fedd14f2842f622574a3cc7b5c864ec027a5c2eb55eb57a31beb4444bb3dd67,4624385444298243184,12.0.0,fov-crop-224-v1
187,187.png,f2b682028c2d2c557dd73f4519d768bcecb9aac9e9bbae209771d4f31d9ad56e,597bbbbe0364f7381218cde1bb79090cfcbbbbe8591db45bfd74b91c48723c31,418089464697486962,12.0.0,fov-crop-224-v1
189,189.png,15937909f2a1b8058ae8feb993f3d4626b558557a14f2bee03afb7dcfda93c32,595362b7d61ab4aaf8f7b7cb045831ab3b65193de10cff0ef66c053f9b615e0a,4646606024456802055,12.0.0,fov-crop-224-v1
191,191.png,b1b20036379598fc813e8779c94ec641cc6519ac9c2505cb945a4829a4af253d,ef0029164f2da412ccb141f290545b078cffa019c3c11bc5ef2fd21700be6a51,418071769769064538,12.0.0,fov-crop-224-v1
192,192.png,80d4436ccf6088ac2ee7abb249ff56cfac0e2aef1d5907f1910849850d641487,028bebc5bc5ebbbd3680f0f31e494029a3e4a0833599feb0de8c7c6e7b4b8586,1255685629537487734,12.0.0,fov-crop-224-v1
195,195.png,c84d1a023dab77609891c99dbac3d7f9ebca34a15afa33534a7f2946ce7075a3,14da8f507f2dec0be4fa23bd00d37229dceea3a13bbb0dadf549e5b213baa900,4669404939224623966,12.0.0,fov-crop-224-v1
196,196.png,24b71a0a7a211a9386d0b48f5c9699366b4efa7ead467db1aadb07f7f00cf70e,092df2f652a59bd3b7bf7be233b09f1005cce832d08a0bd3b7ec6bd494dcff0b,377531057259429714,12.0.0,fov-crop-224-v1
197,197.png,4e1ca5a9b1d121e4885b9aa737fd988370bfc056ac46deafc376ef4052d0f34f,19b288e86d43b3f48ce5fd9246a8845103b734162c87cd3f3f0a6325da0531a6,1570993368529530226,12.0.0,fov-crop-224-v1
203,203.png,d8907291408d8051d0bda56ab95ee11be5cdf907b439a39287f9f6ad5d8b735d,0fb2e2e6d1a2cb55ad5bc8dff079026b2f87845a6001633dd5753b1e736447f2,4655912162018933344,12.0.0,fov-crop-224-v1
205,205.png,030f7c7357e8a910c6c1f7292cc6445737cb9f68a6003edde5200e15b6a31745,30b95d38c1293d9dd2acc15666f5f57926d4b9158729ca31bbd826f6f58e9507,1552697658574928714,12.0.0,fov-crop-224-v1
206,206.png,7ad2e8f7851c84d76a1ec1b4e782251eb1d64cf211186e2ea93c3281db0b744a,4dc8255028592a31816d23ff1557f4c4d5167edab8ba04835aa031f293429c0c,4669405488965894008,12.0.0,fov-crop-224-v1
212,212.png,46fab8d3fefe518f0187167461357354a27c19a1c00823511209acfd1f793c7f,73a0121dcb67e06939497a5089bf8a28e3d5cde34beb493ecb6436f36ce84b82,1542582607603068274,12.0.0,fov-crop-224-v1
213,213.png,fd8109e710a120f7c50dafe8866114fe775067ccd61e30b2dbad8b324eff76f4,ac23e0ccd0e5c5c226df8b5687dbe99d321b17cf575793714428d1f141c05bea,4992832451852463536,12.0.0,fov-crop-224-v1
214,214.png,4d89e71abe44e9c58678137d20e262f07e1db4c534cec7b1d3a531ad079d6322,87493f799a3b9a0313fcb7aeae5053f45ca5961d40b81bf0bb853f5eb57c02fd,421462757240221674,12.0.0,fov-crop-224-v1
215,215.png,f5455cb188e945d6f07e800644aceef7c0ba2aa6c30c5a50d934e283e06dd403,3f96ed6ff6fb344d72d0e8bd57a1970e830f273724167eda2b9d9165088be7e4,4927236026481523231,12.0.0,fov-crop-224-v1
216,216.png,ff2986dc867aca6d311ccbd5575fb92bb57465d936b75d6a7bb870be1e4a540b,f15bb528f02ebe60acc7aa5fe2d5cc1a93f24d51663fc9352ced1777c74220b0,1570993333700020858,12.0.0,fov-crop-224-v1
217,217.png,39a77f97fb9d965697513d707e1f098ae8a07f8ace51aeaab388137bc3dd7e86,bf8b25f3503a11605c6e7c05c0a5139bd61b6b979b19af6f2f135093d5aeef71,4680382574985624138,12.0.0,fov-crop-224-v1
219,219.png,de574679d4ac421285f32c7493746b7168cc74822d9d025f3055e199cd13639f,f6b220575bfaf0fb8760813980a81e7f01cedc2beb3ad272a7ff918acb15d0d3,4669413743362456188,12.0.0,fov-crop-224-v1
226,226.png,6449dfea5014f96829f802092186e082587ed674ca1f4ce5edf1297b3d956870,d7e232c183e6d2679e56e3e397c345eefd488a7f7bb95c377e339cd3e1ef7c28,400066786033150826,12.0.0,fov-crop-224-v1
227,227.png,71608ce07db13d3c72fa6b3f8bedeb6789a6af668e1874c678b7b2416f8631f3,de8f3fdc578cf2d91881b1b925fd544376c46899286f128d6345ab14b22b3a20,427092222675139162,12.0.0,fov-crop-224-v1
228,228.png,309b22cc9b36bd6664f656ff94e26e3bc26ed7ad94ac25020d6d64e3970c2098,8ec7793fa107e5843babb50829fa6efcb77bf8efda1cecced447acff1d77c14c,4629427721408100547,12.0.0,fov-crop-224-v1
229,229.png,2940302f5e053fbdcbb25c24735e0838d7fd23e7950b61712655025f7c91785e,a240264590a6ed6d4d772140f7c3cbc28245abaf993898090862fdc02577c89c,4651409060600162936,12.0.0,fov-crop-224-v1
230,230.png,55f99bf71af6d4d59e4fb801e978f11ce03d202e4aa604a59e1452903298f145,e180cb7581f1911aa762f8e48accd49a67c30af13b1fe1ee6f6309a26b6b491d,416968409505356414,12.0.0,fov-crop-224-v1
231,231.png,0564aa5f4f1cf46f6aac6b3c6629472629464b43c58ea41600c4d5c04de08311,db26807e35235660a2d9104b6eb26dcaa96255c2d6f0ac0ecb77a5f101b61b94,417808015553624696,12.0.0,fov-crop-224-v1
233,233.png,ccedfb5148e9d68f4a6b4796fa42ce948b87ec58f684cba72965c2cad4ec15bf,accb90127d09c575a61cb12d166fd5054e6d1459c052821a52997cd61e2d089b,4655894114561833838,12.0.0,fov-crop-224-v1
234,234.png,c9def1b8bee7f5786777ebdf593e39387c2ec0145b49224d114ebda8b9178bde,c0b853d2e8f5dff47e7d0eb84b3ce64ade65e07ad70beae0c4708133a9d859aa,1571010960701406052,12.0.0,fov-crop-224-v1
236,236.png,2b8bc5e91193d52e437169e5b2fa865ad30f945efb9b907178c4e0b4f00438d2,5411df1e0ef892d5a2f61dad0c062aff28f47ae78355b9ebb119ac5d7e03eb01,413582743420169034,12.0.0,fov-crop-224-v1
238,238.png,0d6331f7c4eb1872671894baf3cc60dc7b9e28be11b012bde41a8fe75068c52c,5add81db3e851fbda439791d25105080c09a55448bf7f7e47e7a5dc284b0278d,1571010926414023276,12.0.0,fov-crop-224-v1
240,240.png,607122088cdf6fbf0b992588ca479970e448c624ab051a12747de62d9c5af868,5ee61827537af058013393d7977bd50203c0d87bc26d23f4d76c1c4264076b98,1200569722449570669,12.0.0,fov-crop-224-v1
241,241.png,f36ec0720625832bd23ed079bcadf80ab5fe702abcce51a6bb01c3504a2e766f,d96b43f2ac95c1edb5758baad1ff5c0edaf8cad43676ae4b3fdd39609ac9704f,382060693449375066,12.0.0,fov-crop-224-v1
242,242.png,edd79590755295000aa3321f4e3a572be529fc6291852afc03f185c191685700,97de472ad70d06e049b122ddea23f23720ae2967775ca0ab1aa8ee49fdda1003,4696444283525414752,12.0.0,fov-crop-224-v1
248,248.png,f93ab515c4566fa4270f343a668fef4613a96fca73f2c60612d3d9aeab2cbbc8,0b99944c3166fd706ff28551ebdf78393d6e20cfe9af6c9b389161201b36154d,4677286247230224394,12.0.0,fov-crop-224-v1
252,252.png,a244e2a26a58d660994df17165c2258e530f786f0cdc9e5d304014b4b87160f8,7448e6bb87ce3adb54d5bb5c6421e6c02b810f02ff156c10f8028b030043229f,416963633577228890,12.0.0,fov-crop-224-v1
253,253.png,84225625f6321457cdec91b87043912f0e7e734e3e407c318717966fafa84bab,ac7c13a1d650ada4201fad9cefefd5c34e900dc7a8d1901ffc12f7f73824d8e6,4669405050894301710,12.0.0,fov-crop-224-v1
255,255.png,922b142a226a9d1a5a16786f9e4cf997e95f318b6a9adbb94326ca741960046d,c70d3451f94bc8cccdf2f1e99ee2e922f96088dcd49347b9dc9b10273a9a4a15,373053425475287642,12.0.0,fov-crop-224-v1
257,257.png,4de7f24759c5ed543d75515fc2e3bcad52df99c92bfdf99418d09a7f9239c890,6f403f42b7f2fc728ff4c0973b3077fb5ccaba0cb213cd53d710b531439a3f35,4669404947815344398,12.0.0,fov-crop-224-v1
263,263.png,627ea543e01f04cd3415830742232dcc37317c4f6aaab5dcd21b5a2ea8d61695,f43c49d12d262f346134745903564298114b6aa8a33bb3bccd4c07e9d781b09c,4651408321864941424,12.0.0,fov-crop-224-v1
264,264.png,f7f9c80cc2b84c4f6c2f46cdaf1523135038217734abe30d4f14a62e1fa293ac,435cc9989fd48b10f5ef40a2398609095c83ea2cfe6050514c7f495e764132c7,1570993454487468658,12.0.0,fov-crop-224-v1
265,265.png,e9db734d9e08fab908d13f9eb1928319718c52d2a241dc38b9aeab33ac513640,3554ade4fb54e00e142a22b1c02e5ae22134089bd06824d7279e562f6398c67b,4669123472922388494,12.0.0,fov-crop-224-v1
267,267.png,2f8bceb56c137974aafee1dbece79387559213f0906822a02b48738e8cb48deb,abfef7adeca51941da65913e6673d5956b543584ce46732f78bb156025350e28,427089194787158360,12.0.0,fov-crop-224-v1
270,270.png,9dba7bc4dd41e4a3d92ce5fdbdc8976088c379bec480a23d36e6518ad98f01db,67bf143847e9c052d0974bfee7a74ad4e7d7bc882882e4f9d40c6c88ae4d719c,1552978944307773050,12.0.0,fov-crop-224-v1
271,271.png,462c6f14e452debee824abcdcc154b9faa82287edebfe6f8bcb36eb0a10b1bf2,4f44fd1b13e833b0f8e1d2ed40605c46b2778ca91174541bb502e4a8a9759d25,4669405111023319666,12.0.0,fov-crop-224-v1
273,273.png,67f9319afb8aed2a3a23955710b2e0e51728c153ff6d9d44decd7df132a584e2,0a6f50bf2b7599acd987b1ec5d848a8153b44ef2e30e6e9d5df1efb771356e50,1577748656293231978,12.0.0,fov-crop-224-v1
278,278.png,968187e07681d7522d5e6f6b350811df5b9258df1f04c19d59365951fbcaa32f,4ae2521cc68cba7570a1d28ae301486785c7085865e50a035225fcd320790be4,4624369114816724562,12.0.0,fov-crop-224-v1
279,279.png,cf230790af91481fec52828116bf646920297a1e94806bc6ec8f9f5235b6a1e4,43a87ae1f6b3da945ed8314f2de378d7e9295e88ef408beb9979ac329df71992,1525957398092868186,12.0.0,fov-crop-224-v1
280,280.png,51322e7f1ad2b0dc9c1a049fda4cc9e63672f1d8903a1cc4c98f0f686b8d8132,ddf417afd0b7df26fac4c79e70bc58923ab77e48a07ee429b0d4b45a4e5b8692,418080625722007162,12.0.0,fov-crop-224-v1
284,284.png,968656348e1850b504941ee9c7864a925271f1317d51a25adb7ab857a6778e3d,9520baad1d75c84afcc33d754c112e4fd918e9eb84207e7296efb023c9cd1d12,318646232797949726,12.0.0,fov-crop-224-v1
286,286.png,f8c24f42bc28a887ab33c1110bb2c41e26085c8caf068a5d5213465d6a646019,12f0a8bf43f717fbc08890a256bd71437209a23ab12d95173254e63fb0a910f7,4934338139920809174,12.0.0,fov-crop-224-v1
287,287.png,98d05a99d2fe2ee0dbe35dfc0f63af76719407084100ced51e49c77295de7c6c,d2185512fd7fd51bd3ee05042d47aff29009b68821fc9fba57cfe00f02e79c37,4619883141668026978,12.0.0,fov-crop-224-v1
288,288.png,a770ad97cce865ada4091f6460d65ffed8bb1d08573e0d3116bb940066eea9a9,13c1110a72a005fe9a87a8b18976aff3e69302ca98bbaa5194bd9878c11cb24b,418089430338787954,12.0.0,fov-crop-224-v1
290,290.png,0e602f28ade574b13841a2d64628d24f586b78fd244fe0198f6667ecd5d22bef,2f0dca351fe0541f74bc690511503081fbcd37f51a4b51b81722e6ff89bd7904,4642400933713950792,12.0.0,fov-crop-224-v1
292,292.png,2ebcde503cc669b460608ccf05e38b60e261edc4f239132cbb5782521f9e54a9,88623608223d2cc8d873584a9662dc33b602d79d3578973c6f1c04e2b7c2a150,390764358510460522,12.0.0,fov-crop-224-v1
293,293.png,ed79ec92fa271b5f064c8494270dcee410533434ace1306b9983918911ec07c6,b96dccd7b1957d2ea3ca46b0cf9b4f9215404fbfb788b7b0d2cf800ba1fb6ec7,5026331766598875768,12.0.0,fov-crop-224-v1
294,294.png,703543aac37f8822215cbe92c699abf84697e8b41e53f097fee661c7bb1c4566,fe04121460cafd1dbefe7b1367eaa7b9c4c792b6aa7c10957d8df7d24a7efa6f,4669404939224750926,12.0.0,fov-crop-224-v1
295,295.png,dd3b45e449249215a21691399afea02fedbdde7448493035b738fde50a9216df,82c7f911732280f18e46fa213be8e28f1ca3969302c12afc06057c7673d151ce,382060693516483162,12.0.0,fov-crop-224-v1
296,296.png,422dc1e9eff4ed58e12b28b0f5fe3f352506589284b9a7dfa187f0e29b3fd0a8,257f49ad3fe38da0cd4db1ed79ec90108ad80255f610469e46b4760526a6150b,4642401483399768606,12.0.0,fov-crop-224-v1
297,297.png,bb510daa24aa0936e08bcd148032d2fad0a675b1a5e744d11c185f3d3338691a,af0fe9498ad2ecd95572debc484f5b98a6f447ae478c986aa9a054feeed7c975,4957640330098913128,12.0.0,fov-crop-224-v1
298,298.png,c4b37f102dc983c03206156fcb1d3da15a03673a278713ad669cafaa40425db9,e6aa4fa42c67d8d049e932b65aff6d5faf72e3f21a7644bcc68374739a7bd598,4714149769548021360,12.0.0,fov-crop-224-v1
304,304.png,c5f8f75d104823c9794cc5c0d9a99c23dc7283922e12bc35b74b700db7499e72,9f5efbb6aac6c075bba41a8008c343ed2048a27b2ead29a2a8f037e849be9f90,4669141185271049848,12.0.0,fov-crop-224-v1
305,305.png,cfb9aed75b152d7e362efa46cc25d1b2939c6c4f40d5107bac83e58a530c4ed1,92e2d0a0f338f8443ad83c1595b914dcadd7d4c1f50a495766666fa9bbda52ea,1552979150407482234,12.0.0,fov-crop-224-v1
308,308.png,e4d282fd8de297cdcfc9547ff51be38217975e9f68c900dc6bb6aa35dde0ae03,21001e9c08e1070b66b425aad712a50a799f7316682ff8ebfa56b0d58c1714c1,4678412344109443684,12.0.0,fov-crop-224-v1
313,313.png,46f4aca302e041e02c837401b50155bcb74c048b8cd0c055163bb43caeee8943,c355c6a2cdca3ade4f7ad9a70a924d6c6bbbbf73110d027583852d969dc98b17,4669396117429570138,12.0.0,fov-crop-224-v1
314,314.png,26b3a213c20d9aca7b8b0eff2810e783710e7051346899f987d324ad82937064,308e8aed4578127d01763c9b3362e69c4a7300c1b368e580bf69ef04f5b2894c,1569885129530293347,12.0.0,fov-crop-224-v1
317,317.png,f4c22f868f69c5418178b35f820d1b7e6e4e99397a639b945e94e6c59fb8897e,5637f056e87318bb2eff08efb4036c80a7e5ae20de9d266e52713abfd0e5c73c,4669422497038483320,12.0.0,fov-crop-224-v1
318,318.png,8b247acb94cea45edd718ea10dd6c40fcb2b4b2834593bbda3927d224abe4e43,82267a6a45058616acda7bbcf39001134d77b6f9fd7108528d585a9c599c8209,4669404947814558479,12.0.0,fov-crop-224-v1
320,320.png,c694ce10a613459c4ea089df003eed2ea38295d05272d39f1f410f628940b4b3,334bc87d6cd9e5bfbe0b5c3a1a8f9e1a4ebfc74d40ddea6abc71597c442da8cb,4649156341677439102,12.0.0,fov-crop-224-v1
325,325.png,4b6c0546944fa90d34d54cf98a1ae3f17572ff6b36a70935e016fc4addd4d6b1,5eb4beba1114bdb3fb4d2694dd1623048813596274e5473796b1c16524d58338,4642401079129021302,12.0.0,fov-crop-224-v1
328,328.png,61fc1ca4b6364664de48c818b7a008b46d7f60fdc68856392b01078451aac534,73e1e28c2afff6ddfbcb2f7d75f696671f42c5add5c857c8d91b07b3c45737c3,391050300580067960,12.0.0,fov-crop-224-v1
329,329.png,b29977aa0fe421f85fb11249056fa4b2dfdf125abd9a75328275cf71ee61b65a,6b1373bf60afcce89a637900c37da3fb86467347f8f850223a8a03a268f41782,4655903081927674714,12.0.0,fov-crop-224-v1
330,330.png,113875e65024a0f43f98a95621c998b84e5be68041811ce156d6c8321d5d66d1,f26c533a925ac3778f974f82f6e0b6ebd8d16a2fed4f1f35e5ee0ac0590b1989,1543985515180731348,12.0.0,fov-crop-224-v1
331,331.png,3461d32796ab109be20ad5d0b9ba2baa255d46406f653f32f2c37769e6b95245,0739426e39f714d4e787bc4e03ec9dc8d219dd948608645bd57847e05ce4c19a,4917110752288063064,12.0.0,fov-crop-224-v1
336,336.png,3d4d87bfdf94a038b8e8355ebb4f3758c29e2700f1e4f26fee2a574bf8afbdd5,bf9e7397d1e06033f5c6ac68df33c1e3c718c6b35294540a6d5f1a28cd6a79fb,4669141030661666942,12.0.0,fov-crop-224-v1
337,337.png,c8d77ca14c8e756bdc4d108106c57d629f8b53de8a119997ef5e1afab25c7058,7d600cc24f9ef8104868a865fa23d5816c131e6d954f7b2508a4b2a850e0e346,418089353029515866,12.0.0,fov-crop-224-v1
341,341.png,fe3c019a4e0dc3c3cc47b26ecc8683b743530acdd12d73051b670d8d00646e29,af7fb7cad05351b1deb8fa517e15aaac3b77a9e2dc9982b719bc8a8833703106,4912617288696479712,12.0.0,fov-crop-224-v1
343,343.png,d5f81d41cdfad0a1114f745998ef4874ea6f4dc57231835dafa2d20ec10af835,8299ce5da05a54bc57f03949e563bb3c8b59cd75ac2efbee4dc6c3e9bc710ae7,4966660270016965448,12.0.0,fov-crop-224-v1
344,344.png,6488b97159a21cf83463a03cacae3d114d7586712ac0ddf6a940fafb080f186e,c89931bfd3e1be62f5df23b49c36d20b9aee5a6687a5534b05e3e788e48802ab,1570993445905905772,12.0.0,fov-crop-224-v1
346,346.png,b3aec0f3135430ef5850c6ae31123f3c9bda1ec20237c0888ef4c410d76afad7,fc7d39629b2bf05039cdd8ff6bc877afb36a99a1fb8fd3e641c4c68a2546e3a2,4678148255688694606,12.0.0,fov-crop-224-v1
350,350.png,69ceb602ac8dca9d99866f227c3a9c5dbe90b67cd203169e690e7971dc1ba077,e2f37e298feb0a8e946055d296d004cc910debb860e02b105c3112e2c04b8a71,418089404636093050,12.0.0,fov-crop-224-v1
356,356.png,d365ef921c5c53b6028fccab80cba4743076a93ea5d92c033de1963c19322c57,6619c0715acf459511a42b66c270890e1f515c9c58a6e7674a927c49f97e1321,418089499124324954,12.0.0,fov-crop-224-v1
358,358.png,9c4f8004dbb4e3020ab810a4ea97ec8b461715a31e59f5278dca286fb71adaf7,6646c17a3eeee24127a2b4fce422c1b8613014a35395f130292b4d1e600ac28e,424840422853078876,12.0.0,fov-crop-224-v1
363,363.png,df60c4a49185629ec5f3b81acb46c04972e0d003f9077b21b02af15549fae254,a9420c6f0fbcfd8db304f6b16d727b14dbf95e7ac5ba8c5b42c5e02a6831b742,409082231083654226,12.0.0,fov-crop-224-v1
364,364.png,9aa92493449fc5965d3762a929accb1edfa41381edaac94c25b62b5871c93e23,92a6e4bff279a1034b18c0a3471705f872ce83388e5c48c079a24224d855574e,5038691278284270082,12.0.0,fov-crop-224-v1
365,365.png,1a94b4065f304a183aebd8bce4a74665ead792485e033f7e08fcfa0a5c4a43cb,905174c212e7618fb58e2d1af60b6de0b6f74fbe8a642d0681942714aaba7331,1577744318119423578,12.0.0,fov-crop-224-v1
366,366.png,029cd69d55c6618790f00aaff1dd8e1110394022f079a8bf0c743545f68b9c02,9da841d787b319a146a11a542680f352151d112707582da3683fa749b40ae09c,5866228258709060978,12.0.0,fov-crop-224-v1
371,371.png,a5012f37b583a1967d0835a1cb5d8ec5b78805bc3cc94fd420f75e83a50f3d6d,b7e7e2c6911ba5ad81bea97995ada752ec90bafa3770b7d5c9218430b4e01108,400075117728791146,12.0.0,fov-crop-224-v1
372,372.png,e2f2234d585036bdc466428e7b9a7c1dcf1f17323ce96e97ba84483ad0f72bdd,54ae6811cc682433b2ce694b85db16d98c0e3704f9e4b308b24538f1b91f545d,5029684216400587594,12.0.0,fov-crop-224-v1
374,374.png,7e0a26d7a05ecd5f3998c4389f045ecc6d9c41170e553c63d0244303272b6557,9a739e599693d085e44eb3fca84b35e280865cfa4e3b0ef3737aee33431c41a5,1570993265509038706,12.0.0,fov-crop-224-v1
375,375.png,d11f7be7199de139de51d5020247d74a715fd3e39b2320897d3d340cf1c8f6e3,3ce0e457fea6ce96047ae6df2d91ff316d3db543fe20e5536cde3a80cea6cbfb,4669405111022398314,12.0.0,fov-crop-224-v1
378,378.png,e5067594345c57dc0d4cb00fd8b09b1955adc4054b858916f9072923ebd82215,68283afd88573a4f18ece530b05a931203e2a3ba0964a4d33a1af3163e46f496,4633393871823708018,12.0.0,fov-crop-224-v1
379,379.png,236721472e3a6527f980c904048e593855c2c69c797b8bfd8136c8eec101dddd,d980a83a88238146f48773a6c4cba3499af43ad30cb9fb26bd4d07c90d724835,418089559186759276,12.0.0,fov-crop-224-v1
380,380.png,0569c0452a4307e3e88f8922ca8dde53f79b189679dfe3ad5c10b9f4dd49560b,61c1de35fae4422454ac3d78a6319a1338578a07384f91ee6ab5020ffc121d72,4651390539717557578,12.0.0,fov-crop-224-v1
382,382.png,986374e5cab4141499aa2340dcfa4552a2ebbf5ec07785a861af85a7d00590f8,0edd9e9c1e5fe5472c56e20d52427a0fc9c74cb83f1f89c13d7c21fd21d72894,1201703644821613946,12.0.0,fov-crop-224-v1
383,383.png,deeabc6b542c8624b3068d4653b8b1b99e915dd96db6a99e70a6c83de4a825e4,66f848a9316923c70733822a5289c42f93460db4222ff0dc59e8eaebd63e5d78,5027455471181838968,12.0.0,fov-crop-224-v1
385,385.png,10df76a6048c61ac8fd96376406b2746c297a9474452c8a32032a20593756a7a,3c5d4e79a5b15ded03dfb55a064025dd44b9cd732fe228121f2e04db928a6144,1497815440583913068,12.0.0,fov-crop-224-v1
392,392.png,212cdba3bc3d97f2f23599ad2581db207fb250c71966bcfa9f5731459cfbf490,1a4d12cb3d7f49eb141c8505dc1c9816cf328ac81cbe568eea6e98bfeccf93b7,1534978384639306744,12.0.0,fov-crop-224-v1
394,394.png,c55f73d83f6677eaaecf80248343fddac0f34eadb34a1edf1a250792a7d935aa,83555527227f044f672a710b3ef07e0e2eb68a6c53a797922b658f0ba8c06611,1557496652834044506,12.0.0,fov-crop-224-v1
395,395.png,6f333c201065b40d365678ad3afe699df3026f5338dbb43ef1fa31ecf592beaf,99e9c3d3d744d64d971e123e92110a5e5216e8b412f50fdc4d85299d8d57042a,4668279151054301963,12.0.0,fov-crop-224-v1
397,397.png,a72f60fb068d212517e794cb231d2e58d46810cc50f166df6aa3fd8e15f9490f,b95a10de08fe1faa84c3e5b38e8d85580a1eb04adf3525010ca69a1ea9b922fd,1557491846775204442,12.0.0,fov-crop-224-v1
402,402.png,482d6f141f538366f42d8d0abc04dcfed899404ccbbe077e7ba4d11f65b6057d,af2f0a5356ceafb1065095591568eaa336acd0def008fe89e8e44517c10ca3b6,1557482625548761698,12.0.0,fov-crop-224-v1
403,403.png,8a4596871ea245e21320bc7d00c56c4f4ee3ec31c7c5d5f78a262adc4557de87,4c6ff272d3781ca66d43815ad98e55909a2f04675b550edb98d86c0268d2f744,4667154070397337117,12.0.0,fov-crop-224-v1
406,406.png,8fc13cc1dac6955553d3eeb320fd94da39c6cb2d8ef9fd6f8c53a2b1071b3579,ec73ecd1767c0a31b1ad2fd15f92a9cdc7ff1b0aadfe20d48d1458f4bedf7591,1552979592792861026,12.0.0,fov-crop-224-v1
408,408.png,4540d86bbb439032b4aafc7701b3ac8b88bae3324a01c61702e0f1c0d8b9a05a,5b1ae89a148845c71631ac197f5bdeca58b2f43474ee35cf1d959c8fd9a846f9,4655912174359378536,12.0.0,fov-crop-224-v1
410,410.png,9583303766b63fd93fdbdab6c19f275a808bbeffcc263baabd3c8ef923532c6e,5cd7eecc46ab060c3323b09a6cf5317243779c7d3dd571fbafd4a1b1519d3ada,1520327924329049698,12.0.0,fov-crop-224-v1
413,413.png,c55be56644f9210e6491deafbe84df6187e3ceca1ad1fde9a47c51650bca9b2a,4d259784b5c0b7ac1693cc1ad377d352cc1aa2826a14e871b7ba44ae4add8191,5016191262560975458,12.0.0,fov-crop-224-v1
414,414.png,99aeae3db2d7735752050cd03213cc81fc2eb5094144c39c11f83b8f9ddb44c2,d49b7a7b1f0c7ecb016d46a7dd28937d569de6a8e9dbf8375f4c6b72e565e383,4988584242857737810,12.0.0,fov-crop-224-v1
420,420.png,ce27a6327306923176949ada284f7b27694cd50fd3c05aca90e28b8938ae677b,0ccfc12765ec0ad4011d37929e60d8f1a72ef3e243e6968031e81b8a3b8bcd08,1557482647026428002,12.0.0,fov-crop-224-v1
421,421.png,ed3007758b3c055f61824ac9301f8f471e23275938dd48478f0a5f54e3972941,a663acd6f30b5252b1f484a63502efeafdad21f94698d2a564cecc2f9212d2a9,4668297155475947292,12.0.0,fov-crop-224-v1
426,426.png,38cc2f3f492f3f3afc409fcbedd7134e7d1308daccd55c0f984c918ee54d7957,d6c6f210a064a6f2177d446a11df8e07195f7332a99ffcdddc537299887b1a1c,4691940954285374056,12.0.0,fov-crop-224-v1
429,429.png,34e193bed7e6e54dee48f88fc03926b15fc7820217d4095f092ef79b920bf96b,17dab7f86baf127aed649bd3c77f54935c6d123f1f11ef195ee0df825034aa22,1557491915558502216,12.0.0,fov-crop-224-v1
430,430.png,1e8c9cda6c7682125fa6d4c6aa752d7bd34a56fadd349c897ecabe70a70f0ec6,32d8895fa72a49a1aa5e6c17f666137842c777682ca35fff5722030163375b27,416955310387310518,12.0.0,fov-crop-224-v1
431,431.png,db775d7d1198aaa78aeadd10dd002ebb2f70046eaa3bf77744fb29023db527fd,404b51d8534c11f2e423892d26be0ed358a3c2198fb8a8756e865d5dcbf9e5b1,4651953915881810528,12.0.0,fov-crop-224-v1
434,434.png,2e767b5f623bae911eb4aa01afc709736afd2c2b10ab1c2152880cce6449b0a2,b80805d5120a20dc0fe3ce89749abed2696ab0d3be05e2e4cfc098d8deba39d8,4672800334290119182,12.0.0,fov-crop-224-v1
435,435.png,e34a791a74f8eddd769bceddb16b366a6c8853f2dd62c2ade6b121707f796895,2b247040b76d9f7edf386e624d24820cccab5e1c23d19507826b10d716029ef3,1521454662758983786,12.0.0,fov-crop-224-v1
441,441.png,296430cdf492d1d66695ed9ba2b10e593914ba7acceb00140401ee63fee0a427,174a5d9da19aaf0afe976e2b6c8f9124707326d00093d70f938f7e6d021e4e15,403447956328041337,12.0.0,fov-crop-224-v1
442,442.png,85ef451ae8b65f88bb78735dc057159ff7badb4df4b18aef019d51a620fecede,0b3885cfc658be4ba9acb2cff95106b3db5c848bf4f364591c6d4f052c0e11ed,1569876299076168786,12.0.0,fov-crop-224-v1
443,443.png,159f84281f140ddb86fa84338177de091ff8678168b970dd2cd6cf854c647242,6b6991673c238812196b7c46856139a6c93e281671b089dd4c186ffdf4a7f00d,4668279185346149902,12.0.0,fov-crop-224-v1
444,444.png,db9c312d4d452ca52417a7960169d8c3d61cacdf2f20ac3e9325979ae5226fc8,3519628a3445078c21b3b3b8f53a0cbacdd9299ce0b5ce6ec880d162fc7cf71c,1569603586354999068,12.0.0,fov-crop-224-v1
446,446.png,bfdc1189b589769ef9794c6792b7206faecd3a5a664b370d689d52c450bfb270,bc38b1eb72c617e4baccc3d6bab2b9033e27a5e2fbdd80f40bfcc287d0d4bd56,4727960967022410338,12.0.0,fov-crop-224-v1
449,449.png,6b8f60b0adbc9fe5b4c741154747950356a827139a47aad494e8fe1c5139fd0f,386030c3b2077347996a66fb9e693530d1de38a16091599658a776f25b2d2f6b,4655885498869099363,12.0.0,fov-crop-224-v1
452,452.png,1adaaaec40ea45ab5294ee7bb5474ad40d00d5b62db172ab7cc696ded9912d70,740acf28f12ce1903fb9ffbb032646b8028ce9711981e4a3abf7c1ba902908f5,5028342260918337114,12.0.0,fov-crop-224-v1
454,454.png,4a23edad9d99af606a09930f8fb94c9faa5bf725650107f76847437367eacad8,2f01d33c0fa6a1a672e02f708957f26478a61ed2da61d1b0cfd6c387bc9b4cd0,4655894577436719682,12.0.0,fov-crop-224-v1
456,456.png,551128d4e03f0e8cec914304c9b9ebd8e572554d54eef8bd85d607ffadd9dcb3,2ee79922b5134b0993973eb16eecb8b0e150b3059241933998a255e250bd71d6,4740354337210923034,12.0.0,fov-crop-224-v1
458,458.png,699b51a29c87c65a13fd7f30e92f4aecd52ca1bff593d9344108536a04bc3050,be942ab2ef576ce871cbcc6f0193a3fa4a129b244245a68d595b5b99acac9335,4619883291986575072,12.0.0,fov-crop-224-v1
460,460.png,993cbc55bfcfbc0108fbbfea5275d591fbbefcda9215a47e33f4ee0d585b1e6c,a06c4b6810dc6bc97ca0c353fa7dbf87f9dd5c3c353d2ebd160d36eb4c1ab631,5015068682951671386,12.0.0,fov-crop-224-v1
462,462.png,06765ff8276b073c4e7d6ee186fd21aaa1ee77ea031d3035dfdddd463a2c66da,fa77f333962d1ff8d7bb2e588d2bbb692626820ef6d226bf86be8060bd2ad21f,4668296639006140735,12.0.0,fov-crop-224-v1
463,463.png,d15e7a8bbae52e60448dfb4679d5f23063b2a5efa08ad57ab16077eab71603f4,b80028eac974d01e6f58f68423bae907a60a0624a747809d8cf1b29f8599457e,4620446791703162464,12.0.0,fov-crop-224-v1
465,465.png,7a4cac7237e60c374fe866b92654285ce7f99c41d3fdcf120cca9d6ae00008f1,37d680010121d1770b540b9f6c4f299718607feac54505938cb72c3012a18b07,416955860139208286,12.0.0,fov-crop-224-v1
469,469.png,34d6d294a76a5ac3b0a5ad819c56b9eaefc80ec7ac7d6be46b9f236802382840,6f8b9f3b01a8b8c2828a9ae0959a1c6ecc0a4e289af008b2bcb2090403eeffe9,5804303674509043834,12.0.0,fov-crop-224-v1
473,473.png,4b36d6cb601eea3281c9e265fb5072903bd0098446f8dd7d88e8bafd6d240325,588d399f3f1b0983fe95a6840580e93afcbffdfdb447fb48ebe7f973559ad807,1571002199043500604,12.0.0,fov-crop-224-v1
475,475.png,8603cbf5687cca933b79e906dd5c69d09ca93bf06bd6a4d004335c07cf68d6f1,4860abcd1337b22dcce2e0ed83a472a75ef53b34a8097da82d8d7ba3ac1f8ab5,409079165533826897,12.0.0,fov-crop-224-v1
476,476.png,502bff5f89afe072e946014e72a227cddad36cea4334e72b0dceb5ecb7e974a4,2d2aaf6d57d26d6620c816cf5210c19577894792b92b4c6476703ed65580d735,5853279580044492390,12.0.0,fov-crop-224-v1
478,478.png,16951353288ad0aed8049266fa776699557f8c2b6452100de74147c3cb77f8c9,9a9ad5e6fe40d83ba56158dc085888771de929f8cae9f1c358ae110e2a906cdc,4619866318358527680,12.0.0,fov-crop-224-v1
479,479.png,530cfbe9967fd1d8c96b5117c6f9e63d4ee9ad21bd1f6627cd06c93c3ecd4423,2f97239e06a0d8e2473bec0dd6153e393a9d72c650b8b42862e1414e2aab963a,1533856812994686932,12.0.0,fov-crop-224-v1
480,480.png,d1b1cc0716f49bb0f6c92c0fb8a263599aaae38534646e53b8edbc4c317ffaeb,40be765a09bc7cc00f006c7e3ce75693f35d15ab2c528dfb406d2a126534791e,1525954882495581030,12.0.0,fov-crop-224-v1
482,482.png,624789541f3ff7dc725237f2a8c3d5e0f7b1cbd51cf473ce6d3c52396a9bfba2,77810dd96bb6a9e4a0154c248c2a00b92262e38277d47c470624d0d683432372,4655903300964400762,12.0.0,fov-crop-224-v1
486,486.png,7b9ef94a172e8f52a5c81a0f938d0f925172f215230c7c46d1522e73f6aa348b,b903d835820fdac39d389dc0d66e22c688b0a9aa3cabc1a0eddf42a0763d798f,402322941185518298,12.0.0,fov-crop-224-v1
487,487.png,809edc003b3859df15e6685b56fd3cc65e3db1a898ed87320a6748717c9d761f,f38222cfa0eec906d87482076292d9553060b04d32922197579edad3d4918356,4727960963713429112,12.0.0,fov-crop-224-v1
489,489.png,197a293a4d95918555b0dd0f0e38359998d8567088a28f28678376feb4093ed9,1109bec2c8c74d07110f259275b4f2635e6346d3a3f19dbe1e58fb204eac8536,4655912706942597738,12.0.0,fov-crop-224-v1
492,492.png,e7404c414ad156dbacff8892547833fd0f590223fcda0fad00ed25bab8900a56,794a0dc97651ab7a2182f97aed41f5a1da811b80c47c91a33353d524ae0b59d2,416963556271745590,12.0.0,fov-crop-224-v1
496,496.png,dc0c96bbfa6477e826bd9bcf55869f520b481a6f65f925f9bb4048f6eb524d0c,2f1c0c934f38fd83bfbfd1454a70f1c2859687b3e15495f84b068221cfb132fa,1574089594412609432,12.0.0,fov-crop-224-v1
497,497.png,4b20cff904795878e91988f6718f23498a8e8ad44787a20bf14b14cd99a36656,ef6651896aed5121d1bb1cab4bca635ae557346053ffaf1c422ab860a16bfea5,1194895748788874089,12.0.0,fov-crop-224-v1
498,498.png,a38bf0a6727a68241995ac06abf41fb212f3411bcc72890cb0aec63d6b2bf21a,e7ecf2f46c8cbd4e4d35c2e2a8998674c01fde572f95122d12e360e9d233634d,1471629824374631198,12.0.0,fov-crop-224-v1
500,500.png,de57f7cef0167cf11210b4608549aab253c3adf87e5d9eca49916148bd1bb5bc,ea6eaba805ec6513ae5a214937e028056c96d8d71b221477f343c7bf4387ff39,1551844342803037794,12.0.0,fov-crop-224-v1
508,508.png,d597b7f00faf4f80aecd6f91ff180aa0ec9e48d6051fa9b9e8c862294a6aac16,d3e7492972ac263db7a6a6fc2ee6f708dad7a4ed2789a2b612fc3bd470998ecd,4668296777327736870,12.0.0,fov-crop-224-v1
519,519.png,0848e22a41e74c7938ea82957ecdce469f5a781140b084c8795299a7244e19c3,216ed2144c81a6df66e6b7f14e71360ebc66388577f24e7ceb98c7d61b81638d,1556374364984273738,12.0.0,fov-crop-224-v1
522,522.png,2214522c7f1996559f5f9ed2b6b666b56a118f79b67d66517ca3df1351f64e43,74087ccb8955bf2128f7f8e78b5bd615378821f8848600788f09f08a4dd409eb,4740350440403581980,12.0.0,fov-crop-224-v1
523,523.png,0205d8453231cf8fd5b8487bdc48a94a61176ca5b1fe4cec4fd7e50ea7a65c38,43194eed5a1dead4d8cd7536edfded0673d1b9698d58ad375489239da4829665,5803186553439862376,12.0.0,fov-crop-224-v1
529,529.png,8078d641d0c0577e5e52c9ffc6351946f47fcd0f69fe17c6f0415644a1f5fbe0,fb84c8ca732718e917a7323799ff843e9f4b18cc3211f6fde73d5d6ecffa4e3c,4651390974492098416,12.0.0,fov-crop-224-v1
530,530.png,12222c54aa826fce48fca443d4b5f7b75d7368d5d1e79541e2b88325a5fa383c,5a2cd0deaa0313dd96a36772d46afbabb84b74e2b28bf74e93ea2dcb7a4ee727,421467155890469490,12.0.0,fov-crop-224-v1
531,531.png,d8eed24adf39aa21a7e803ab5cad252a72daa4abaf79eba048255d1149941162,dc5d189f5cc4ed52f036b0fe2494a3e3f481cefaa435335bfbeed06f44d387b3,4669409474236267384,12.0.0,fov-crop-224-v1
533,533.png,f5439cb5e145a4e5dcd7914f8f34d2b7b1f2fdd4471e28557d98261eddbc4834,f921f10d26a9372297809f4938013b83c6f74494d0186eeb1a9564d4e2bf27d9,4727961440467380848,12.0.0,fov-crop-224-v1
536,536.png,81e2a705511a074d991c2c791e452b084983f5ec517c9d7a3f2e3e26fcfe2781,cc32f893073c02eb325cbd96f548d86d8b639d4857576f615536c5be1e2fdb97,1552997306354658136,12.0.0,fov-crop-224-v1
537,537.png,6f644403506859af9233eaeb009a975a5ec5a37f3f25dd1dd799a62d3af0066a,0bfc65c558339a120ea1ed184b4bc22040ac6532c9ee3e65e6c9d25010535be0,4668297189841729550,12.0.0,fov-crop-224-v1
539,539.png,6d7610a9dc7d7a7674aaaffb3a722ac159a6e88f5c6e3b1b549bcb8efa17a066,4471a3e8969c15d30d7c89bb2b2aec16bd468bf2937837c2acd66a5c5e156427,1558045545437882442,12.0.0,fov-crop-224-v1
540,540.png,5c384e5f274f4956a2ec8a898f7e8a1a4948bddd7b22b2219d1543e61a4b065e,9f78e817512efe67d0b6ff803147996f0f55ab8ef95eb8e656cea1c83bdb6f1a,1552988320231672394,12.0.0,fov-crop-224-v1
542,542.png,dee6501b5f5c3939b0c5fd84aaf1c243b525d676de0becde52d1d85550f31908,ebbee2adfc3215a094b3a6f282ed02e77e6f3e1bfe1e087738a322d5e8653a30,1241664927307164506,12.0.0,fov-crop-224-v1
550,550.png,5518511411553355452d038c1cd8c4050ce391a3eec21285ff8d1e9017bcb5f2,c9595b4d0dd38d971a994964a7fa06864f374412005e4099e9ff97da4b059cdb,4651390643791871858,12.0.0,fov-crop-224-v1
551,551.png,03829162bf647e77be624a3621a52c8fca76f5dc348e61b453db65506a3c53aa,3aa22179e85b1705584430ad71907513311b0f90eb21758bc4a809ff178769a6,404552303370206824,12.0.0,fov-crop-224-v1
556,556.png,55e537c2cec15fe39d377fe0ac5abafa63f4e7b6d62b694640b49d1754d8eb55,cf1aee8963ca5aa466bab9189d43b9899e251aff2f9cbf96da9c7be3736d47a7,1570993265450495322,12.0.0,fov-crop-224-v1
560,560.png,f54078e0ae28790a4457d3e7303797f5440af9ff5e0721339ad2ed0c42a81b44,f891bb469cc9fccd12e7b60f7ac62f00df424d05bf3d8bf89deb147a53c28b02,4669141065023892062,12.0.0,fov-crop-224-v1
561,561.png,92b2edea0114ada21f18a51b2a8325b17ef40260a647d4a8ef28887aedc80d54,b5a3acd6c35bed51030ae52d9739dc2e4102e1d07fbc044b11d3b990ea1d8077,382060762230717048,12.0.0,fov-crop-224-v1
562,562.png,ab0853e3f1b19cce77d118389c6eb62bd05fbfa4efc79af5e58c341ce0504e51,d4272b31ec6f869b3906566cabef894eeb17aed5106bfcf6e983172e45ba7969,409064621785234778,12.0.0,fov-crop-224-v1
563,563.png,8c387e78d2926712293e083e16a237a6f5ffc877cb7d78d0e92df08a113c46b5,c3a526ea1ff8ed5c89f8926d9c8b99053339bd59cd61c64b5041b695ec3ffa9b,4642383315690727774,12.0.0,fov-crop-224-v1
567,567.png,27beec02a198314c9a90239b1211c1d48790d6e76bf17366ae2787377a71a1c3,6b9370156a159a06ee3e2f042d310c6216d97276e3626118ca05c19b6b6a6fd4,1534964572830854006,12.0.0,fov-crop-224-v1
569,569.png,064e19c3eebe8b7fef61669a64e6e621b78314addcacdc97557d236ffd241e80,b9ceea6420a54540d792a4b9467983c9e3248d8e9a564ea43f659e58a3a1b1df,1568759126540565610,12.0.0,fov-crop-224-v1
571,571.png,69bccf14ec222e1bba834c39b145d2175bbbfc82d3271109bdca8a837d61b53e,797b6d84ea2d225680bc3d02a66aada2341509af3bb8ea48122c5d277137f207,4641275135824789440,12.0.0,fov-crop-224-v1
572,572.png,9ec288ab1e4134f2a905cd3efd1a4515a0b65e5c1320f371308b68998d572069,df085ad99879fb836a3d35becfccf346477c7610dbf9e6c79eccf6a2b724b963,4714431039436570218,12.0.0,fov-crop-224-v1
573,573.png,bd3a8de2155be09d18493ca734ace8d639018aba5b2ba96b703764e2657f3dbc,da6e05111e32adb7a6769bbb3c37d0ef53ffef5a5648d7d360e080a9ef0fb148,1543985583904287306,12.0.0,fov-crop-224-v1
578,578.png,89ed30c7477192c1418dfea027750e9cc8ce0a89aa72e211bd6b5978d4fa2d68,d52e11b8edff18532045f0c383123def1fdb51df13bd472e628c546eeb8cb9b4,400057555674480490,12.0.0,fov-crop-224-v1
579,579.png,285da05d136e5309d98b8cbfa8e191ada7ef47ffe858303d1767b13b434a8250,57cffff3fda716795fefa67c37e69c31b30629010a91e8696c845402eada03eb,4624368942951051098,12.0.0,fov-crop-224-v1
581,581.png,18bdfebcf5108ca549de303b9b975f4ff17edeb7260bf1c122dc34dd610e71b3,ce872af9730c395179cec4c6479698cba40edb13f9da0ee1f23ef247d994e79f,4669141065023891582,12.0.0,fov-crop-224-v1
582,582.png,dec4aebdad6848e28edf41c86227429ec9bf56944dcb0b03150896173d1cf365,3182b4e681acbe4a247d0e5bc7d6146fb7239caec66e98f04a5b1f212bd62212,409073434989985624,12.0.0,fov-crop-224-v1
583,583.png,5e2bf126ef2c870f4619f81d023c3c127ad7e80c48be4cc29b5c707a10b2f511,c75d1051551fbc7fe32752910ef19283deda28789097a4a66f9ac4c967580ad5,418089550598188106,12.0.0,fov-crop-224-v1
584,584.png,88bd0a21b3a691e8c8486130b2483472cce24547e1ca774b8309105fba05ef38,5d42e6cbf7b0b70b8e6f454a6a338b5a49e828b785bd68604c60fa9aa36a0fc1,4669405042303970138,12.0.0,fov-crop-224-v1
585,585.png,47f973e9ca23ba0800857b9047f775eba084df973a39baf5fc902241775b8fe9,e4fbbd1e22469aa26b08e97594dab377a28971981e1ecae0747384d480d7affd,4669422668841233018,12.0.0,fov-crop-224-v1
591,591.png,651d946c12289dc1958ee4db7c1f6634e233a2c02e02233dbd6360efd80b5a63,28ba007881a746a5a8bbbb60775114c78f10850007bc2c56616a633a8973a998,1552978940022037082,12.0.0,fov-crop-224-v1
593,593.png,44531cd4b05ef3b3e47657be201a0605964d5fc6997d5023f2f41aa7833b35a5,a8a745416fa24dc9e3b6974b766bf6b9b648b8f91cd7ef2a2c90cdcef1b47b58,4992524089914834802,12.0.0,fov-crop-224-v1
594,594.png,ecb286ad716f02f79ff92d849c2bb5a8a33db11e487b48b92d358703d4eb9824,5fc5f4174c1bcf9b66e7000cb742fd327cddc1210f8ac491c0d0dab072797608,1280506897332583532,12.0.0,fov-crop-224-v1
595,595.png,f0b7ee6592d2a71c06f6b02dee213f94953ce907dfe42b2848a6dc2226841dd4,b724ad95a414178bc3abae7decefe3bddfc14edbcb6c7d7d91b61952f8046acf,1561704995280403018,12.0.0,fov-crop-224-v1
596,596.png,ec4fea3bf561f08ec19d1d34aac85badeb7594032df9557f825802f962909785,df882ada378aae6098c62aa2b7f8cc8a28be0c366a5b4cc9d8f563b3f2cb6da0,4641266383407037238,12.0.0,fov-crop-224-v1
598,598.png,3d3934a9f030e4dfce7dbf17f156db2c3811bb4c6bc2f24ecf9ac1e4e56fbe8d,0b2cc71e374c9709ea142cb031c470d7e036cbe180338e620976e5f27c29321a,4642119596107643750,12.0.0,fov-crop-224-v1
599,599.png,fbdff022c90b8edc95746c582f26fa8656fb29d729f82a309d924d93cb2ea034,ac2b7e7de10d6a2b1ccc3761b547e2aa5565ca17bcb462a5d4fec1e17465958f,4669123472837848847,12.0.0,fov-crop-224-v1
603,603.png,d40bf1de0da5b8a5bd5fa128a8dbfdee5f1d6ccf31b01dd6f589f14213bee4ff,50dd6626d579012c41a843aa373125430a5a83041904c3c1fe4e7305c48caddc,4628890658742610530,12.0.0,fov-crop-224-v1
604,604.png,ff78b9762c38a677fa662199887d7ac7c97a96466e2c76dfe0315251e57e47f8,abf06537ab9c08255a991a435f86c87e73221469c0caa0432692768a767f33e8,418089404635314778,12.0.0,fov-crop-224-v1
605,605.png,d2d26aa9e494fb584cfc6832aaf2a6c2b30053866cd567f89badf56c37d52d5d,538adb5fb4d800d1ba36fa1d77013ebc1fa318dfcab3be384cd56c66022c040d,1551861840434847338,12.0.0,fov-crop-224-v1
607,607.png,ddbef8d1be052b2d7c3bcf637d761b1416a87cdc783f200b7301f1099cdbfa03,8c90d84321238b21dd2984e7aca524248c60402b632ee63043b694f17fb34418,413512524732967778,12.0.0,fov-crop-224-v1
608,608.png,e31e2d02962d9378611c80da3c8c70b2381c8307f967b2776693f3c87f3a672a,01cf92b14d8f0442cfec3a3edd13fca137031056c9065aba5242f58da1601dcb,427092153948322680,12.0.0,fov-crop-224-v1
613,613.png,2f908f374943eade8e66b0ea27a3a3b0894b2c59561902a634c378279c21a582,7b69522adb8a6cf35fece746625854c049c3bbbd502c5b51213539b81bff0f35,1568750855025019466,12.0.0,fov-crop-224-v1
614,614.png,882b66d483967a59683efc0df8039c76c5d608a6b23fa3623e0cd85622758c86,5bca5f9a9d6a9bb53b07f2e56009dbf009a67b6ee7de0370a77ccc40e3afe392,418080694375438970,12.0.0,fov-crop-224-v1
615,615.png,afbc33b3735142946e4359fe610c5926d7b1497613691b182e392773755b94f3,e289ff272e96a70a09674edf285f7900baf865598d6b2b8a5d2ee4ddbe894136,400066364580200056,12.0.0,fov-crop-224-v1
616,616.png,adf599ca69526e91ead58313a1dc48b1bde6425b824dc233849ca396facff58a,26cce6ca1fa792e94ab55ddf722529d9287a0b5918c92314a6072fa7c360fed7,4667170740178530078,12.0.0,fov-crop-224-v1
617,617.png,14775d4696655a6f8c3cc532e8610b1b0d7d06724465da1256261c439f237d77,a10496d8262dbbaac5e4daadd264cfd951554fa863cfe7d59bf8c0a71a4a0468,1271446991040556635,12.0.0,fov-crop-224-v1
618,618.png,4963925d6a9fcdb408ca1aff84cf5b72eada3ebf483e8631a474471ff5b66ba4,b073770d6a6102915f32dff6dff1327bd96a4037e60bf488140e35bc34ce9c79,39722251912883050,12.0.0,fov-crop-224-v1
622,622.png,ab8a3ec7790410bedbba50e68ed74aba8cadf18646137ec198bb26906032cf37,d23d3dbdf253a32710b31c4624956ee955f797ccd5b7c16ecfa56e312ad46472,1570703201055420280,12.0.0,fov-crop-224-v1
625,625.png,e70615b3da199a56b7be33c32190aeb44c6fd5d97f0634cca35844c8be77c7bd,7bf46cb13d788a213c953465d3431e8c4447ce4e8bd0522e162a5278b2e126ac,418089426110135386,12.0.0,fov-crop-224-v1
626,626.png,c93f7b76b87aafe9a67bc1ec1942a2d5bac8a860ba405bd2a6051477c0bd4f17,09e4754f5858c1b0784755b97e8cf7147c2dc668394b93dc62ca67164188bdff,1552996527912409706,12.0.0,fov-crop-224-v1
633,633.png,b0ffe35342646a20ac657c8e8874468399a7b771801a4a68e69784d68235aee6,5597faf64277bff7303e1efacf389fc150d63ae6ac15ec2cfdd3b3b4e7a1db03,418933890763337070,12.0.0,fov-crop-224-v1
634,634.png,72de95d875f28434f2a9186104a62bc73c8589f0cbaa8031ce26f4af03aa5443,5c3c122fca21da8c52ee9ca572aec9574810a088f8337eb78ac6212cf6b167ad,1523718731940903800,12.0.0,fov-crop-224-v1
635,635.png,dcfa924c024d57581230fe1a631d605b6fc189d054ff68a4a5de77917b555129,a2e8edeb1df43bb5829a03cd4789addf79e510a2148185c9349fdf2871787fc1,6063255631457042264,12.0.0,fov-crop-224-v1
636,636.png,3c09552a37776bfdf80eea657787b0445039c7d7e10ebcf0428714d5d7f7c5ca,f710ef1cc6841770e74e830313d3c380a92c911d5ea7cddbc95978b2417b68f0,4723438443780255340,12.0.0,fov-crop-224-v1
637,637.png,e2a8eb93d8a8012b4d6df993e56ab4c4a72b4af82ad5feff57823fbfc2f462c7,0b05f1e238f31ab5c795e5127f3ecb7ad0a282fa850622ee32269b5b9be5cbe5,391058958891760498,12.0.0,fov-crop-224-v1
639,639.png,f5357813cfbdcdd96426969f009f2ebae501af67b8fbe19cabeccd09e25dd807,63d263128b0f0b273cfeaf6dc3f5bedf6fd419d6150ac630ea6d6793ed5f7803,5009438856528214904,12.0.0,fov-crop-224-v1
640,640.png,72e0e882941682f20ed23a6d4075a0818d08ae373f1ac209d0f047a1c0172e57,1ed066cfb39b0d067cac190b7bd4ad3ececf8833bc2a8e70a89acbfb9a13a4af,4633376245351071346,12.0.0,fov-crop-224-v1
641,641.png,4da6eb7b9914170438da9cb57fa38c7f4bf24418209b0fb6144bf21ff23af528,ba2bf0c120a2a73937c7a19be635df0114b8be7045f664de2751b6ddf7ebd845,382060693445176186,12.0.0,fov-crop-224-v1
645,645.png,9a025a74b6c1b4837f91f7c1e15f8a314b41854070ab06822008ac1e0b33956f,da87eb0e44190abdaf3de2d8eef4918bec464f4adf297b0d8c2af54fc2c3f740,400075027533495386,12.0.0,fov-crop-224-v1
646,646.png,7037890d949fd3cee9308b5fd8d382f3b01c67fa653f11f414725e5e2b732493,f41058e98dfaac1c9cd282a1fb12b5394ce9927c9bdc20e6b1928cc591af6f70,4672517794157439100,12.0.0,fov-crop-224-v1
651,651.png,62c31081185632fbc186e0bee17699a46f34aaea269e6401af50d6345be05fb7,6e32842e02a5992eeb52273c72c6917816f8db19ef3666459771ffffb071592d,4633376245284220792,12.0.0,fov-crop-224-v1
653,653.png,8453537640241703a7ed96ee0b35d22d6257832f6992ea0e980f73731fea9eb5,eb6410ce0f5adb056081bb80b654196464149796566da108649a2677e818a404,5000409684158594682,12.0.0,fov-crop-224-v1
654,654.png,05f61b2b92dcaa7ccba4921af2d35a19be5e3e58253c1aebce8bbe2dcfa08dd3,58918ccf05dc6c4a4bad0befb91397d4aba08eb0dcaadf5f814dd38f67e68ef9,1570729425611938408,12.0.0,fov-crop-224-v1
656,656.png,33bc1ec75d2c5a54a5d27fe8262df874a70c1198e21be9c2120b044b42227cd4,d2e6bf441e8eea6018ae9bb1fae07550494bc9e1d5a85d7e3c7b4edc7ac8292b,4651390862824980344,12.0.0,fov-crop-224-v1
658,658.png,97713c213705df81e94dff7217786ee2d9ca8f98aa3def9a8460d7c848b6e288,817a3b0919bf72cb57f1a19d8e2a10f1dc94ba16d149522c4c5eb357ccd72370,4669404947814562382,12.0.0,fov-crop-224-v1
659,659.png,47f8f94f3fa3c8bad51bd8472a3b750f823aad90b85d3294d4a7f286d075a5e6,efec43e0de88f2c7871da942de284a2c16884e7d41c557c4ea88f55e1813bee6,1571011063793593466,12.0.0,fov-crop-224-v1
662,662.png,9b33725f6ba0176b7ce890c8ee75e5669b64a2c0eb64e5f5956c60aac2b23beb,bd49394129253408d8118deabfe7494a0fd02ea55baa343a9924f74b162322cd,417803479732874969,12.0.0,fov-crop-224-v1
663,663.png,b903c123bba159e2b8f19be579d278bd0a4b6ddfd36c312dde81510d49a01515,08faf4224f9c6729ed76c4e841847cd9706f34b56f467e161b024cf4471b1db9,4629422365576675272,12.0.0,fov-crop-224-v1
664,664.png,693b38229462969208622792dbb0a7291741f03a11fdf4a4f927412aca5f564f,b64f0fa38eead37febd4b27ace13fd3122a0e49752fdc8eee85bfeb2873f5321,6110261231019900786,12.0.0,fov-crop-224-v1
666,666.png,a09ea503e6e1e231aeea3260fe669e9be48c597718aa8e6aeff15b221df9c679,0c0b76b4f570e59832ae0def21a1190400031c92b36d2058ddd12a162abedc2f,1534982198059351410,12.0.0,fov-crop-224-v1
667,667.png,650011783faa37b32a582594c9e384e0ef1528a2a1925dbf9c506d313359eda2,d948fa7b01ea2c4cf3a8bf536cb21a14185d7b33fc1d04cfe494975335711fad,4633376288234814064,12.0.0,fov-crop-224-v1
668,668.png,c76e768c552e5a6c951263f0b85bf77ffe858525c0ce72afbce8e648b138b74d,348483e444d4038679e34db893f35c8869c960866190f5993ca3a01d726ed184,57437643388496223,12.0.0,fov-crop-224-v1
673,673.png,2bd4b69600c570d8082d13957741a41da36acb3c7cc48ba2dc7e8d33302dae5a,1da2577ed20098cb95d6455ce647ea59bc3c9b1df74ac96abe5d49daf6e13579,4669123472838506763,12.0.0,fov-crop-224-v1
674,674.png,109d39a8bb6dacd5c7b349869dfdbbe5da8c9a588498c68ab3a9b46b12069d6a,9d4ead4947d4cf2434281dd777385774089e055bc5c5439d6b0fec9817801113,418089490534521434,12.0.0,fov-crop-224-v1
675,675.png,ace3ca4e64970bb49da47373a0ef1896757b33c19e03652a8bd783b0d750da17,d3f295f0ec3827cee0ebaf9ec87506d0c5d91239560254a549d02e4e5a27c410,4667153285431037816,12.0.0,fov-crop-224-v1
676,676.png,683757d8b17d1d343b32ca9f3a55feee7069dd0b7eaea1ec52b4974baec5f376,9944d66794cc7f6d9f0071df272ec4de370bd577610ffdd0e8d1f1be2e5ca644,391067961427781746,12.0.0,fov-crop-224-v1
677,677.png,0a405bc11b99c73c2540d9ee44a6e8f6ee2acb614769cc193fd1953aa677cc8d,62f352c289ab5978e591deba4bed9f104facc151af2c2cee85f0aaf0d7232f57,4642383341526465870,12.0.0,fov-crop-224-v1
678,678.png,568cda8f780e40098b87b24ca085817dabc3844f52a07ec2ffb7e2a415e40c2f,399fc2cbd393212327f3cbea2901afcb6da5d8977687d06fd7f5741cdc338620,5001328978490981736,12.0.0,fov-crop-224-v1
680,680.png,6ce6b8a6535031cc465f4caa89122a4ab1f7c1bac6c79326da00e8bed4284199,ff43df95c86475110d16ad064cb22b52d8c19643aea4f9941ee0d2176c2c1627,4669404913454947676,12.0.0,fov-crop-224-v1
681,681.png,9cb269ecd93cae38ff971ddc51894bb7fe5c6fd32c95fe351b57cb578295c515,d33c87e0e53eeb56ea0d74506ae73077180428a923f99f13c5ef304d152569c5,1570993334169770618,12.0.0,fov-crop-224-v1
682,682.png,82f498254b4de3b3dd66c164d74149365f4ba87cc4fe54b5d6fe9d91b3f18d3d,794e911a22f047e6f3822c06baa4b27d7669873bc56d08b73ce43cad0f5cafc8,424836024831983192,12.0.0,fov-crop-224-v1
683,683.png,9b41e29b9b706e94d844a4718f11267e2bd273c4cc8774c95b8b3730fb30edd8,bf179ae5b1180cbe8dfb72f595f5f726aba445b003aceb268052e9434cdcaed4,4624087571120533342,12.0.0,fov-crop-224-v1
687,687.png,0726d749e211526b137a9029a5e64f55cfd98fbf24ea4c3d2bf9ca879e8ff3d5,4b4492ac479718dc895b3284d58a7e8dadad42342693bd5939bf21135e1677f1,4624386612445325903,12.0.0,fov-crop-224-v1
690,690.png,f45953b0ee067d912ac11f22928ae36841a44e29a16a98e7eed0235213931fdb,204fd38707f5cc7a437a769e0e84774dd6c1f0ba0cc120ea11a6a84a094801b1,4669422540000733770,12.0.0,fov-crop-224-v1
692,692.png,a4eccf5e97423e27c506b87a2fbf2319bbec37e4fb086fed089fff2d77794f87,12f8760ca5de0d1f678793d22c7c59b667a051b1a380186c635a16c84c699abe,4651408493677526882,12.0.0,fov-crop-224-v1
695,695.png,6e3fa5d59fd2aa43e62a2e91b354fde9f5158eef6e3cc49176b24e49dac21324,0de0502275ab37f1b8ebcfcb9431b3007c125532cd06f7545d56b7e902b26f61,377539372854049386,12.0.0,fov-crop-224-v1
698,698.png,528ebeb5a4d0323011fa9a6f1ded07bb8399a387c5c652dc8dbf0d83654592f8,9b2c12b5fe89cd86fc3ee4dac58982c37065e0640845e8259cb610802768a0d8,1571010857703459434,12.0.0,fov-crop-224-v1
699,699.png,7e4580d1caef08048aba7eaadcd9381da995216f9973f42654b65a5a303aaf61,a83c147cede62adf1d0bededf15b82ceaa3b6e5f4bbeee9e9dfad562dd171e95,5849338403168087669,12.0.0,fov-crop-224-v1
701,701.png,248bc03ee462d9162f78d405db64fce8264fa69500347ccf79de021b41038a06,ed4d6a01d988a072e3fdab92b81416851927020547d6c887a77afb06102f615b,377557007988850280,12.0.0,fov-crop-224-v1
704,704.png,b51da2ecd6c98d5c60f2e86c617b408055875136978bfff6f75a0b58e0887d85,69ac6737f865f8a51695b0bf3fed9b2634f9d89f8c0662ad6f0d2e3852dd9043,4642383350050336526,12.0.0,fov-crop-224-v1
705,705.png,6f17b8faa00f466ff9dc30b57ba5d2b6be8c7d976d94ca91599307d3e0cf3a67,1d57129b52174141249a86670d0b07fc5df357102bce5e770c2daebc4cc6a9f6,1530461298370837090,12.0.0,fov-crop-224-v1
706,706.png,884f775929a30315e6265c502cbcaaaaefd5973eeb5d97b7e737a52efd0b9cb9,99ba10705362f3e7161d7f32515c69535f3f44955acdff301e356345611f1bf4,4641275145408753230,12.0.0,fov-crop-224-v1
707,707.png,91c024e93d4703d58288b8a6520ea1c291db69e1c70f5de84e3f96e5e04cb749,0aa8d960947a6bd23db8f20fec417d259dc0e9870b34baf2517501c1e7600d47,4676177973800471402,12.0.0,fov-crop-224-v1
708,708.png,00f8c549ab4897a17b1031c02c4b23ab8275e41489b0d85bc7837bf8a70d3bc3,06ace2a5467acc7b3fa1a6ae8a657fe0e993ff3563e385f0bd352c14c66619a3,1574388523060583012,12.0.0,fov-crop-224-v1
710,710.png,6c6f91f94b0a89968c4646e2bcc8dc8ce7a0d55657fdadee13381bf7fc171cf5,479bf5bf4286d9b0d2649f6d26ae77654bf3c4770b062cf91f321124dbc68023,1557500038339902842,12.0.0,fov-crop-224-v1
712,712.png,3f31d4cb01a1bbb9e234522bf1cee0c1d9b999faea65aaac45f64711bb6795be,61cf5c3ecef697cf311ddcda0c40029b0b548d655762c31bc9af191d17fc7405,4667988913820155480,12.0.0,fov-crop-224-v1
713,713.png,75cda7f1d41e28f61292406d860068d75f5c8075d2af2c933c0fbf92324fcf30,2c48b4df643b2bc8e3b39a385bce6b22baec31f7a4d9d1bd5cb2c0010a6da8fd,409077824165669721,12.0.0,fov-crop-224-v1
715,715.png,44c37d92df54e73fad3be58e0a679d6dde683023cbc6609d1b3dfbde4b7505a6,55f65af4fa600bbc9e900b67cee1834c070ba19a1c3a3d33715f2d07a6f5f9c1,373058069391355225,12.0.0,fov-crop-224-v1
718,718.png,6ce44d7fecfdc324a0b07dc2bc93c4a3d56c44ad44caec38f7a59cf7173cd518,5f3d17ce29e81f9bc9b8c43cb5fd2eef262ef972516a7f94ac099c5d068ddbe1,416945869585807992,12.0.0,fov-crop-224-v1
722,722.png,1bf41ab85290dc8c74e824af5ece64f21dbf62e1c12dd3d58fdae04b84408eff,69757ab2c512ffe01e77d8fdd4531625e9683abbb4c53ff423bbcecb5973b004,5845117996016154663,12.0.0,fov-crop-224-v1
724,724.png,0f5dc4df1bc51ded74e208fc0f57874258b8ae169963968507efa5a888aef539,9fdf4f29295ec02efa0f3c2535aebe9b7edca005a929d2c7ac5a4f985361424c,1557504718792894810,12.0.0,fov-crop-224-v1
726,726.png,d6bf2c73694bb04b962ee4d98d17bc3f4ab17b6855174cf536e77faeec190a30,b2a5615c1e1eeb86d7a9ae90dbd4aad5896650c112541321f8a9dd4d1bb6bfec,4741540657454922840,12.0.0,fov-crop-224-v1
728,728.png,c0a4ed35bb3120c508b600b9a4a3624b7dc11a81e99a66024c6515ef63429d20,b428617251c001c8d26aea64d567caf8fb5de02d7e9e125fcc14a84276d48347,4624377806235778674,12.0.0,fov-crop-224-v1
730,730.png,e4a69af660a150eb458bf94f82633f536197159a8a1925254d2d39d77b09b3eb,64dfb6e127c2a2ce50bde88deb70a77537f6e40dfe8b081edbf2ac9179f80442,4667997572998118494,12.0.0,fov-crop-224-v1
732,732.png,513b0c387395bf546b3fd83811ffc8a3b0ea8cffdfe081d4772ee7078d261913,ad29652328d6a4a80cb7cec737fc4e48db4ee1cb6a7176ff1f062aa73ed64ffe,391063425669819980,12.0.0,fov-crop-224-v1
733,733.png,97f2c486104000d4d7431893c802c6f909834841fdfd1450e5a1b764de9c83aa,a2cfaaa8fbcb181c5f4f91994b21973d9e69965f996295120c5b477215bd9545,4917093512276622178,12.0.0,fov-crop-224-v1
741,741.png,5460dee578fc180aa54070437219db042a392ec72dd951d45e9b7f726123a6a2,98e2a6a1627fc39b040ae5b1a770bdf22a04eda39bacf873b7b298d9371ee965,4989168535028772440,12.0.0,fov-crop-224-v1
742,742.png,9d22631c657e337d7a1434dbee847dfdeaf284bba0dbf041c95175ccc64d2154,43ea3bc92c809b04ea9fb1638b7fa8b091adadcfecf25d94c662e03e96061a02,390786452153465458,12.0.0,fov-crop-224-v1
743,743.png,ec22a81e62f39a010f14689f37270eb3883bb75af4de22c6463a3494e2e7b8a1,1ebd67324fdf267c1753b26e51e4ac28957cd34be8fbdb0c8718afdd828dc336,4624369054687178570,12.0.0,fov-crop-224-v1
744,744.png,17985e24ab7f45246484da0717fd56bf6394161eb1d16b36ac6501d1b3697ef7,316b50fc1d7e4bf1404f14a9c7323d798b2c6eea009d477a7083b7d88cda3c98,4655910993804541792,12.0.0,fov-crop-224-v1
757,757.png,4cc99af3a579042f05a64e502459acfa577a8a0531258de636f63ddae1f6d2e6,ab06544b7d250a5b2e24679c6f5cc7722ea5885a6861b5d8dd68d4ec35ef69dc,1552978918799453801,12.0.0,fov-crop-224-v1
758,758.png,94cda3018948b6cfb82e5de65fb67cb4399bdad360c04a32430c7c4b3f75c784,725ce52a4d34e860c2da9bb093b1a374bc6c8aa3524d5cf0af6e7f9fae17d98b,4738101527894498104,12.0.0,fov-crop-224-v1
759,759.png,470710111415042f3fa5150682e1a14e509dadb85a06888ad1846d67b7ba24ce,2afcce469d2af331a7cea33feeaf56276e4f34d2fe01407cc0573b33e1776df1,390786331890318040,12.0.0,fov-crop-224-v1
766,766.png,b0039541379853674d087b235f9eec190fd0a2c9f8e805338c16ae4f5082a0a4,b4cd235110e1986101495161d581a1fc9191c227fa926a41211287e07d607012,4646605440341248863,12.0.0,fov-crop-224-v1
779,779.png,d28147f9614442331c7e7d335c925acce214be04739ee7a88213a6c28df60815,08ccbf9aedd800bd3a85f5f0418240a84b18bb3f3f8500cb1e4a91b4ad714721,377557128253037154,12.0.0,fov-crop-224-v1
786,786.png,e56795d8f562a9451c93e8d49cc142acbd0f178d57d512abc04a5cb6964837a0,42c0acce9a3d85e65b9708890d60a7afde0ab14daa1d18076e984309fe39da41,4624369149109350151,12.0.0,fov-crop-224-v1
787,787.png,be5f20e6535b0a7960b049d0a62fe6661fe6849fd0cea9e89d47353b3053964e,7ea31471366157382bdc13d2bd139a6528d6c656481e571b9c76336ad76c8f1c,418089353095576154,12.0.0,fov-crop-224-v1
788,788.png,9a4dd5be90e6946381099d1664fec264d0af23e2e3db4523064a4cb9c23fc076,310abe5557dd9dffe4587463cb88fb1b45e81ca0503d330ca0878814a4fd556c,411330426950007386,12.0.0,fov-crop-224-v1
789,789.png,2447a1b07350c4e0b83d7a1d035b0752123b2c1f5d091de6b0d340b15d596653,a5ab54244b0f341134bbc3c74c671ffc568ddbea7f79048fe8f6beb2b3b6832c,4648004945318919234,12.0.0,fov-crop-224-v1
790,790.png,8fb319cff1d25b1192725aea35e144474c775c75ad9aeef57b53a7860bad6341,eebc0ddc98cf059aa99a5416d1fdc6bae91b0af61807769363336269895f488e,1535255414341724589,12.0.0,fov-crop-224-v1
792,792.png,6d1b082223f8690b1abc8c277a0e17d5c0f5f7964b2002b95883b341a4c165bb,76b2a3de4b85b1fe469d8ca980a69820594779ef9feba793dbf72d1ae7937dd8,4640131541647109722,12.0.0,fov-crop-224-v1
793,793.png,7879a01b40b66bd19052532bf422bccdc91460cdd9aced07a873054e2a714ecb,f674f939cce76dbb4decd8e99dce35adbe8c3d51bb3b56cc7b8d3a980a96cecb,402327085112261738,12.0.0,fov-crop-224-v1
795,795.png,ce23647683e2c02ffa6dac944f9cb45c5105b074894981585a2dfce30c26c613,0b5582ba2319b75ebd72f934bfa7f424a1afd0b948121bd2d6c49c7fb0dd688b,4646878119308827738,12.0.0,fov-crop-224-v1
798,798.png,f257eb04aa4d7c7cddc02fb19e56dcab652a37c32f48eaf90c4338d678075d98,4e8c75708cca8339cee62e15ef8db67ff0f2ec2eac42b43bfe0aa6d3eb368e73,4678412112709696074,12.0.0,fov-crop-224-v1
800,800.png,5f1e7adff09a659a3e9e1d303e623b0f123c9a5ad8388bc9ac3cdc8646731445,a6787c7773a49e66c765df62149ad6991a6d774b072ed7f39f616939440fe814,4984660657625513810,12.0.0,fov-crop-224-v1
801,801.png,834a67fa9433496d7c46d517ee017b7836dadc3f52d93b08856bac3b6b58d9fe,da44f03f1d6349f232c5679ced95c57cdd4b7613731e16ce4a92ff3465ab670f,4993681789944277602,12.0.0,fov-crop-224-v1
802,802.png,9efdfc1868ae6302d83f54d96b97756c8d366d2793f047e73c77884d3028639b,6dfbafbea60f4e2c4b5dfc869b23c2d2afb06f29f3874946763b434eb722f4d4,4664619873210470159,12.0.0,fov-crop-224-v1
803,803.png,fa4d601f2d9f4236d73e92c77ef6c852fdc71429749cd3bd970ca28e82f8ebb1,59c85e0d8e508b73eefc35c9ef458ee0026fb41ce17bcee47b8b81189ec26403,1543707991116762720,12.0.0,fov-crop-224-v1
804,804.png,21dfd29b6c036904a7f51f6cec5946bd90e376323619e1cf14395b5a78800d83,bf8567fae86f100e1d110b171631f5dc01f4e935eb7851beb7ea431d4e65b398,5844271694672969574,12.0.0,fov-crop-224-v1
812,812.png,2065974b82eae69f948b7ba7b84f88989ea9244aa007ca45f91a0bb08e8c1fc8,d263ba6d01f69a9dc765dcb0b6c7c910b933a45404c305aaa32b372847d5b3d5,4655885518797225550,12.0.0,fov-crop-224-v1
816,816.png,40804990533c58e37b4d690258ef84c9969371f7f4a60f76c7248ce12db8c61e,cee4c5f82e97d280dd1d15860e0ae9046e62be8403dce97d4658fb185d14093a,373053687534541402,12.0.0,fov-crop-224-v1
817,817.png,9bfb5a6d41f6b016c4fe207f6ee049f6f1a5ee7ed7a0119ebfa3d4f799768482,d6a77e88bbec49337d4da625f6c99568ad07e1d3ffb1e894397d372b9706b663,400075014984981082,12.0.0,fov-crop-224-v1
821,821.png,24d68237c386511ddd68e768320a4d02b37ef5156e6898fe43e160b6f602165f,f9ed8496934b594f66f2ed7cf1e95bd90ef56741a7223dbb9740dcf33172bbc3,5009439961140324938,12.0.0,fov-crop-224-v1
824,824.png,626c63c9c5050c738d7185124a0b7a6aad4823c7d310ad9ce323189fba18b760,420fbc4a17d81303fc0618af01b01dbf69f06afa320947cf0ad37622b1bbd530,1530457295105965896,12.0.0,fov-crop-224-v1
825,825.png,f266609fda605263cdf610575a81b9dd8b8ffaf068a1109a10aa8450d9dae2a3,71bac4927c03b4e8b2f7804811b63d020368a17e1982318981ffe0bcca7ca280,4626629606854770520,12.0.0,fov-crop-224-v1
826,826.png,ad4bc1ef1a5cd9d9a2a37c850e306c7e05a785a23eebe26ecf413f777db7dab5,10fd13146bf29bc4a0a4fd026b09217efbf778f201c9c3ca9ed6945bde11c8fa,389660483530161636,12.0.0,fov-crop-224-v1
827,827.png,744aecd36735dd0eb8b1db74347f55f848e88e55057bb8542d047608cac9aeca,c5a939c2888b11e74c9ff94127a086d18efd715d0827579a55399224f0b3d3de,409078073018440282,12.0.0,fov-crop-224-v1
828,828.png,9bbc67d3c7ae82e8bbf206a57c74e1bcf6724c9f58ece2d95f20268c5b24d353,7ddd5c7f58999e7a67c8668528686e331eef9cb8c9eff09f2c330f3184c3c567,4678403316684294926,12.0.0,fov-crop-224-v1
829,829.png,8f5b901497cb2e0f94049a63cb6576e8e28e9ed80ac63101c948ae57bdf28fae,0985ef3f0dd05f1b941d8d958336af2715c9f85a8a25821cf1bb58847ed11c0c,138844254354157150,12.0.0,fov-crop-224-v1
831,831.png,4297266ae7934e925479f42db0308b2dc04d2595bd2f6236d897be590006ab86,017d8a4443df4c72149b6fe8f7b8bc78a8aae8358330b9121f00c874e23bfa76,397823438240766554,12.0.0,fov-crop-224-v1
833,833.png,0814a3f79689470db8cae81f1fc6dfe5fcec7961e05d1ad2ff30f88ba8419c3e,012fd1d98524a95849b3d043092019680c70a6bd4e32d12d34129983952a2b00,394458717579783778,12.0.0,fov-crop-224-v1
834,834.png,f039866b8c33ded226cd7698c04a92c185faa61e1189dc3e8e1fc1dff274cc3c,f21eed6ed33066aa85a9a63ad4277b13d8dc39ec6ddb6e3afaf05503e9412de3,4750188257540733512,12.0.0,fov-crop-224-v1
835,835.png,a32e5280bf6e8aaee22428fc2b6409b824eba070d185c4e299fbe798260c410d,086af8c44a39ce6a0567ae0439571488042f6e1b2bdfc27e212932de15b5574f,409082501665930586,12.0.0,fov-crop-224-v1
840,840.png,f9f8b2f3cfba1d350d585bfc1605f739dca1b3e65f7fa3ed270dda185f953a20,b5ef8789845c8e911bd7aadbadb8f502625352e94e34da6a1024312a45bf72cd,4678130637731794814,12.0.0,fov-crop-224-v1
841,841.png,a93ad5c2ff835aef642bcde708e1b049774c1b7a7b1f51b2bfdcd97a5f8474d1,f2b2b568f89b8b853a313f2b512af6a2695ee63d962bed840a5449e8d2cb3d32,1552996790912167274,12.0.0,fov-crop-224-v1
842,842.png,496ccc30065fea60db9cf1dfbfdcce101436306b1e6f7c4a31a067e8a4a45f6f,cfe0eb0b95aecc05b77956f4f84f494250166c4566b395a3c70e549c16545cb2,4623252543056395122,12.0.0,fov-crop-224-v1
843,843.png,70444ff2b380e2cb4c0b18a95cb764dbb53124732c841d4654dbba96f941c941,009399a137cb28dc80518925e2a0186b61a0d53d948574191f8c78adc8ec572f,1542837590683970418,12.0.0,fov-crop-224-v1
844,844.png,02776b7b42b47f2a35d3d8c17e5218547115d17cdb40cdb69fa16ca9d28c8601,7f7442e08ff4665f997170514b59fafdeaf65d8b1cc5c646d3c38fbacc09532e,4944124941756414584,12.0.0,fov-crop-224-v1
846,846.png,2f1f6d560c1ef791ffec278abd12eabf13539b045a4b8a5ca9b5888c06140eb3,980a62fdfc3ea46182193d1d86bea0d1aa5e452adc973c85818037ba867cbe18,4998159051833491044,12.0.0,fov-crop-224-v1
850,850.png,b95f38d2eab304823cc1bd156706aed061edc41dd99958196c55b9f02f0ec5a0,2d7412126814dd68408eb3c556bafa8f2256b1c2f92cf41b7fe713f98cf951fd,4675034447348764510,12.0.0,fov-crop-224-v1
852,852.png,e5e29fcc8f7b44aaf276b59db28f9be87ac604aed27b5564f800245cfa3f659f,97539127314b67be9f14ea6ed6b37ec7f60d4d9ad0183d73be3341685dbef5dc,1564255788973702474,12.0.0,fov-crop-224-v1
854,854.png,158792fae5bf3e11cab2225715314ab67e1864e04251371adacdf1405cd92a8e,55c9dcf6ac757dc4d3b6c0fa24b1205349b2870399b608f9c5b344a06fda2baa,4642401071081208178,12.0.0,fov-crop-224-v1
855,855.png,435506897c1b6914334f123766e043e3441234657e7fbb26b64a2250f85f3939,887112ba5ce752e2b21caa3dc57e7883484dd7516de748703a98ec4349650bbf,1530460971954486624,12.0.0,fov-crop-224-v1
858,858.png,406bc860add1ad868cc7ae9371bea9eacac02817ce5cc3ac3333d6c725b8ad20,487d5f25bcf4e9859f04d5eddce95cfae6f72cbcaad06669eebdb8912ad04cbc,5013939445576645194,12.0.0,fov-crop-224-v1
859,859.png,e354f3463d8d9c194599a47ab748134ee984575e6e5b66650ee4858cfdd93904,c614b0a0bb66842649751ab6c0b40ccbeca19964201ad47fa67be952f6c385c1,4641547832341650293,12.0.0,fov-crop-224-v1
862,862.png,0c4af0a3759fa6ad6369b79476283555c8f02fe8ded099772a70f7b71ba30245,21bdff1a2ed57730d159474e0866393a05a921a331f2c702643e733bd521aaa8,4641260920023039610,12.0.0,fov-crop-224-v1
863,863.png,43d4393af5f1f9a17e303bfc54a6e917ae1bca64988e22008f76a75f58ba1cb8,96d24186deb135d2a902d3951d9843f6a1bf2c8d8b0a15a105f71a235d59f0e3,5016190260779432547,12.0.0,fov-crop-224-v1
866,866.png,c73850fcc1da6568a3e2e74f922e1011687e4d016cbffaa79b700a8be7384eb0,698da24357f98eefd2766c922d002a5dc22b572f3c7f003177804a4dc2483806,4642386708261781232,12.0.0,fov-crop-224-v1
868,868.png,f5bf3b131995ad88eb3cf22c1dd2b187dfd7945b39ae58722211d152880617c8,20be2656ba5103d51792767ab40fa69bad68e1d8c53f77d0687b269e92b885d8,4642383307167898191,12.0.0,fov-crop-224-v1
872,872.png,71a782c33e5e7b36f9b4929c81b7acb3754c6b244433bafe9995aa946d4618ae,77d902959235e647492ef6726796474d26c04ce0a43b228c77877006bfb11196,1525975200732044898,12.0.0,fov-crop-224-v1
874,874.png,c72388969793da6c0fb4c2188d0877fd9ab96efdf140b66c1a5a0b2f3ac6016b,c19b3d92ff4a47ce3f3d79d803680e962c8b1a3eb65b5e80126711ae28a1ec8e,1555191359813614168,12.0.0,fov-crop-224-v1
876,876.png,394f798cb08541020cc9134b83f5bbcdfaab5ad8c0cdc53aab5c4019d642d3e5,8ed874db11a250a3efec5e026b38727b9fa264cbddb110f8c606cb271b97cb93,415833336345946713,12.0.0,fov-crop-224-v1
880,880.png,d83b331a09efadd14b5b5e0d5ba66c005624c4f2f255b4bc04e2f10161492851,504fe752c1b82af52db628c7b4f988b6aafdb4cbe7cbf9aa8712737139782c2c,1550727144494734958,12.0.0,fov-crop-224-v1
881,881.png,d9ba2a6794551115b127a3a99f96c23ca89a359d4a900421723478dd0c9e7929,c23a2a28a9c454732bcaed9c791ec1af0dc693411e780ddf9889dccbdb76e2ef,4665763331002998543,12.0.0,fov-crop-224-v1
883,883.png,eb6a02468f471ec181a06416fa26695a4849a05809c161930010a47c0496e87a,ffe54cada61aedff56a5ce32bd5f8f13174ab81aacde592112b7891a768f7646,391067970012474706,12.0.0,fov-crop-224-v1
885,885.png,b60a2a668472c86b5f8ff880d42da2f0169618d6f4729b4d917a2257e13f498a,29ba409100ccae6be22ab057a43ea84457042fc02c4d483f98f5a282e2304648,1564256050886625866,12.0.0,fov-crop-224-v1
889,889.png,ca90b17f3fb599c8c9965b871a1a6511c85641da02bd32671ac4c109a0af18cc,02a7ea472843636f7d32fbfc134dc8e9d3c45ed558d1c1f8f54eed750786ef44,4642383350049290831,12.0.0,fov-crop-224-v1
893,893.png,a16146b37f163667ac209fce45f9ff2d448db4d34bbcfdafc73ed86e6caa9b7a,a8ca1b432282dd46496856256cf68a252996ae78f185bc7b127bb9b5cc0cfb75,4677004772186262878,12.0.0,fov-crop-224-v1
895,895.png,47c2e2abffd0fe98c1979fedf4006830cfdf70bf195f6852a37b7cc655a32014,9f75ab48faf57e03c22f267592c8bff6555321eabd28c7b60cd831222ca74633,418089391684746328,12.0.0,fov-crop-224-v1
898,898.png,66f72eb194a8448cfb8c3ca79bbc6981292c6b335e104ff03e844e5c4139c3f1,23f83276f46d187ee8bdcc33745f980b42f83a36e3597b805374c57829328cec,1571010986484451962,12.0.0,fov-crop-224-v1
899,899.png,ba3ce88f3e7ac90d5c8ed26967a74464d2cbb36f7dbdf4b96ab57eeacc674e73,836291e737e6732f22e8e2a9523952116b6fe574179f3a0397d18cb1af8c8362,102552615252929311,12.0.0,fov-crop-224-v1
900,900.png,450238f029aa32b0699f22ad38008ab0274936142da2358b0dd445e53b797d6a,3be798351f3a23cfff6ab6f2ee33fc87d718ae1bce6b542eb31035dd22c50508,1561986396974292554,12.0.0,fov-crop-224-v1
903,903.png,c8d5f506d1d590fcb7ab41df8856e480e019ec8aa804e049ddb7c3ba72fc7406,94b3acdda50441cc4e7afcd9f6c6a254188492e7595a573526dcd973e88144e7,4989146698621206098,12.0.0,fov-crop-224-v1
905,905.png,55f9809609a238360cea41a82c322a179f2332ca577f8d9fb02913bdfdd1521f,971e22d207ddaa17d90200ba61e5105470e892db78f7dff01ab2c9b07f91751c,389942027228306028,12.0.0,fov-crop-224-v1
911,911.png,5b4264f71a333b16730988e0d31b5642baa2f0fc526d4364842097809a8e5bef,5a3c7de134bdb166211c794710c1f38ca3b54816d9ffc3170158ccdce5d275a2,377535790514716278,12.0.0,fov-crop-224-v1
912,912.png,80ae43af9c42c24c7744ef3d4cdc89eff79920acf8f082f422ff831c001a314e,182c1b4bc1cee8f3022b5c928f103ca4f08a9b67cb855a9b720435902391ada8,4930376905191156338,12.0.0,fov-crop-224-v1
916,916.png,4fe277f2c4e89ea7249bfe24448ebad2bd51c27a5019060a1b775f0ea909d8c8,0ee0550ab83a5b73acf171855e5034bd357ea1244397524a3a24670c6bb751c0,4651390746932428384,12.0.0,fov-crop-224-v1
917,917.png,9040ef1efeafe7312c98e111e414379de7723e6d54e005102238caa521278e07,97e48e66a5773a6fc49ab5aa17370fc45bdea5a18d6b65a8cd4971bd3a6d7e45,1570993385775590010,12.0.0,fov-crop-224-v1
921,921.png,add3775f219daca9a481459f642004d4cab82c1219e4bae5b5d67d9e00c08da3,f59fe9ed43897ef4f72397004285a396c686b00c9937dc74dcc613b49988d801,377557507194910807,12.0.0,fov-crop-224-v1
922,922.png,c729a5a66e028ab705c87bfaf96e99499e59adaab587f5ee51fcec1006b26ff7,9a162a2757616db1e723121659dc520cc492337452d94117f95a2b0b25aec664,4628890563795106528,12.0.0,fov-crop-224-v1
924,924.png,4aaa936de4a4f4d51966d8d1d40976eb7daf531d99af80cddca7d570083d64f3,327a9d909d7091325f2a4d3489885e1df5c4597866939f1db687c362f59ddf53,4669405007935052660,12.0.0,fov-crop-224-v1
925,925.png,dbb95f5eca11cbf8406b14166afe5aaa0ac842df9d41e996865a78f5deed9d37,ff7e19d060821a1c83324cbea00aa7ff914f1df295dd979957e1ea256a11f70c,418080556935839094,12.0.0,fov-crop-224-v1
926,926.png,69417eee6ea5f0e39e72e74269e8d81300e6874e76fe95c4b485375d8e94e40e,e26894c6345c357c9f6ef039de901346a68b2a3f8fcd7e6e5b2d509bead30b11,4677004772184702239,12.0.0,fov-crop-224-v1
934,934.png,4bb467d7613ad41b9820efe1cbcb882791750fa256a3d81e0e08216bc8184538,47ccbb8c82ea818d60637bcbf20029208f824f99972e358d482a62313010516e,4645778736446450262,12.0.0,fov-crop-224-v1
936,936.png,604a219a074bc134b2a40aa220e48a1d1741a04fe641d43035cf8efef2a4e2dd,7c098f55bccc0e4bee09dc65205e039e36058ea226606c43f6770e2575722ffc,4677303804988755802,12.0.0,fov-crop-224-v1
937,937.png,5c6f09f9c58bc9061a11a3be4889f5ea5b6e1af8071b22763526de7fd5248518,fa73bfd514ddbd60c01d102072794ac306ebd0b44872bbe7c8de941797068d65,1496430164164946797,12.0.0,fov-crop-224-v1
939,939.png,1937030a586c39a6ebb83e23fc9b807780862d4e47cb4e8b584a6ff471b15340,98ed8192b362468b073a2bb0646a91253aa5c555193339a0760c670ab447fdc0,5029705045729090138,12.0.0,fov-crop-224-v1
940,940.png,708b1b81415fb989cdfb435018174b00654c68f3ea1804dd99ea7571bf7a6f6f,dcf89ba8b68869b83f63377e7e9851d675d5022bd1d278e630002fcc8affb573,4678429704892594778,12.0.0,fov-crop-224-v1
941,941.png,481d615e4eb59487960508681f29bac82ec16c06b66e1378afc7d4b9f62c3c9f,dfcced6f17784487b68b2c1d1dc221b772218c538c18a7ce13fbb69e25e65db5,391067927129906778,12.0.0,fov-crop-224-v1
942,942.png,5daab8ed779aa878c6d4a5f2aa4e7d28779b50cf725b5f2819e99b55e786dc65,4f42c23c8497d18e87f2b26fcdd12d7a5d0a3ff62fcae051fe69375f42d86fca,1571010900652022376,12.0.0,fov-crop-224-v1
944,944.png,b241cab88cd50ee4c96f52528cec311c757a44bc1b729d9d68047d93f0656bd5,f11851b27f47adeb3b2e88343bba00f2e934150f105bcb41700aba43a9507116,4678412104114511230,12.0.0,fov-crop-224-v1
947,947.png,029440e943838047814c7c9d6e7ced24bd9aa5ee5fa72e22ea8d21ce86e66d4c,0fe999b4d45050ac097f335ab2be6a7e3ce4ac6be42291956eaf88bb0270821c,5867387779686742884,12.0.0,fov-crop-224-v1
948,948.png,8201c5da9ac7061186f8e44a7d52bc0b7491e07275134973970d5930d0a00f9b,9e0e09cae9125a61a38ef3392bef715b498ccf96c35d4549f62438b34d83167a,380653388346698366,12.0.0,fov-crop-224-v1
949,949.png,ebc3ccd916e5804df65bf143e542fcfa2c615ce823275d43ac1a8a790bad95fc,a64266f7930fc39ddf056f85ab24bf082d44de2e7540326564a75fc6dce43582,5011743857568677450,12.0.0,fov-crop-224-v1
950,950.png,64e17618181faa40269ad8ee1b747f32b2127c2992255f114bc68aa4dc923e41,056e75f71005fc1382b39134cd99d56a2c6b74d5321c6e9920590e71a4b5d14b,4678412121298836344,12.0.0,fov-crop-224-v1
956,956.png,c3720c4a3bd44a4bbd8f9a7179b7da01adb31574da3fef8a6b872846842c2298,ef481b9629782a80ba8528704577a8a1c5cdcd1393bc007600ca7ed3d34c7e4e,4678429704895736394,12.0.0,fov-crop-224-v1
958,958.png,a6b4d9cfba710520575a574f22f3fc8b473e6d45de1588146c888a925b09f09a,cff03d1f499beab202f195f27f8b319fbc9376ebad28bb10890d04b92ea0caf4,391045833486907995,12.0.0,fov-crop-224-v1
960,960.png,0294471791203e9627556fcb4121ce552ecf317264752b657658167c89a5fc6e,855bedbef39d4eba9b5da4ba87c237bba3bcbbabf5010e7f30c4a372e6d3fa90,5130278113988066407,12.0.0,fov-crop-224-v1
961,961.png,0110c997d963fbf82ea60ac553bc9b80122e35202299fbbd65eb34139936dd59,1377062d0dce192c3d311d4c7bd8c9e0c87a27f1eb160685320563ebbf1f01e6,1327204640416950710,12.0.0,fov-crop-224-v1
965,965.png,7f5e68ae74bb82f61be7a0914151e0357a1ff345d4a0c031f5fdf7495fedf753,316ccb883fdea67f80b2099c28add75783a5286ffed8a33f34aa03abaf2e9378,1525975166304804171,12.0.0,fov-crop-224-v1
969,969.png,b1939d129625a726549daa75455a99015f5e7facbbe7e6a8914077591f1bde51,820b70bf7a408e835041f57da21603cffe8549cf93f4005a8fbd36822ebbce81,1561986396974038602,12.0.0,fov-crop-224-v1
972,972.png,a2b7281b6d626ca471ba5669a27017caee79290ce2e32cb6b98163762236c45b,ac55a1626f589c733b41e46f2aa27e2ee59ed555a4ae4871bf33a6984ac1cb96,4653642348119998027,12.0.0,fov-crop-224-v1
974,974.png,8179f0bb1bf1e112c6ef5100be10af6d10843f606914068c850b23b83c0ec8b6,ab6591a355bf9ccaf22e310538bcea13da33e780f1e5ae53b573f90c899c626e,4655612674022841871,12.0.0,fov-crop-224-v1
975,975.png,1ff846d75fa26669b60dc6df48269e57be82c12b25cfa123fa94b9bfe32f1f30,e064d068dd9b491c80f823250af1d52ea6697874f1af60b3da68c613130a7cd0,377557025168841306,12.0.0,fov-crop-224-v1
980,980.png,cb1a1d67cd2f735877838311356e6b5d287b6c521277f83e80477cc7c0093340,979ea0855fc7d37632ee6c90f1793a08bc4063e16f81fab53b3b00c7366e105d,4713331734154852958,12.0.0,fov-crop-224-v1
983,983.png,b87638397e80109d322173e9abce372af3095f53047f3723ce43022ce4e6145f,a4b58c96d332ababf6d8c540ea78030e9779216cb470fc83915791b58b825ec4,377548624145710418,12.0.0,fov-crop-224-v1
984,984.png,015c7c38d240ae4ec99a7ffafad1d8726fdb00a70551b6e14fcbccecf22b5fbb,b0e36274e8f7f4c88d8c580c1cd9efa4de7adf333042b8128f80a513a59b8e5d,1543989457440480610,12.0.0,fov-crop-224-v1
985,985.png,761e1b2c31234b47370f7c4610261cf342942845d15923abfb4c60dd463ac985,e09935a3cd0d43392e0a110150d8e8551642e15904c96a72072570791cd2523c,4645761015411129447,12.0.0,fov-crop-224-v1
988,988.png,28d74d5621cfad2ea27bc21fa8adb44b5e96286ae8529fcb0655baf14fd76eb8,1ea78b22e2e3af39c78b9bdbdb079f4913aab5cf3a9a25700778eb83ebb7127d,1525957599956376154,12.0.0,fov-crop-224-v1
997,997.png,ee8613f9e7109acba2e77a1ca7b1e921b7aad9f5d386d527ba014af88838a481,badb3ea5bcf97c6143bd7bceffea246580c9bd99cd84c2dc076181c74a7fd6fe,4628891041001389922,12.0.0,fov-crop-224-v1
1000,1000.png,2ab8694888e0671919a996513eccb4473f81ed8fa741ab8cba8c7937df3fb670,0ad3a4a54881037615094d0c76814f9cf605428a2c683d7120c505b0099c3e33,4676168034785836760,12.0.0,fov-crop-224-v1
1001,1001.png,3b1d3d677b6cf9aa1a11bd65ace3974ae86c2bc33933dea2ef8e316f3710cab6,04f3aa458d9d8b1558f1342556eb223955d92da48d6ce210fbf8b27e70e86c09,1543989440326687314,12.0.0,fov-crop-224-v1
1002,1002.png,a07566d568a76b5ae680d2512de4daac50b8e265b47e701aa2cb8cf11ad43146,f0e412aafce60ba83138628b3b5f21abd85e82179b52145ec99ff029fa3d2920,4641275179767442191,12.0.0,fov-crop-224-v1
1003,1003.png,f05f79f06c77f9cd147e89840d5cf82a7c284233ea51aaf6a497404dcab6b34b,6fb1c424d511ffea7ded94d4ea6f6192c0dfc4eeae2c5a546097dd4744e188b7,4619865549497712480,12.0.0,fov-crop-224-v1
1010,1010.png,b1652a02a630b7056d74e3d0fd5e3a73043430251756af3a6e22af1a35293565,0edebf54f9acc6ee728ac1f8154c350d8cccb792a0b6e4641af7f2264f96ac72,4676160346248996958,12.0.0,fov-crop-224-v1
1011,1011.png,1d515ed0bd00ec0b670046deb1e26711a89102afb09f15f3cdca737bd0a6fa20,2a3292b9bc94d4779518ba1e82d8f0f8c4dc50d773e7ade3ba91444b6c108932,4653352352998898296,12.0.0,fov-crop-224-v1
1012,1012.png,68bf06ca87fe5c059f7e249519d74a6a1895d1ad620bdb459a2f92f4b0997a0c,35bf1f7cb7473cd239b00c6153a201b256f78a6d2499247df71fb189de474640,389938145020623738,12.0.0,fov-crop-224-v1
1013,1013.png,fc76a399f8cd5d3f8d66a2bfad8bd7815423d074283dc83e5be97e40f6edd079,c43950364299e7b1d5511f4d8b0b088e0ab63f55c187e7c3d4ffc2adfa204b9a,1255737615833918418,12.0.0,fov-crop-224-v1
1015,1015.png,7fddf9177695c08b79b7c0179d7f12d6cc5ede0aaee9dd5efd84a1b905d0bcd6,8a14ea429ee0935d791ad383f71e45304062dd58d9331d7d3226e4c3581c0e7b,4655912089012875232,12.0.0,fov-crop-224-v1
1016,1016.png,c9a5ca84becebfbcd73236eec479e918d8050a5e30f29a138b2878007307182a,f47b9cf5817d5c8d2e173dffa165dcb28d830b487da27bdb879a9cf2ffe9c10c,373053687534549578,12.0.0,fov-crop-224-v1
1017,1017.png,5493a5e007e47d4e7f970abe52098f2390f5d42efe15ce21c556d240a80e1b11,78f4475d10306d142c96d9729aa786eaedccc34593c7de91f8f7f3717ae9bc0f,4669422565766860632,12.0.0,fov-crop-224-v1
1022,1022.png,21ada430eae6c3b84e690837ac24dffbec10af7fd0563dc4912e1fcbe0460886,4f673f60d5340bddf125aa067274b17a3a78e2b860d51e292c49d2cfe161efae,4624386947440328560,12.0.0,fov-crop-224-v1
1024,1024.png,015c9a139635bf14866d6139d8166c9ca54eabac241cacc7045dc6820902cc75,c9ac21d34c92c18458e688025ee9a3667aab1c0f797ea29491f3cf6616a3dd82,4641257415783758686,12.0.0,fov-crop-224-v1
1025,1025.png,1fe6f2283a939e3e631804718746027cddd4363a9da8b10bff52c75f8e6b071f,4ef12e87944b5ea924ef418d811b9ab7fd69f7f8e14087e950b0e090856bde04,1570721103011015546,12.0.0,fov-crop-224-v1
1026,1026.png,cd3c588ac9c65b17fc580f54140b208d06ac41371e160d96d1cb46c3ecfb2a71,6236ec2f2aa77a1d5f59f0503ce2b5a5eb6f17fffc06175a6ad138c10c1e272e,4642383410245942860,12.0.0,fov-crop-224-v1
1027,1027.png,532b0fe3c5d490501b3d5774c0ced152b59705066f6293d7c2f9aa55b2c2ee2d,e9d7d5f34b584af1608f68fad6de6d64fbae492ff256981c4d09acbf1fae96c9,4628890271665371990,12.0.0,fov-crop-224-v1
1032,1032.png,af5c13c26b835ad8b27a359a95aaa8470512d7c11c6cb4bb03f0ad12204f3ea3,c25152d482b2c6987525c7b06d141952b7c10828794f53d048807cfe3a469c35,1566507571607645258,12.0.0,fov-crop-224-v1
1035,1035.png,aa70b6988e30472bbb6926bbecd40888293b960033c030aeb902ab85f5a84807,07e109d2c87b0d446777ce7be53488b203f9633ab1b40efaf641e7b393975a22,4655911887144238950,12.0.0,fov-crop-224-v1
1036,1036.png,77226b98183fc76e9deed1ff5b96df3efe6a5bd23946f112f4ee3ce8860eb470,8b55f18fddabdcf7deb7d869d23ed9211d4bc92cf385d54bd90f62b29a310c98,411334219942619738,12.0.0,fov-crop-224-v1
1037,1037.png,35a0cb83d3d2ee272529e17e6fbcc3fc217d8eb110a239035616d41da341f25c,86ec89fa03ee23a4bd091bcbd5dad8a925c5b009013a7430a207f76f45f41942,5805438555111567182,12.0.0,fov-crop-224-v1
1040,1040.png,97c35c207244d13be0cc48bd13c582049c26c2bbe2c2fa89aeaf20bde5250b90,9e62a2b1b869138875abe46a215b44a68cd03a48f13095a63aa64f6d3f6f1d8f,1552996536439433832,12.0.0,fov-crop-224-v1
1041,1041.png,7cf90fd107ef326984c9c51e48cb9a4f80e972ef2dca096746d41f727c7f169b,ef05bad3ee909251e7366bf90cd0bb0a3f89e8e9c0768450b533290b6599bdd1,4615379761077107704,12.0.0,fov-crop-224-v1
1043,1043.png,4d0fe13ed75c927fc420681a997497e597429743ae22578f92fa9ea7014cb3b5,7dd9e037c54c7e5b6139c8762280a20196872ddd71841b8877b71d6bbad7f80c,411316692181138762,12.0.0,fov-crop-224-v1
1045,1045.png,b4e550b2e7ff3c6059822d949d6e7eb64074f89986c286e597c346bf111738c7,f93823630c95b53b08a681e3c54abcbdbd1890a69e0cff5788a36d0d2cf963eb,4624386960331587442,12.0.0,fov-crop-224-v1
1046,1046.png,4c6c7aeed7dad0f49f220cb0931d58e57018e5dc926cccf9de448b87aea32f75,ec6e82d644e9e86bb8a57661de81430a14978952ba83fcace17f1366209d4949,4642383307167895382,12.0.0,fov-crop-224-v1
1049,1049.png,e1aa5aaaa0b4b0a963ccbad60e601eed915931648b098c539de4f45413c8ee03,ff1abae597f9706d81c3fca2014ee9f552ebbf8e457a1f0b86f4f55d473540c1,377531044911406962,12.0.0,fov-crop-224-v1
1052,1052.png,3623e4e007d5e706487625b5f6a9b5af23ffd213d99f48f38231c85e34d79bb6,b33cc599b51c849081a8a5001b716903e93ac9436817b9f97ddf5388648b62dc,4672786108556394108,12.0.0,fov-crop-224-v1
1053,1053.png,89fd9fe9b532f14602b970d1cc9587e77510adaaf10312ed4bb222def5fb1da6,922a9ea0bfd1ef9eadff5369ecd10d26466f3c86a83a72b2347ab8e527f55c19,400075023305563726,12.0.0,fov-crop-224-v1
1061,1061.png,d034473092425d1dd9e358eaad70f71575b83e7434328cd34a0500203eef0847,f6b722f1200a2cae8c4c6afeb1a2ec2e19b4b4bc6952a6d3e97e84b142444bd1,4655894518299758392,12.0.0,fov-crop-224-v1
1062,1062.png,2735b8bd59159f70673b158d485903e2b8b2e3b06e9fd1beafc1cebc9047f3ee,8f72fd6e7881074fe505d093dae912ea7d7890a5ee9036ab687026c3a00e4493,4669396280570548090,12.0.0,fov-crop-224-v1
1063,1063.png,fce158177c45486a67acb255d13d4b1e9ed1f46858e3edd1ab5a7ee7ca037d5c,940bc4f5bbb4f235f01a5c1bad0d7dce573443531e0956bf2265498ec97b0179,4912608458050779992,12.0.0,fov-crop-224-v1
1065,1065.png,509b7cb416412272b1db556a4e372bfd8159cd567b1e090c5e461a9192ee75b4,82a3cb795dd5ca086495b5cfae95b7ec1a75676825de992b37ea1306ab76802d,4669405145380957006,12.0.0,fov-crop-224-v1
1066,1066.png,f2840717f235e643b40cf0b014d20da8df8d6929c90acb487cf5453aabf97c3b,1884e937a8841c41f827ed9d1e061917b1dac44f9b3e1de7eb725dab288b20b6,395571354951383752,12.0.0,fov-crop-224-v1
1070,1070.png,1e0276985af9366bd473cdae4313244afc90918ebf63243833b8dfb90ee95e8f,35f5feb389c772b88cbbacc5c21d3a4f48366a4420bfcea6739b01b6c226c80e,4641275042328492127,12.0.0,fov-crop-224-v1
1071,1071.png,f0f5dcd75277496e21cf05147acbc82c9e302d6cb3a836fd53fd907d8286cfaa,23a9c5d01cbe22a030431f356a09eaa71310adbf2458bafa8e2392358cba5ba4,6065524460821167964,12.0.0,fov-crop-224-v1
1073,1073.png,29f1f4ef449707bb429619223a1cc97a0835c5e78ffd77571bdeb5f109fcb779,1d6d7dbcaee9299488fe04718fbea999d787d547245f8edc638996e64d6f443e,373053670287564378,12.0.0,fov-crop-224-v1
1075,1075.png,171effd5b351fd1b284b003b07db92cb64851ef3bba4d6ba6a1244ebac475ee8,9b898dc3ffd70d4d0ea30c80d9149be8953edad568fa1cad3679908eb1011614,4627483352585219911,12.0.0,fov-crop-224-v1
1077,1077.png,66b6e830672552b6d5a029932796d8322025ff4846a161caf412d1aa4472b5f2,54da81dc3115cb64f8a39b2f2558b727d90abc2b93749d07509006282e9f2000,1530461199582706250,12.0.0,fov-crop-224-v1
1079,1079.png,3b91b579a0c14ac34abefb80e60f1a10858d0d12c79cdb2b0c59f361126d52aa,da44780a89e495650e80a71dbb66f1fb6eb495701a31910cf5f3cdeca1a275b7,4929505418208622942,12.0.0,fov-crop-224-v1
1082,1082.png,7346f13bd0b0232569eb03789a423c8624101a6e1d723a07d05b2717774ce496,d1c25deb8d4fcba778f0617bbfaa7f0f4364e28151497026bb8a6ab392f199cf,4641275007969799951,12.0.0,fov-crop-224-v1
1085,1085.png,1224d45ea055f0bc5bb8d8f5d99ca63a9deb5068f8ba1ce81b19b81f0b49bff5,5fbbe3a4a7fcb3b97aa80f0959a110e8d2461265138a0da5bcb4294f34e19eb1,389937525749607258,12.0.0,fov-crop-224-v1
1086,1086.png,5649749cf4f92c062dda449104cfb48436336be7d51147ec980cdb239b071f06,ac5b03e2b4fd028eec862ff8c600f517ab4d2d4949530475b193ae21e8305f33,5002661483972279928,12.0.0,fov-crop-224-v1
1089,1089.png,a3db0e6032c7bfdc0a31f6ae270d62c471bf46a88cc10b03b810d929949f362b,554c750bcc93956aef93b17cbb9d40d0470c39218d8fc48982eb4c2bd109d192,4628872645673238346,12.0.0,fov-crop-224-v1
1090,1090.png,bf722708b615a229725f303bd4694c00d6ac6069a004ed995c05f24192c4af69,e1c3bc1eca79dc01ccbc60a824f43af33ebd46c65af1ebf09b0197ddc050faa1,4662649599704042603,12.0.0,fov-crop-224-v1
1093,1093.png,a4fc958621f748b61c02626ae82289926cf5d89d93a05233836c8526fb93fe9f,4c877ff5e73decfeeeb368faedba659a80f839a38fe3578671aea50073ebc697,4678130672093367047,12.0.0,fov-crop-224-v1
1096,1096.png,01e8ca4cd69deffbc59a853a94bbeab5631adfd5916afa145ea6b95956d6a00f,3fd4178e90bffc4d7a06384b843a606aa51920742ad0e034e474131e381247dd,4624368942950919967,12.0.0,fov-crop-224-v1
1099,1099.png,6bcdd9d857c71e55e58852bec1148010fb0cb70e0e946653a54841b5a51aa9f1,04592a5d975eee9b0327bd11c16bdd8922ad4ca5198cfd68f490f5fe84a2010d,4628872972074102595,12.0.0,fov-crop-224-v1
1100,1100.png,86a5ddbc263785ebe96ea85b8563945269e66dca359f0d3361194e18a21b515a,75bc756b345ad2979a1b7dc436cf70cf927f4f480c5940da26d870942d2b799b,389942035813071442,12.0.0,fov-crop-224-v1
1101,1101.png,d145c93cc55bbbfbef229aa271307733b6ed5c93cceccd7f0ea0d847dfaba618,44e10f73c69dc6917517ed4fd1c0abdede959762cc40a42b84a9d6f155d6d350,1525962217234770522,12.0.0,fov-crop-224-v1
1102,1102.png,c2fef1e3ec773a0a2f837926865b87d8a23db2d9c3fd1a3b04e0f85ca7296bcc,8f9c8259255c0b7078ed8a2995a0b8c0a15ad8538f4624a3e94e247660a0891b,4984660829965138522,12.0.0,fov-crop-224-v1
1104,1104.png,ad7886c6d2eb6cd5c622be570128dac835f9b147f5c0b19ebedaa30ac2820674,a54a3c2a3369b1a4821db248be9f0f96a2e0076eb4061bf2be58fb7b557d660d,5795305567700397634,12.0.0,fov-crop-224-v1
1105,1105.png,c120d027fb10de307e15b855a21a51d3893616b0721569e6226af2eb1421648e,0d5a67d86e1095495c718d5bfd4f61621c889130ced83a71b0ee669366069262,1568733227420360266,12.0.0,fov-crop-224-v1
1106,1106.png,5fa6a6fa19ce50a77f74ff8b001b1a2b0e234053c40113c4481659093846ce77,dfd21918c949ddb7dd3690478e51159c3fe04f114cb5958ad0122ea185c65586,1543989431669907026,12.0.0,fov-crop-224-v1
1107,1107.png,b97eced10e7d520b29a53d82588a32597b13b939baf6d69529aaee7fe8a6ff95,ef31a11f66e44561e2ac0ce8e8cc01b23e65621123fce2d84128939feca42796,4624386638216171382,12.0.0,fov-crop-224-v1
1109,1109.png,1bbde611b888c1404ce03334c590c47b0ba808e62df2afb7dc5e7fada7ab8abf,959198fd4f53948439bfa81bf8067bf89d10d3255003ed7cc89e3f95b8e15f6e,4668015165117049694,12.0.0,fov-crop-224-v1
1110,1110.png,eecca059b68d5ca08e0f264fd162bf8634a8c54420c1fd17b88f7d5f2cf0adc8,9f9488a734740dbedd146bb912eef485164ca95f60cf700320e2ff1676d8ab28,416963556200053370,12.0.0,fov-crop-224-v1
1112,1112.png,3c053f78dce0bd3c9b6935474715ff8294ef6cc4f6d43cc5d55fee2d26c159ba,b1a05e18c2a88a31ecb5f3bad9dab00f141e7d017b0e009852ee9df3f79d2c0e,1566485336213842762,12.0.0,fov-crop-224-v1
1113,1113.png,4cc809338d1a454dd4245dd22d424f706287bffb0631190cb053a8e81d8d4620,749c1d4d6d61e7fe67f65137edf28591fbda9f0722b6cc5fb601b8fe8ae5b29a,4677286238572518766,12.0.0,fov-crop-224-v1
1117,1117.png,e2128e0a2a76fc9ef4a07289e8da49bcbb45cdd1ab4d9b754d8f76c5f46dd97b,61279d92135eba59ac7adff31a48885e3310723e95f1cb9ccc2088f0ec94cf8d,409082209675602522,12.0.0,fov-crop-224-v1
1119,1119.png,50d85727927b665154b5497e2183f50e2b0204262b3cdd6e4bcdde0b18f38a5f,62fbe7bc1ff73a8b5c24e35ebde092149e88bab78076d3bbb082b20052dd0e5c,403448419666258538,12.0.0,fov-crop-224-v1
1123,1123.png,dc11ec1d2691bf8a6616ff09da9ed06ebb9ceb8d54b09e33f5fc571c9adbec79,6a2cc81392799c9eb46e570f2384ce42263fe454878c47a40ea7ef3833e13a8e,404584481711352682,12.0.0,fov-crop-224-v1
1124,1124.png,11d51912eb3f28e6862a9554490dcc13136908d47f088d55dd3b458b6176cd67,dc83a9abbe83f3aa9c5428991eb8bd6f8f1ebcf6c22a73eb203a173120116470,377557162611727464,12.0.0,fov-crop-224-v1
1126,1126.png,dcfbfa2b41c1ad3c1fa99c200d213e3d81faecf4b6685a8145e84c9030c9d623,2ece8edc01e3cc758cd83856e34127ad1b50f4b78af10d8d9c16f50eca7517e6,388794033740213851,12.0.0,fov-crop-224-v1
1127,1127.png,f4f93d5d398b3eccc5bbedbf20d7b0f8020ed126a12ee72c77b023dce1dd3402,a480ad1dc67254a80ac509900dc5b1d7e309cc91cd5c0eed9e5c898c69cfd952,1542846420685560546,12.0.0,fov-crop-224-v1
1129,1129.png,205fdd82c09c90f2e0f18fb2e561f00676eb80a03cb256333cc2973575d5ba9a,24204c9d0c7e8d31f8adfb812475f916e7d39ad18df0cc79e56bc4c88bd9c746,4700947981667942218,12.0.0,fov-crop-224-v1
1132,1132.png,abeb7532eb67eae7eab7ead4805820b438f70fbd80c1de80d26c4c7b40c1f5a6,fdd1761afcb699186abbfe09b1d34176b22067e13e7b4b5ffb235d23962cfc17,389660930204858962,12.0.0,fov-crop-224-v1
1133,1133.png,32afe68708c69e2a0f0e285332f1e5aaaca5fb9a55591122b50f35b656dae0c1,ffba1cfff32211e30373fb5e37c849d5d8c4d5b432da0d1eb1d65ea1305463ab,409082334229322330,12.0.0,fov-crop-224-v1
1134,1134.png,385c5fca9bb94c51c26152e130ad75611f7ad36f99ef42bb36456242d0bccb6a,5ae2157880a6618ef618d7037a3c485131bfdd98a36ac2a2abecf920b2717316,4641275007968754814,12.0.0,fov-crop-224-v1
1135,1135.png,04271ef167163f3dd66583923ac34f9204ee24f897f5868ca0d97a15a6f7cc6a,c109c12c68fce65f35ef642c2795d64d5b0a0cf7ae3dbe0cef4c7c8d965b2d4d,1530461306956561746,12.0.0,fov-crop-224-v1
1136,1136.png,368a461571b9b921cdc4be96afd828226169d59309e076c37d35926444aa1a12,73ebada5204ad684f52c60b13e215585b4b7410bb47bded3f4373c776c6d0c8f,1550744990088051560,12.0.0,fov-crop-224-v1
1137,1137.png,c4d0d40ca1d74996d361a0faac00f95adf019f47a5c951b5edeae39f5405465c,fa2b29a3de2209565db0881628f042646778675564d1c6f6fcc7b12a15e83cbb,137385143889562490,12.0.0,fov-crop-224-v1
1138,1138.png,8cc5b82f38dec9be01770ffc089643a173e23aeaa063806356c391f0d1c292e4,82344274cb186eca71ffbfcb0758470a151d1d9d35b009f0647dd4519dd0b6c7,2068334535998728826,12.0.0,fov-crop-224-v1
1139,1139.png,b42b1b20463a79d0392324d9e6ed55c1bc0a88b1dcf5cae171718d93e75ccf61,4106a3846ba152ceb9d8a4f847f2874df505dc49ad96bc358152103a639c9a03,406861208741886537,12.0.0,fov-crop-224-v1
1141,1141.png,f6674ea2b08ebf4769fc59d68ca0dde20becb594e16b7e5b3816c6c8a388e939,f4ca8f930c4acf82d3f1d61cd9c78047876fd541394c32366a7d951dc843a4f2,373044766892383856,12.0.0,fov-crop-224-v1
1142,1142.png,d1f2112940e3d58a4999b6bb8da0f80da6311cf3058bcb77c06b25e66f629ba2,077741fce8139129729dc80777b12c2bb57b60cf0ca13a04d4478faa07b1da8c,4642401071085394695,12.0.0,fov-crop-224-v1
1143,1143.png,13d52e633dd3986e7ba97ae0f0fb53be5909469f5968314f17c3b270a73c75e3,a33dc727e2963d6b913ec4bfcb1f0a030b6bae0dfbf9feb4d08dadeb1c226e9e,4628863755075202831,12.0.0,fov-crop-224-v1
1144,1144.png,30463e80f747bbc2ca5a27804f674cd2c55a81b45ca657b004c14bdae9f19bd3,91ef053646bf6266b3f77ac1aaaf8a21ca211b7405f4a1a7a1e9c70f3e37a7b7,300997258155158123,12.0.0,fov-crop-224-v1
1145,1145.png,7e8b101084d7a7c4b9580a3dcf2c3e1fad5e24a4e5fb040dfa3ff032f4b23bed,f9dfe8aba0355f9b72a918af49fe56ac7ef05811dd690839bdab3760a002c79f,377557287161634634,12.0.0,fov-crop-224-v1
1147,1147.png,93495213cac04fdfb99da75836d7e28fd8012e57f8e2f62fbb44624034a484a0,4d63d3dbd2b0de380d0512bb392820f5fe3f023213884ed9dcfcd961c0d18c4a,1550744715214674506,12.0.0,fov-crop-224-v1
1151,1151.png,29ff5cc910cbc5b62da8a04893fd1b10d51f6173ab55c57e9d108cccf3c79e2c,eaec93ad9c9bea173f863efb70652daee39071b4279d0422a025f2339ea0db4c,4641266375085812340,12.0.0,fov-crop-224-v1
1154,1154.png,e4e351b299896ace87e83d43d5ba067846cc569cf0790393b72b427c63e42e51,65593b640d23f0a65217b917904b3833f5a8a3203eb87163ea301e2166dbe15a,4696444352513325432,12.0.0,fov-crop-224-v1
1155,1155.png,349abbfa621a6f12e7c12dc34597948bdec779129850d31b51383556afbcfc3c,7b56ce6f97ac3a33f0d63447a1ff0bc1e131c6730cc02bbc07374e4ce6e66f04,4675878872278900495,12.0.0,fov-crop-224-v1
1156,1156.png,78b1b5c77209664c2f21b90170693a3d63fd47d59453744946d2b17a6baf63da,b315e28a2f9577386ee666ccd18edff41092ac0da7332a6400f89f8696582069,1530478757408758362,12.0.0,fov-crop-224-v1
1158,1158.png,08481844226bf8c3da3466b44b0115d0babfc313abec1fae9fb76ec37465f41d,6d79571f10e68113d8e5ef4b10c57558ce0d9af1fc7fc5b915b42ca2a297d3fd,4669405042303962895,12.0.0,fov-crop-224-v1
1159,1159.png,02054be6509369dd08e6e0a6314ebfde3a9183005d6d5c49929f10a1144b9567,129d209ef01613612171b24878436588e70c2e58dd92224bb8634498d591e0a4,4727669615237400670,12.0.0,fov-crop-224-v1
1160,1160.png,c5097790f60c3f87d65e6649c74458ae42ca8404065d22ebcf60a0d6edc283cd,17ba8ffd0333a51819b61d8ceb0ba72bf539e332c913e375b42cac9546284c5c,406830426967080778,12.0.0,fov-crop-224-v1
1161,1161.png,e43e4d740db0c024e876cabb812e7bef6d5e36a283f1a536992307b5ae3c48d0,922eb42619a102fc7d091211d16035f2814dbacb8bd52710358ee664822a5bb1,4678412207197915982,12.0.0,fov-crop-224-v1
1163,1163.png,867daa64b7957584ea492c1c60c3ff0dc0c565eb09261f3ffb7230adf347766a,4c5c2e3acf34f8b99519174ff3c72565ccb761091f7c51af0ec542bdfe14abbc,4625495633125719926,12.0.0,fov-crop-224-v1
1166,1166.png,1db591cd517ab48595a667acc7ed175b94ca1e5804b14b3cd885e20b3025f69d,e3a41065df2adae29b0d42af67ad0120b867b33e5d7e6fce279cb7472d258f83,5002687975915678312,12.0.0,fov-crop-224-v1
1167,1167.png,aabc9dc2964e1c53291e1a5cf21d81e309b47972946f3c84d1b1a63e17e68b29,ddb5baffec35481a3e0684cca65ada1ccb8404a966df959bae0e00f76f0d26d8,4692221811235957748,12.0.0,fov-crop-224-v1
1168,1168.png,0b604c42c0cd1a1b873713f5a1dc84f5df6ce2b38c588ceeeee9cbbfdf2f2d53,ae97afd1a66f82b02d51049bf9883fcedcbd0172e24097504fe65c739b8ecb6e,380653352995416757,12.0.0,fov-crop-224-v1
1172,1172.png,a2e0eca3ef09a599271bf87ad88573d4c2cef489f2448baff2dc2aa25cf0fc18,922fbea45b3042b39f8ffa50670a8a52f0a51fb8052fe5b60c71eda78f965676,4642102012512583238,12.0.0,fov-crop-224-v1
1175,1175.png,55463b2f5b7015c72c9099d93d8026647487ec58fa90336441f83de219f7fa1b,9e25d16eaefd1c7cf64d75ed227c361530928359be0b87868a1e0fcba4150d51,4730220093992757850,12.0.0,fov-crop-224-v1
1176,1176.png,9e8d648d65a1030c046f36945517c399b4a5041816ea5434df7aec22a5f85820,2b0315a61af1f8b72c3e2d80ce6c7e1a23c5006ca41f4ca7378c6a37f76523e6,391068120336645970,12.0.0,fov-crop-224-v1
1180,1180.png,d434df02ccd73ff4b6c64b135ce54dd8a8d1fcf6ac3ac4378587f6657bf2e7c1,b854f175fb281f435db0da0fd0404ecf89e69639d0ce90f911f0c3b511dd0523,4628591205039480655,12.0.0,fov-crop-224-v1
1181,1181.png,fa09ee922dd85ba55ba02b823d506e6b6189e7cfa47dc6d0f5f40827fac66fd3,532e57cc35fae95b18216309ec5ff4b7af9d227d0e9617b75eedf54576bcc03a,400066742612286042,12.0.0,fov-crop-224-v1
1183,1183.png,29f4abedb47163dc043486c092cbf7728ea1311cc6a7af7e404f327bf4b69800,c0228de0ec362158e65386faad884764fb0189f12b730326b14a610fc3119d4f,5781794700027763554,12.0.0,fov-crop-224-v1
1184,1184.png,d4e381de45ee77d9c0062ce12e69b7d5c6aeb30ea6a0ce923c9c07191f1dc705,9eb1cc92b5814c31a441c4100ecd4957838a3d9c519e4f95fda2041c8fa0c7d5,4667169640663378298,12.0.0,fov-crop-224-v1
1185,1185.png,53b75a14212c2a8651ec2dfc5959ad9a12f02bb537aa16a76ae7f648500d1ffd,608e6f1fff002b4a54d667cb8fd6c6481e130092f7cd4c23cc407ba527193759,1552996467716012650,12.0.0,fov-crop-224-v1
1186,1186.png,e963fbf98aeaa1201fce414824171180605082802d0333698b8568103d98d02d,31a3bb6311de39512a2df37c8291dceb200ce5c34c5e46107d0ab640e84d8802,4678412112775617807,12.0.0,fov-crop-224-v1
1187,1187.png,7af99663813021d1463346e3e5e2704697500f0683dec6dd86d03028e14bf4d1,135c341631726c396604494f246976df50bb2af7af0de1960e967123025f318e,1562003967618210394,12.0.0,fov-crop-224-v1
1188,1188.png,043efe2c413169d93db74f6f57851cf3d89c737c9f49ce426e64d537be90b65b,43aaa5623dc8931eb02415ba60f09afe5a69e899d44f45cfbb0b3a960d331e5a,4640976181122834268,12.0.0,fov-crop-224-v1
1189,1189.png,5480284e79ea6a72a2b8ded4d902b3620c18339fabaeaf674a41f89f01a94535,3bb00d5512a37db472e37cf5f1b1aa8b214e1d6ed570697d845e7c7302e087b4,404574539140000354,12.0.0,fov-crop-224-v1
1190,1190.png,f43bb0f79f372fcb2b1872104101eac19f809070e1e92e8a6991b6927bb71c3a,b645005c2121d6a24ff4ea14421d03ab64ac61dfa056c0a40c6cf4df2c72bfaf,373054078376238706,12.0.0,fov-crop-224-v1
1193,1193.png,a3725844067f7231e024e76f2ef0c2234a28c55a706d000cf0b57e93c55ec921,9bcc94976213af99b52af1dee0bf8cc195e929e6962d7de5c27fb9a2f4ad565b,4642383478962268766,12.0.0,fov-crop-224-v1
1194,1194.png,216f4eed6a0e7c9b4608db3282392c18292c519980bc3e56999a3acc67790495,1984e813f5d60eef780392bad9c1f751ad0eb1a40e90a70c728399a084237c60,1559743656238930522,12.0.0,fov-crop-224-v1
1195,1195.png,d3dc161e3c17e583f7fbe014ce71e73f550c7ee333cffb2607fc6662a1749171,38e2b97c3736dc2f31b49c3d944b636cf14ab908bfdb6a0bfa5a9703f1fec4db,4989164295370587970,12.0.0,fov-crop-224-v1
1197,1197.png,d3327e9de1d9359d46e9e3ec16230c1510c810a7d53947b7f33d1bb2fedc5c98,74b2374328af9cfe3c987b46e62ef72485f19d262dd9800e6b4fba5be9f8a86e,4678148264278634243,12.0.0,fov-crop-224-v1
1198,1198.png,cfbeb88bba7ff92d767d5f8c41d44aa103f2d8400039ebba45c0e867d8e9d421,24e2c72d2a9df88aac5107e0d15f5d968c0f5cc80439f7d8caa4ffe36376c9df,400075126388972138,12.0.0,fov-crop-224-v1
1199,1199.png,5840cc136d6838bcba3185ebf10c70b4cd1583ab5bc6edec16db66dbbdc7270e,42d204f4ee54dd8996f50bbc90dff05c00cccb7aa8b36094fb2d77a811e786e8,4640993696197913462,12.0.0,fov-crop-224-v1
1200,1200.png,b5d59591edfb8188fe222c75148c0e733ecc811c9b18b6238cae441cd64fa05e,03c749b30b581f2b17a6a375ab8cc47ad0a5e5617f34dc041cb78cd1e81bd4de,1562003989092969818,12.0.0,fov-crop-224-v1
1201,1201.png,211237892a7e7424ad42de66f909f91fea318adffe8afa769f881b08d68bff60,ef2fcd36a5e1800a60f9184784ecad17933d70a24b28f08d615d4f9b23ab301d,400075289526368858,12.0.0,fov-crop-224-v1
1202,1202.png,aacdf237ade2fe0184788fb00bed6e8210d8e97a5410b2c843b46a86064e450a,4aec49f75e799827f968fd815a9d20f4ec1147149a146c06f9cf9a50b7314261,1219647770687713088,12.0.0,fov-crop-224-v1
1206,1206.png,9a26aae6f41483e5405fe8a221a0a98ab75beb89a727633e6e8e6e5cd77669f0,dc6c787f6b776d4c9ce97dcc5e08b1c7279d23e541b3a4a4d6079e3ba4c5a599,400072275252116040,12.0.0,fov-crop-224-v1
1207,1207.png,555fb78da479a4b46f8c7c3c16c7627ac75cd4675b01df9282b0df317cbc18a4,6d6157949503b73809f8b1dd5846d77a35f1f80ff33f2af058ae3a0e72996de7,404578992299989594,12.0.0,fov-crop-224-v1
1208,1208.png,ab97b205ec77cb3b4a6242333eda6f64ce6f76a68bbaf3cac1232906da8ba756,7f0b177981dddfdb10d0874694236f21668a393fa64855dc7a50dd5dfc714cbc,4641257441553563407,12.0.0,fov-crop-224-v1
1209,1209.png,8e26262d7a3dd3f72ac786b6f60861d8b14dd9f9917aa342bb3a9664f7facb19,5e94585ff6e36bbbc745a60b2d4b3a3c2a6d82b272ba124f05a7ba39fcc525d4,409082501666069594,12.0.0,fov-crop-224-v1
1214,1214.png,a450553050ce23f75d619270fe262d6ea4aeb8aa33b061164b813e2c25e05f00,1089ae5af4921e0811e1186e35fbb76a0a30536af19dede01add2088840474a0,4666889265209686111,12.0.0,fov-crop-224-v1
1215,1215.png,f0cdb3a3dbf48858701af7430c819801fd70fc87e03d9e2e25b5e601f01177e6,df003846f30744d57c32e76c4331c19957a1a615ab88e391e95606ab66e4d5a2,46477522504788830,12.0.0,fov-crop-224-v1
1216,1216.png,82d85c7a49c0107d0f1227aba5ee5e8ed7792b101a93f5d82cb653a0299d420a,0511d8e411f1d29bea9da7549abcb95d026b3027b0b2d55100ab887414139fcd,1183354953439128335,12.0.0,fov-crop-224-v1
1219,1219.png,8a47de6faf4fb69ae00b8f7898803efe3750e507a611e15cd36a94c1a3fe98dd,9872868507d33745ddf9f15178cc7e002a44afac8555084e1f7e223d600b405a,377539832414551634,12.0.0,fov-crop-224-v1
1220,1220.png,dca222050605ae2d68d6464c8ff645a41682375373a404bfbe642f7538d6d4ca,9ccb2f3b861340cf1feb3c75da08ad19709346fd75ff2eab22357eb484130cad,4642400907875598094,12.0.0,fov-crop-224-v1
1225,1225.png,6a7c8579baefa584dc5058d0b8d2d713784c76fce3d57c2e5c3e5786f88abfc1,c754c9ccc1dfba0dcd3b6ffdf264b81f98896cf6d46c695f544c253b920c1a01,1525957270320725578,12.0.0,fov-crop-224-v1
1226,1226.png,a7a4af65e21b8ed614918cdb31e3f7472ac372d9de81a842b0c7696e726b5052,ad327974eccb02f1282da71b6f7210a41f667949b203383529a5946484d648fe,5804312469976005625,12.0.0,fov-crop-224-v1
1227,1227.png,fc452aa1062aa1600c0549f8950b22c5a7953a17e7681ff294bfb6807d97b572,188b490943269c167d6799db67b9d467a45f0bad122a6993e8a4ffa227c76635,417808050994440753,12.0.0,fov-crop-224-v1
1234,1234.png,eeb266a72d456c0278153b40ed106f6b3baee1c631ca22f0e9a9c0ed1b059ed8,1dc999f3d7e68f403c0a438971280f36193f2e6c642c2545650175fee59eddf1,4629140993687559909,12.0.0,fov-crop-224-v1
1237,1237.png,1738361bc9fb6649eaf5d775cefd4b813f81635918b53c6f6064165e9efc67bb,e1486a0c703d0fa5973743951c826fb7b8776a6811f3502f57106dcf12bfe8e0,4966651378636696434,12.0.0,fov-crop-224-v1
1238,1238.png,4f30e3bfe57c01a402b860e96a91a9fe7e783a20167f27924ba573662488560f,e8705bae9578ffa1073fa39d6cea09f2a226175997d70ea368d690796ebbfe05,4640993567351783183,12.0.0,fov-crop-224-v1
1239,1239.png,09cc052a7bed1a11dc93e6b23db37722bae07700b9c8863c21fb814fa791b654,3ce0c508b48ab92814885ae66300877caefba21a2bca9586ef79ee2ec238f6a2,1561986396974295882,12.0.0,fov-crop-224-v1
1240,1240.png,7d4971e9765164d8a580e94d1f16d513c7a4459ac911a79b8218734b40b87239,88599eea8185465338733f9ba246540d0a4557f06172ba31cf79cc9695994fda,404578618622638442,12.0.0,fov-crop-224-v1
1241,1241.png,0f644481fb5756a8985295cf64c4864759b16bb6ecc4f7f9461fe2c8e54c1c42,031087cfe61ff5a6e86d929e2e3194d383fed1ae8f5cab6baf95b569710d4482,4624386964629371496,12.0.0,fov-crop-224-v1
1244,1244.png,cac1fb246ae64559791d97e669f53f0508419eeddbe870043aab2f6bdfd475b0,5d6782db10106293796af6c1a1d47e23a1edeaf9914485db83df9c6a80060514,377557012283997514,12.0.0,fov-crop-224-v1
1245,1245.png,e5678f56a77c6b60e8e24e657a6f2b424cfcc5ff5bae6b163d2a1006f58e9702,4c6619168c116ac35b7bbadc4f913dafcc52c2743fa8243d91554d3b9debeac6,4640993567352846415,12.0.0,fov-crop-224-v1
1247,1247.png,7b13844ff51647bd089e67577efc24d33ea76f09d4f4dc0deee38ba95c6a54d4,11641f2a3d7f3eac18eb082d6bb90476dc3defd7600b752c4216f4abed23cd11,377557759608060746,12.0.0,fov-crop-224-v1
1250,1250.png,db9660169573fb7516d0d1eace3485c3a912e964819596efe060657818eb2168,54271937bad826651cbcbc109b5750c6f0e82152f431d631146be81538835dd3,4624368942950923630,12.0.0,fov-crop-224-v1
1251,1251.png,8684e028b8bfda76b61b86c47123145fdaedb41a6cd7cd1021839b0d159289b7,9333db089b037e13c104771f8546e98652431add984321a16bb5d0c7a53b843a,400075328181206362,12.0.0,fov-crop-224-v1
1254,1254.png,594b5b9c25221e1c90b8cde0527975aef08a8507541b98fb35206fb3cc78f3ec,fcaad3decbaa70676681255cb95f6293e62ed2471d70b38cdf1d57352567e6f7,1552996536502728794,12.0.0,fov-crop-224-v1
1255,1255.png,e275177e414cbba8756590c0fca8253ee5ad31bd837e3f554d46b3d60a3ffeb0,b4fb5851beb9969d526d91f5eb69806b81471883009ceb96f87a173c0f88f6f1,4651390583730878559,12.0.0,fov-crop-224-v1
1257,1257.png,1da8a746bb7f5e216666833272bda62e95e4f1fe1a28b667ca514b5887c6398d,e282537035a91b20f1dc1f84c603d235b16d320da01220af24487d0b363a8dee,4669404947814558584,12.0.0,fov-crop-224-v1
1258,1258.png,57cd4531f1d428cd64b3943e8ef60c2cc81ff11aad51bc46d874a624b2b34eb9,41865cd504b23e455f9f254f234b7f3d593dd49d07c3d63f42d256bf480d6c34,400075031888034394,12.0.0,fov-crop-224-v1
1261,1261.png,2660f8d30491c8d0195d5cd89381d0f314958cca9551c8374ea0fa864a364d39,c603e11d61091b9679e3a801506597231314fa00f43878022b434042e1ce789b,1552996778018614650,12.0.0,fov-crop-224-v1
1262,1262.png,0f7c9306f5112c1f622e65db5321372cfea4ffcf9a59f4d3029e2b1693495927,96d16b343ce0c3e73a9981792bcefab31657d0a5ec45630e0c000b33fa1c3f3f,1552707081476332146,12.0.0,fov-crop-224-v1
1264,1264.png,244aaccce495a89c89855718a72b80437d4f1b6f5be1ed9a94e4bc9164fc58df,4409ff426820820c16a296f45e0d46e60a1a3e75bd469d401cf26f985f6d38b4,4669405497637996622,12.0.0,fov-crop-224-v1
1265,1265.png,14a7b1352390c7ac846528b76372a38455cfa175ecf9b216b158fda6a0c4c3d4,cbe9f16c5baf4621fb999924fe0b8aff746bb1726bd7f8ce1f83a0c74a605e15,1530479341453466952,12.0.0,fov-crop-224-v1
1267,1267.png,6f4be9f1af8610deccb60d4e6589271acc77e0f9dcac75ae52fe8d42ebb15714,7d8523da8b0a458a8b6c961912b509e5245012d7a4c5697c343545cfdecae85e,1557500355173493850,12.0.0,fov-crop-224-v1
1271,1271.png,dbae7aaf6de2110b8a4b0c20d3aeb7a1ca6a5b4bc4f71e72a07e03d9edd72b37,a5e017961c6d6450fbc620b9c3b84c4bc2a4bba9e4522bf86664ede4b02b1614,411325952580807502,12.0.0,fov-crop-224-v1
1272,1272.png,210ba4c3fcb4292c16e970def3abf65f0100fd41d3daf372bb6362cd96fdbede,d146752d22a5be2b6e9f31703b4856ece02a0fcf81c6f50920ca3e2bac96f962,4948619559804878682,12.0.0,fov-crop-224-v1
1273,1273.png,9b833242ae56a451c2e4f5fa4a078ff3578b9eddb374cb7adae114aa08d55051,2904e947e347cf9d2784dc4ff69f1b8ca43b0e8ced3dcb8f3a1a3497b79e5f09,1530458344141758314,12.0.0,fov-crop-224-v1
1275,1275.png,ef57811aeb2116bbc3f259e9494aed961fdd14e2c1af17e889629155e1f00539,c57f54c06e67a92db82a82f826938352d658ed12d3bee397c2c6c7762fddf63a,4669404982164864795,12.0.0,fov-crop-224-v1
1276,1276.png,d49a63b0f7186098582b9a1491ed7645fce020821eb8296cbd39aebbfb42a58c,12f8ff93d9d3d9fd34d3c9c36ba861d292f6f7ab8f3f6750e98740e7fa1d9c6f,6179293302989487964,12.0.0,fov-crop-224-v1
1277,1277.png,6c911474380a2667c3a0be04bb3ae920a1828175188bd4b37be92df80dfd88c3,d22e7f75d3357fbc3770402e36d7c6894f0d54f5a4038869648216c27eaa47f3,4651390918669254520,12.0.0,fov-crop-224-v1
1280,1280.png,a4f5169f84fdb0133ee2dd99576552a33960784ec18996cd2edc2bc1e1f14ae4,db0af4128de0099682bf990222173c36d38acae017af111fb1602856ba24cfda,4966647186813238104,12.0.0,fov-crop-224-v1
1281,1281.png,ca4231b34b094cb165853e7353a0952fc9ded90bf5982d99ceebdb7776745bf6,c151aed92926d2f32cc983f8fd99bf7ae201781264c75ca8e6e5c42638ac5224,5016242650796408393,12.0.0,fov-crop-224-v1
1283,1283.png,104fc18cedc44b129e4dc96c6d08a21d0b62e57a95ec8b6b7ba8f34912c55e3e,5ee7ac08fa742a4354ccd7ddf899e7ce8a39ec602580d69044ace23564e0b286,1534982163765688946,12.0.0,fov-crop-224-v1
1284,1284.png,dacbdb9544892a4044d7bd667b8b6f47afed01ca77081645b5ec554036d972a5,4292d0ebfab92cfca12f170497f26f75687739b6c3b1a59c196db3aac7aa1ea5,4642383307100797786,12.0.0,fov-crop-224-v1
1290,1290.png,c484733fb5636e57411310d3b0f01f524b3b8d9f0ad4ff59a82d5806ba828fda,9375683c973d35c1ff4f4f4cf1b44cab198ae43bfc8bdc01f57636f8c1b55069,388816513862294106,12.0.0,fov-crop-224-v1
1292,1292.png,393f8a5cb912edf44df8c5cb2ad53eb561ef9e64859aa664e708c7f21d608a63,40e10e9489c3c4364bff91f81d17b6a3b80f3579482cceff8497cebc3cd2e28a,1525974998868589138,12.0.0,fov-crop-224-v1
1295,1295.png,69ff249298c370466a75bed5f1aa8df06425334c35d3f504433e5f607547104a,e348ce097ba857cfe76782aaf18c8568d83b6a0624c7a3269e003e218fd0661b,4669141168103110771,12.0.0,fov-crop-224-v1
1296,1296.png,7f2a6ec54c4c95fc347cf80258517196e866af3224b6596c8bc2c49a4da0c085,f3d67c763e08a0548044f2517eb7136d6e95bca6138789d3a3ffe7a065a1252b,389647839867845624,12.0.0,fov-crop-224-v1
1297,1297.png,8ae450c2cc9742d79582ad7e260b13d4a7ea5dbbe9439292c5c0eebfeff5a34d,8f9f435b716301ab21c5cb9f94362e1bd05a8f640c8cb0df66a3ad46eb7db495,377557819737537098,12.0.0,fov-crop-224-v1
1299,1299.png,22609fa55b434f99fcc382113e576ed04b0c3cb6465159c031aef78a216e12c1,1453418e31b43ae3145640c38ad3925ba490c34352a9e4dc1c3dd85637cc7d87,4946367794635750232,12.0.0,fov-crop-224-v1
1300,1300.png,61a5d48b4dc007e5c40925f5694b3f8cc08064ef6c77424ac1848931e3bac17f,bb2ae328414d3bd3417302458bea5698ee0a2aad59d1762b114490729717c8f9,4669396666579296090,12.0.0,fov-crop-224-v1
1303,1303.png,2a34cdd4625c30a4d4202bbd0af34f9a75cb7ba84a329c2d24571fdc010a634f,cd4de947968f67e08e2404e088d792aa0edf9073c68c1076b26e20e59d988f5a,409082334162206042,12.0.0,fov-crop-224-v1
1305,1305.png,4aed9728635e759d007c4742a403c1a5c74233b4959a9645186668686e2b29a2,d781e447eb6354bb795c49689e455aeea352b9bf229705dbf0df06fcca555121,303239865727941580,12.0.0,fov-crop-224-v1
1307,1307.png,b48d732e3a9069f5699660761cd6f7fe65266e70e75a7efb08ff121c43ec6bb7,8753f17f892b76c4a39b4f2207e518ec26ae72d07ce31eada8a8376e48689217,4677004737893113615,12.0.0,fov-crop-224-v1
1309,1309.png,a9367a68293e8740c462cc1bcd5946bdda671150f5c37c9152921812da5792ac,20d36ed660785e4709e9f30a0ff84b632eae2bed692e8d8b6066f94c33058962,1552996502141033050,12.0.0,fov-crop-224-v1
1310,1310.png,7299cde124802375589cca40626b690c6b2bae4ad6f4c2a910a36172daabf53f,b31eb56623f0bf9066f7c0df72c243234f7b03ce2d60b03ea1f30452ccde7870,397823575671208538,12.0.0,fov-crop-224-v1
1311,1311.png,ae735ed55c6df8a9981034711db73aeb21bd7485975108d17d152be6b692ea28,537bf905bc310362eab1c73109388e3b34ea3dd15a91a77a978fdb46af83eb3d,373054220114410600,12.0.0,fov-crop-224-v1
1312,1312.png,3e38cff4391931493b53af3b4c1a1cd86935b3058c66becc4bdaf0b527b47562,ac33f721a82025f9b868e60d17ffec5f33adfb199600248af59b2cb5cdb7201b,4677022364371781983,12.0.0,fov-crop-224-v1
1314,1314.png,29cad26998e0c290d32d25315ed8f1a5483874f3dc3ab945fc9606179007c01b,b2f440f9aae1ecb3f9ca9557f8259eeb14f19d48beb4e15e8e784a8a814f0387,4628873332919515464,12.0.0,fov-crop-224-v1
1318,1318.png,2fbb29805d2c981b3072d522f3efd43491bf04f8cf05cf2984ddcc611563781e,bb671fc244053257c836070e332a206038bfeec03dffa6296b10a34de427915c,1525975192141199946,12.0.0,fov-crop-224-v1
1320,1320.png,69e8dc2e07fdad064bd09ad82b69cbc1fae89fac2a717c31905e0023a1c728d8,6b9ada97bbe79223bfd05b065ac5f9fc79fc1fdb5c83ef67dc05374d128f3acb,4955401081971149628,12.0.0,fov-crop-224-v1
1321,1321.png,59cb990efd52763693ebd7702a25f7e5fc4bd96e1cce9e26cc557000185f6210,3164907790601ca45b4558c7b9419bb53e94e0c42d0b283c870be9e53672f15a,1541737837737958006,12.0.0,fov-crop-224-v1
1322,1322.png,c0767c762658625b4f341a1a61c4b7f395d42fdc7a2a127ab313bca9aba35d42,fd475779d3f600683321a239c4aa35b45a6a84d878d3054507d6124b2e8f0df8,1525957449632201322,12.0.0,fov-crop-224-v1
1323,1323.png,9b9801c0f3d7b2a2051931a311729bb40746782118f9d965d51fdea0e15b836c,2c735d73e804046b20961de2f00495d60575770e8bfc2c016fbf57e170d4f8e6,4732464743741803102,12.0.0,fov-crop-224-v1
1325,1325.png,5d063377f7b5503b066e56c1e37a047d9eba113e592a96236a53170d5bbac2da,10f095367a9cf1019fdba82d8ef68bcc3c6f552a3c15daab5b4632d633e258ef,373053820678192730,12.0.0,fov-crop-224-v1
1329,1329.png,5f1efc00034e3b71c29261bf284b6b97c66db155ad18011c5a53f455f7bd4b54,e4642784bcd0dc5b7fc3203bb4ae5292c17c9eab9df3793408c5c3db699880b8,4677303804989287196,12.0.0,fov-crop-224-v1
1330,1330.png,39289251b8eaf7a65f589ba236c6d46cca4723fd4f1e25c65e4783902f580345,6dad3fb303b2225718cd05340b095857b63d14c025b8917d6537276e5657b352,416682082360241517,12.0.0,fov-crop-224-v1
1331,1331.png,e6cd2b07f25f24137abdd14110f70163a83ebcca3b6a438c145659a6d67ccedc,01c67e0bf95440a33e50537d1edc3b0dc2ca26b92ef390296407e58dcd99e174,4640131713456029552,12.0.0,fov-crop-224-v1
1332,1332.png,96b4007abacc06459880576a8740c6469c670653b0056332667b924add5972de,a697f4b840c97cd47d01eed01366735f08d084ce6ba03a2e47f7e8cea7e3800e,409082213970770506,12.0.0,fov-crop-224-v1
1333,1333.png,f9709389aa4ba03d0ef45a660e5c45f8e7cc60c616a419fc73a38fbb931b2bf9,222e12f4da63e82a07c984962faec4fee6bac99a9913a038b14af5b96332a214,4677022364370745694,12.0.0,fov-crop-224-v1
1334,1334.png,e0f248fe37ac9caa3f075870162ca691e2797c5e065f2d1e7e73af41e48f30b5,d78d4610aae1839beb3bba8ba35d157fa2e0163e5c82f05a1a3dab7248a2ee6c,4655885786695744114,12.0.0,fov-crop-224-v1
1335,1335.png,ebf60f6fd0eaeca2465ac96658c979a2312fc1c15786277478629c356fab6f64,95dd8a6b366efb8bea7117930238029270cc9ac8c674cf54ecbbb7aed2395a02,377548640855670608,12.0.0,fov-crop-224-v1
1336,1336.png,845437fef271193bca56c0f1a75ab43b4e94692786235da3f504f80ea7b4bc34,3bd1d87068c3467a83f539ae4b1f6d99f783a0f5dbffa64fdc523621a77c997f,4628872679027392066,12.0.0,fov-crop-224-v1
1337,1337.png,b43d67506d7e4b4c19257cde1f536e6d3f0e6808bb6e9f13554a6ee4154244ee,42ecc9206eb6e47c3f37c5283cbdad34c7891c7c74e8eb1b49ef19f09a21cbea,4651109074396130122,12.0.0,fov-crop-224-v1
1346,1346.png,3a730dc93f8e87d5a733320e6e941d3dca30614cc011fb4a6d3d1be711635f71,378d264f15470f6924953410d946443f4f6dab75d9a88ab0edb2b8412573fb4a,4727943401677404792,12.0.0,fov-crop-224-v1
1348,1348.png,ba8078d55bf092b23104fa36f68f77524ab0a014ee9d6cd7bd98049804762942,c9d3c97080ceaf5a6a0d135d33c7eee2c934aa75f612c39aca9eac8261c471ee,4669405050881318776,12.0.0,fov-crop-224-v1
1349,1349.png,5553395536c3c0f5d89b0099dd27b75418217a27bec6016efdcd3c14706902f8,4ff983b32fcd6c7910befd98ba7d5532ff714b6b491e821bfb18cd5f50eb5dd8,411338596447452250,12.0.0,fov-crop-224-v1
1350,1350.png,afa5f1d1e3e1f85e33cfa4cf9a81140d76def572adb94f5bbac53a3f3be968bf,334a9d17437f770015fae68cceafb59d477667ce32a19307babafe1147e53ebe,4653651556984044136,12.0.0,fov-crop-224-v1
1351,1351.png,28a08b109b909221ac36e16c2c813be289354c229233239bab9f81bc27de31ed,a986b6d36f0f2999536c83340be363b3f2812959c483c1403cd43e5570e9b3c7,1555245038231513672,12.0.0,fov-crop-224-v1
1352,1352.png,a603f5b25371e040b6fceb4f17cab2283af71d09ee1a78df62914ea5ed4f8a09,e84953f4724c7cc3228e68070937ab750861d396bb937745045c1e8eece1ec4a,1568754737601997400,12.0.0,fov-crop-224-v1
1353,1353.png,806344710df229b09e40f42e6986fce04eda7e43eea6a78d1cc7ca54c034fefd,3eb583a92b051344bbfc79a59ddddf53b6dc4508a9af84939fa45ecdf3b503d0,1531037369097218079,12.0.0,fov-crop-224-v1
1354,1354.png,b65509c276fd544cde16060820cf3d9913c2a5d254fc1adf9ce923a47f34be3e,4aac81ab5d60f1c566d6841140cab6dbb6f76abb546d6104154836ab71759cb0,1564233738792168267,12.0.0,fov-crop-224-v1
1355,1355.png,db92f828b4d59517094085d310e3c1c79c91d68a1d9c5c9772512e9cc4062bea,a82aa0a372117f74e46c76ab71d0d33da651bd88688e38ca406ac23e13ce00c1,1530461706388586322,12.0.0,fov-crop-224-v1
1356,1356.png,c66f63498b30d28ca9519263609abfe16537390b54aea9b03a9a5fc35d2d0e33,45eb87dcd8e1d84bb3480fa8ff7acc1a2ee9fdf8ae81aa5397b28d934d3a410c,4651390549371676796,12.0.0,fov-crop-224-v1
1358,1358.png,5a2e8132dea15f84ba31ce5505b6d023cbbb813005136778e2409270c58536ad,d628ffcafb5edf7336d2ba18c748bd856af705db0f5286d02e296a29d7661795,1540589707693853300,12.0.0,fov-crop-224-v1
1362,1362.png,29d5774ec41c4ed002a29dc1e9425554b0c3176d7da274d2387045b498a897f4,0013681b81ad72fc1c5b1d550ef8dd0dd3af3a5d7b7b51b6aa27bc07ac793408,4628872654247574030,12.0.0,fov-crop-224-v1
1364,1364.png,853f80301af4c832e3417a3e7de9b353981894715bd730bc6f2500e27f07a21a,04533c5271fe66248e415d49ee435ff6228471c17d4353d0b44ba163bcbd043f,4642400976595070794,12.0.0,fov-crop-224-v1
1365,1365.png,544648d0527110d6178ada8c8ecf35806c31dca001d40f38c510fa79aaa9759c,c7a7749b7502add34829e717b56b4c1aa98002646a9d2c853bde4c4333d11e55,1525958196954431050,12.0.0,fov-crop-224-v1
1369,1369.png,b81de24e751fc006f990427cb689346cc44d89c971fb7c56159a6c44fbac13b6,358fcd2af994f24331518d3144e53d51c1e3db51e394ad4dbf41cf41ddbdec1a,1552979197719558746,12.0.0,fov-crop-224-v1
1372,1372.png,7ce8c61c366554373a51b2eed16e073788d98bcc01ac366c79d13dd6b81a348a,0d88410a5f930e66f00ece74c96c17e7b9169cb92ce5098e7f273bb6b92a8502,4682915712404568074,12.0.0,fov-crop-224-v1
1373,1373.png,d100c1e37de359df06267ec208a4ab2b5d4ac93e97e6872f955f921c5bbf54e3,ce73a012868bdcc5c72d725a3ccbbb5ac3e95b4ae059fcae2b82ced92e70c0f6,1569867408551475802,12.0.0,fov-crop-224-v1
1375,1375.png,93bef51a1c52fc0aa3e65ad41a9860fb4fc3926b1386276ec0e00eefdd21ab6f,f2b1142338e91f49afcc3683cb3bbf7168d2facff9e3c074135995f64dc65562,1525957565864046154,12.0.0,fov-crop-224-v1
1376,1376.png,d355f2f2348fa2e5cd2931de0db79d0b3030eae3e01c8a68d3356e0959a47049,26118269215867b0a506272f5f992111a9f3d942a3d7511c317c0a855b69b6ac,4660397714200737870,12.0.0,fov-crop-224-v1
1377,1377.png,be86a77f9fa0963fdf143b07d1a60229444942702c695cd3b9f41cba75101ee2,8bf07367cd5ac4bef91f15eff8bac5670584a2caadb0e52fac51143306a01f64,1533557265415171060,12.0.0,fov-crop-224-v1
1378,1378.png,310b0f2d35477a47610a93d9c557cf71316957911221c4e858467c4ce78f8264,050c19af51f8a7facd7d971a2c63c89e64786f9db910a9adc6d3d0751e29beab,5804875420545531112,12.0.0,fov-crop-224-v1
1379,1379.png,f8358c6edb5e70bfa1f9648922ca3c88ba7d8f6a162912b79b586d2d69900fb7,3d0550fbe3899622084404a6cf0d65c0e6f2465541c6467302cb8b87c2af1863,413568333081751146,12.0.0,fov-crop-224-v1
1380,1380.png,8d90e760dc7c1b48ac3066130e87db1a98c88bc6a2551825a71e904cef775bc2,050ee4ec68a65a14f0d94f4d8036632b1008a01be0d448dab721405b21999a8a,4642400907876642394,12.0.0,fov-crop-224-v1
1381,1381.png,f42ff16605a4a9562c53330ac4ebc825a0a9878f5439e35607c10d75f1a34f49,9706fea38e94633b6b8e54e338b75839c870e3e4c6efb8cbd43774b991d4bbf9,4628591179270205262,12.0.0,fov-crop-224-v1
1382,1382.png,1f8e215c4a4c366cd9934c5ce09fb543252280213fe002d1b83957d16dc25dca,50392dd24b9199c622f3e16baf8097cf65fc3f45df0e3376c4b9fd08e6c45e17,391067798214310490,12.0.0,fov-crop-224-v1
1384,1384.png,da02b49b193b57c2d45804a1deaaa5d9fba9d2e40f0b2f2e73ab629ef96558ac,b119f2343a5f9a449382f9c9870ddd668945d939ea08fced1b6a1d10cc695839,1542846489400736338,12.0.0,fov-crop-224-v1
1385,1385.png,430216eff22b118e5ba24a52712e3612c4b1da3976dad6577a7421900e55f513,f12c0e9a44e1f9fcb5b67ea3d57d5f3a4ab4e8631bacfa2433b51122916b9333,4628864571119119178,12.0.0,fov-crop-224-v1
1386,1386.png,2d116cb8643279b60a67754bca24ee11b985fefabd529ba26d09ab71c0845ee6,c1bc3f86de7bfcb6a5f45e18a92335aed11041278b1ab8a14af8428bb7c57981,1550736731337808730,12.0.0,fov-crop-224-v1
1387,1387.png,33d569e7856c4a91a99d539d1e370032891faea81308babedd2151eb70c5ec13,5ab902494a1b01802009af235244bf5297fbbe5bee65430fdb2d6e6de7775b9f,4916526666003529682,12.0.0,fov-crop-224-v1
1388,1388.png,5760770a4d0a3952c9247bd4e10c888d516087f409e01f89748bb35b3fe11b6d,4e24455f3fbde8c734ff2c4cbc6fa45635938288a935231926e3799579c4db07,4678130637749644366,12.0.0,fov-crop-224-v1
1391,1391.png,4a92eebb27a99ad1a13fe912aa6528c47e0467846a77b49333da12645a7f02d1,9331bba72e050bfb10a9c7606333ad1953d6ffb31f4911f7df2a0576157e0f12,4912591515216396128,12.0.0,fov-crop-224-v1
1392,1392.png,a0476e41a4342949253f8748c106d280a9533329425f8d41c5b5d698bd7b8dc6,6dd971d77c15c533b735ee81208c77bff47745d1daa8944005031caf66f13d3f,4642401457631410270,12.0.0,fov-crop-224-v1
1395,1395.png,6b41ed75b753d9a04333c68f92f364c8afb8a2c3dc6e84390f72f309577c1f8a,a7aebed6f549e5675573a5c814923141529ae0867a33cb5137a94876e566e0c5,402327037792697434,12.0.0,fov-crop-224-v1
1396,1396.png,9aadfe92c659015907a7b0edc369059eb203aa87b6f1b1ed2a282b22e98342ad,fc9406a7dbaaeca87b13a6ac37cc41ca120339b6850e22720cdeb0206969348e,4666871673091931147,12.0.0,fov-crop-224-v1
1397,1397.png,58a7435f25354d17d5bbcfed2a692774882626a97d2f1c423a31f41d9e1e5198,13d851788d31f0347e312e6a7a6021ae6b805f00046902ce9d17a5927230e508,4623243703478140431,12.0.0,fov-crop-224-v1
1398,1398.png,4d3355692e80e07710d053872d006a86457ac064cc4637cdb4ffe88773c9cfe3,56900db95584649fd3ba95af9d812f9835037df6965d3cbaf10db577b6b0f9db,4669396108848021066,12.0.0,fov-crop-224-v1
1399,1399.png,2a56014269068b6aa61e66bc07f94b5f1302cb69883990bd16d7498045092a86,84eb31f7bac79c55d02c23c3d462429b52abd548f401f118676ef49e1fbd3c5e,1559734481197230666,12.0.0,fov-crop-224-v1
1400,1400.png,11cd467bb0299e55783584e6a394cebd706660078cd93248d98acf4a1e3f1f71,06f47e63a8c9e55ad6acd6b6cd9ff98542a8490c25b295e647c92f5822cd9359,4653660250539965002,12.0.0,fov-crop-224-v1
1401,1401.png,1ca2896f3ed3a306affa23d198d492fdccc212e6dd1a462810e70903e3312358,1a0595b08dc53b40dcaa6a1a05c5e5a93adce2c4d2f967cfce1714443a3c67c7,5835555741967060743,12.0.0,fov-crop-224-v1
1402,1402.png,1f821c579aa969cad99ee71cc0ee43d1f77b6cf4bc7d1ca6630e824758962c34,0a5d19fe4742a9c3af5bc7d757c345738ee788138d750ca77899e84f205d0da9,5011761217827068506,12.0.0,fov-crop-224-v1
1403,1403.png,b1a986e0be6491051143fb202a1a900b25dd70cb6e93257fb0dbfa2e00cdf9ab,7c83e575d7cec353c1d656b7acd977719b9b1a20b2cee1a5b0eeb4f369cd7c72,5823170843050404622,12.0.0,fov-crop-224-v1
1404,1404.png,e81b71de004d7f7853500062702f0c07b4c42065ac973bf3b144c691500ff98d,bde6755c600a13aac3a04f9477313754420eb6b0c65aad56fb23bd167334f9cf,4642383350050339598,12.0.0,fov-crop-224-v1
1408,1408.png,2d9d6b59136e8991febcde4ffcb67ab6d749c165df7c560cd35bea18a502c24f,58b906f357939b92871177a05bca95c9cc00b10cc72e656b6b75bd1b84582a4e,4667997572929961759,12.0.0,fov-crop-224-v1
1409,1409.png,794342d8535820a3ad21151ce341e29632b2ebb22dd3651b5118209d75be2949,e0d496179fa2a8a108057aabb35760d2ab267a117162ddee5201bfe0079edaa6,1552996446242699850,12.0.0,fov-crop-224-v1
1410,1410.png,5efdf4d5657cc1aea1126ea0d356edd4b7685b4c111612a9d3f3370cff7b47fc,441e58b0466ffa260d2a522d6bc390499690017c1b0fb414f7b0508aad946e80,1557482711448901738,12.0.0,fov-crop-224-v1
1411,1411.png,d5118f6f9e17f658a33bcd0a70993279eb6ab6b8d063468a4d3b1dfaf7d358d3,fbc42883892d574361d9f7ddd2a008e78ed3107b014fb3044ea6a7d0a66df1a2,4640994082740378994,12.0.0,fov-crop-224-v1
1412,1412.png,a0a788172ff997401b2edb3ed01643812dbb625f21a827903af53975dad84eff,f4b309865983048bcff622664e500cd8a6e49f02c9d41a364f132411d0159a55,4678412112777195266,12.0.0,fov-crop-224-v1
1413,1413.png,5c3d4e74dfaaf210362ec7933e7c9264e623d329985c412db5b90555890c825e,a55abe836149117ed2e1fc2a5a0b943a35fb06382163e2cae2f86a1d6bc079a1,1552978875589225050,12.0.0,fov-crop-224-v1
1415,1415.png,7229968cb0908fc985b0a3d5a3319885ec1727ee89dc434228ceea15b36e466d,4b1f812bf3545c2df90b525f820a9a1c61ec90ef373f6f489c5f0cff99071dda,1562003937553824362,12.0.0,fov-crop-224-v1
1416,1416.png,2722178d401a93a677cda1942ca834e8125447ed215ae61bfa4a8260a09f2d91,0cf3b2a91d3c64ff600c84ff635aa62037b977d7b98bec8b48c7aa9f972d2790,374180137195371098,12.0.0,fov-crop-224-v1
1418,1418.png,dcebd93a1908dc9f5c821f663d97e9372edefb41d52b090cc08c228969966144,b7d1bf29680e53a6a76e2963e672c5d63b3398abe9166f678d1f69e1b3d4ff66,1570729486269431672,12.0.0,fov-crop-224-v1
1419,1419.png,9392a2e92986daec2dfd592ef29dc0d82aede347616aef43841d66f6460e458a,97fafe26e27239a8adca492ba87c44f80a608f3a9a88aa3b701ac14223ee7bfe,404578695880719954,12.0.0,fov-crop-224-v1
1420,1420.png,bbe0ce1e9410499343efbab01020bf8857a7358a2d80f2666bf3273387abe22a,6d3af50dae6de8043569bf397a0f90b88e4a6c2181ad6b606a0c90e7af44485e,4745957448466049626,12.0.0,fov-crop-224-v1
1429,1429.png,7282ea8703587d83f22bc5025a141696038654627adcb54229803f30cf85b5f6,418f47069402be1f6d6c5bd2c803ae9826a654133b1f920e71818be5c9ac5be3,4916879596064095603,12.0.0,fov-crop-224-v1
1431,1431.png,8991de0f918e12a6cd191b9a647cfa621bf16e1f5cf18d05a7200f7b97a8aa6f,153b5b50138cf229f92bc2b4b7e5955c57d9f075480024744eebec1d8c3215f7,4624369458430885450,12.0.0,fov-crop-224-v1
1433,1433.png,17a0b4f82bff1a76ac9caa0b6669dd89890883181db892687f82e6a9a14bc34d,8e706ad8a2f6710d1833dc66e5a9ba8572115f83110079f35cc81d87675bbc36,394164804710054482,12.0.0,fov-crop-224-v1
1435,1435.png,89d009a272a67cdea65cfaadbc619c64aac420f31627a954c6e90dfac39d7991,00422cb7e81b93ec25c9769f1b627975abbae42147a94dd1f077436d22a970d8,4649148094804007518,12.0.0,fov-crop-224-v1
1436,1436.png,da7a130dc576c275450d5c4d88d4799472192daea83c7cd6692eb749aa4b75a6,c43ef53b2b06e04b2e017678c56e6a080031e64b0c37e8d73c9315bf22b3dbe8,4669140094360239740,12.0.0,fov-crop-224-v1
1448,1448.png,324bda7d46e089c648dbceeed8529227638407614e3225af0ccbeddbe17e1dd2,cbad0cf37035ff5f7323e76cf81de904a10500d3802b2be42cc663735d8afcf2,1543972260457630314,12.0.0,fov-crop-224-v1
1449,1449.png,93f3033623e9a84ca2a14133485d74e9bad68926edee825f7a3467bf646cfce2,55afc389f0ce63e270de0a0d09ad87c3ca94011b2335553328d295396e9a3686,1552996755545872986,12.0.0,fov-crop-224-v1
1451,1451.png,4664396e0e9182c0107edff1c9f4765a8415e5c370f10776a5e16fc48fd3f7da,719d86d1378461d6f6ab5b9e4b5706e36c52ac52cc718bd862bd50b9cff2e896,4669141065022847774,12.0.0,fov-crop-224-v1
1452,1452.png,bbd49682e52a2d55f798a29b79ce48d835e9506a5e5613fc01a4e4a31756ad51,d1900ea6db19383db01d04fd0d851dd1a0412da119ca464cba867be24704f359,1530461452981394026,12.0.0,fov-crop-224-v1
1453,1453.png,a9dbf4087d609bb6c6204fc41cfdec125ce7db9363a77a3ab7587337c6250e1a,a5f1e4ed5b8f634980212fe7cdfe24423dd7f1aa432fc2cee39f33eca63dc977,1454499687990768973,12.0.0,fov-crop-224-v1
1454,1454.png,a1721ae41f5a806fccc6e3c02a1218825e12091220e948e60042255aed60757e,9c299ddcf912f7c6934d58287ca581c08bbef028d41b26dbb555eef5fafdb7cf,4917107565426667096,12.0.0,fov-crop-224-v1
1455,1455.png,4a0a2230951f09918060f61ca290554ab8a55040be9da4b307e814170087de79,62e555f029d94a9119c3e8bbb1b117cba1058bb30f7e195291f68692cd1395b4,4912603965515381626,12.0.0,fov-crop-224-v1
1456,1456.png,f34245671e793e238bb1ffcdb299bb091c514579a0cee72dcdd17729d732ff2c,ff848b078e6cf9d366af1d6487ca1ec8e81728a94c40f624affd140d335833e3,374179772058271322,12.0.0,fov-crop-224-v1
1457,1457.png,89cb1fc851ca8c05ea1540012583cec88bf66bfefa93abae69482b1bc25f1281,4fb7bcbbe9201f6ec158d4407f20495f5664ada3534d6a11ca0cebdad02432bc,409082467306789466,12.0.0,fov-crop-224-v1
1462,1462.png,5fa97b9c8f44e5ef990dd2bfa36f99fc13698b546339d759340cb6c8a1c47f1e,3b3c2c579cc4a8e0715c9afb8cfa1d9cd81e44f6e66aaa7b85f4347d4d9dabc5,4966629315471163224,12.0.0,fov-crop-224-v1
1463,1463.png,9caa9ce9cd03c77f4db23031c8d908214fdb702f60b3a46584f5405b2799d13a,2102a870884513fc65976f27ccdf0deb0276b87b112ea8bc5bab3d3c449f639a,368547420380871282,12.0.0,fov-crop-224-v1
1464,1464.png,23c796ef3a478127ec4120aaf489572c2168ec6a516bdc0747c1fc94111bbf64,a60a56ef3e5ffcc23ac400e5e3234010c2fe1f6d04f6bc219a9d82f2364da9c5,4673908513082183454,12.0.0,fov-crop-224-v1
1465,1465.png,f42df95f2bda62d8307fd687354d92412494dda62dea267d8444b224a023bfc6,080e785c6cef750d6aedca19e3c4b9015cdcf2aac92fb1a3d2d762811ff49ddc,5029467482492657274,12.0.0,fov-crop-224-v1
1466,1466.png,dba9d80cbf4c21b2bb99ac8d995786dbeea6bd40f2446ffc5f3134200653dce2,3844befa01ef494fb0600071977fff0346c78c173d3eae0dba3dbffea0eb0d07,4669141030664154895,12.0.0,fov-crop-224-v1
1468,1468.png,e7d91365125f8c3393e919d55503d8b0292787600a302c93d00274f8472c0050,0a060ccf13858daa8764a5063419bd3a55c86659087574812e1656c0e3e7de6b,4624386565200691038,12.0.0,fov-crop-224-v1
1471,1471.png,f6c8d84a4e014051abf1148c3da1d9c5d80a583e4c12e6f235c372f67f3c7ae8,960ce1b0ec5ee5e3644b02661596fd08ba3b94b98799fb5ca5e3a3421daca671,1545093238060378956,12.0.0,fov-crop-224-v1
1472,1472.png,5b2a1ebdfe1adf6346f5d3193d0a2c264af9906db31e36bd9cb4a405cb2198d0,beea8e34ce08384720885b15ab7f4562a7c2cc14636632f89e513c413fa5fbcc,5025246551516133978,12.0.0,fov-crop-224-v1
1473,1473.png,0d7f2498f39e6ece4ade26dabd33f5de7851d93cf42fa88fb0074a50caa5b7d6,22a4e93c1d91d5e89fbe4842b08c3dcfd55db5e661dbd53051cfad02233e42d0,4917088962850488024,12.0.0,fov-crop-224-v1
1474,1474.png,11536867d32ef66a0080087311d6ace67c57992974722e4f6904c26cede3d725,c001b0ae64a8801269609f00e1f80875732141864b7368db21885c76666bc6a7,1577744893636405848,12.0.0,fov-crop-224-v1
1475,1475.png,17a940eda55a0e8c52e1125bb7d54b9b37b442bef3489be831270004fccfdd36,2d927be3ca9eff5f2d4fe1b4ef3d9b6ce8b73aaf7be3dff55c9bfbb297e28e16,4655612961709768554,12.0.0,fov-crop-224-v1
1476,1476.png,81215037efef8d292cb0363ff4e0241ed728ad1c5c454c79e89241c3ead3fb03,e66947fdc8383cb98bf840b93dc4f545940340252549a0cf81b8226466ba0a34,1552996502146271848,12.0.0,fov-crop-224-v1
1477,1477.png,3edbf6f823bb963a3512beb6eb6884df4ecfb8ac850900183416f9c5954e4816,3af9d628409a412a604e774de2c4d477e274dd5908939d07f25dfa39acd6b505,5013939145465809483,12.0.0,fov-crop-224-v1
1481,1481.png,bd6728e50f34e297d60ad0106c51ff9608bc53e4036c31dceee70e459d0d1f5c,50f8966976f9837cad8df1e888debe016a8efacae908cb1903c0c5c3c2e7a11c,1557474262709329482,12.0.0,fov-crop-224-v1
1482,1482.png,7d6ba12c7ba9ee82100bbe4691fc0a4000f4358bf487e7e3fb5f69d17c0a835e,c9e4f86dec33e254f688693d2ce0df90c454c3ecad715903ea4d1cbe8953701f,4669404913454817039,12.0.0,fov-crop-224-v1
1484,1484.png,c089f4f65c366911e6fdcd3a30a0a628aacd47af411a598520d00164c642b11a,61e22bb940c893af36c0c34985ea7460804b9498738c5c80d8a9c672d9ccf84a,421467087108988246,12.0.0,fov-crop-224-v1
1485,1485.png,be0bf5f4a9fa049252d60818e34d9c53b905a362ed6f1aa844c4606038d54e61,c3869256beb713581863aced1d308e922574529be19e065a7fb58adddbb9817b,4672782647535082255,12.0.0,fov-crop-224-v1
1487,1487.png,92718b5e2201e3f5fd137ec3df4aeaf494864174a68a41ab928329879a8291e6,620f2c52e84911f7089457942f7189846c832e418d2f916f9583b714f0931cc8,407948041889931098,12.0.0,fov-crop-224-v1
1488,1488.png,7a5c80164ce5307fa9be2e77cb7bbf7a7aba28017ebd8f17589d1e5101f109eb,bebe28716a6a45476787c47d2fc631a164796eda61d1c381ad04d42c9ab545af,1543418080761563990,12.0.0,fov-crop-224-v1
1491,1491.png,1d72f02282c4295800431f63359280a3226bc712e0032923b6c5f10e86b3d1fd,3f6d4e3bf0c01038859440182e36e9f5a3152f1755b9e1e8f177fe56a8630e30,1470723887742740964,12.0.0,fov-crop-224-v1
1493,1493.png,8cbc297f1686ef4535351651369f436837bb1e4061f32515aaa8bdfe307380c4,876c98a188e53e7fc9bce1bc8cd43d5f5c4437f25d0025caa1bec1da689730e3,4663775439690538598,12.0.0,fov-crop-224-v1
1495,1495.png,607a87ee5e0fb1739f421237ad9182c63ebd7b09d0d871128310b9df7593f7fd,3118fddafe35dcef7bc75a5bb7d24a769a9cb2b5782051fb16da8bdb833b5604,1207086825306155706,12.0.0,fov-crop-224-v1
1497,1497.png,94df98a74e871c20ded144bf13ade2a56d7d4679bd929718bb91012ddb0ed58f,012f5970fe7bdbbd58b0d784d64cf548a05938d8c58145277e96ced2ca2a46d5,1565654307551411541,12.0.0,fov-crop-224-v1
1498,1498.png,5df5f39133da75e1ae5e8731fc7be1b738d6cd8ab3eb5e2184cb3a6f382967e6,e5602f7724456c6ff1f6db83f2486a735375e20015f383e3b561312e0aa1dd13,1571837956734675578,12.0.0,fov-crop-224-v1
1499,1499.png,f0a6c79b6ba8c49bccb7f912f6c939b9200cbcd81705112e01e1c9766e07ca04,1352a7a40ff86b30ef07dce5b2700d553c8acf46c0adef513491311b6b3863fb,5805174324419051308,12.0.0,fov-crop-224-v1
1502,1502.png,9ffebea3182a0c6596d8420bb7ba7769a8390df0bb07e2ae5822934b7760912c,a0476996d59634cbcabd769f7b37c56488ff21e9dfe1eec74839731fe8a1aa1c,4724310521239465059,12.0.0,fov-crop-224-v1
1503,1503.png,cc5ae9d92ff5f79ceccb2d030b842c1ae5f3ef057a57b66a800cac6bbfce6859,b6fcdf18a727abc73be5568a72e0be949b5c57a9873a9580acc4fad2e34814f5,1571846632496332329,12.0.0,fov-crop-224-v1
1504,1504.png,b83620ec0def69164faaae71aedf88c3b45d1a016a23e94bde11645c1e97d8d8,894814c484565b0bd180f616197ea743ec23e66cd5af22df5358928d3bef964b,1462064271864835221,12.0.0,fov-crop-224-v1
1505,1505.png,af92cab848d060e418b29b2383afce082b8dcee9ab8875f0bc068b64a5ca4066,aaea8819329137f4ee1967f121d3914ecdf5564806b1a345e9ca38ea9702a198,4668279197968186985,12.0.0,fov-crop-224-v1
1506,1506.png,b875236f247da91dd7cd6a98167bc85028de8acdbd0b3eaa106721a60806e93b,825ba1e290c92c240f7b57439499da88eb3de759824a69f67b4f3ec4775e297a,4665762467457482300,12.0.0,fov-crop-224-v1
1508,1508.png,b3c066cc3295292e0ee46578dbee07091a96c730b96aea30fb0989582afff962,f12c79520d0c331fac4b10aa62a9feb273602bb8d2e0c25baf078d3747678608,1256577719560269341,12.0.0,fov-crop-224-v1
1509,1509.png,c3e89477d40ec0dcd76c24f58ef2b0ce3fd842d39ef3662ac494bd74029b5ada,1f3b6febe31b5b1bd6cd3adc35eceeeebe15c888ee7b9cfaa1211e70fded800d,4929244310049094169,12.0.0,fov-crop-224-v1
1510,1510.png,6f220e9da92462cbf999c4879b00e50c07e3299dd016d598fd1380889acff6c4,7111406a243ce5dec0f1115edc719a13c767f861c46f63567c7c7776ac2ca704,4738137682836810046,12.0.0,fov-crop-224-v1
1512,1512.png,91ed9115c3f4ca43608b1206150ce3c0b5b22672520fc3981e5563d9b3402a7b,2f41c8b87bcbbcceeacfdd5be3c0455e5f3cfcc14305c49b4f1a1406f862dd37,1275722021906049545,12.0.0,fov-crop-224-v1
1514,1514.png,782127f229059a9190e80e8f2b47baf7ba36cb4f2e10b3b64c556dc18c4aac84,b016cbb5680420fe7d6997eb2eb088568b881499d3fa7a6fa2b63f3ba36a4acc,1571837836403829293,12.0.0,fov-crop-224-v1
1515,1515.png,12c8c4d442b37350317f38587681d8b6a9c723ba7add670ab23e764c1f68c92a,f6c38fd77c4f91f03338762caafa857375495f2bb0e39bdd850cf4590c51c0ef,5805719836811669286,12.0.0,fov-crop-224-v1
1516,1516.png,2955868f765cd2818c87e00bb503c8297a79468690a5f4b9ee9a3ff55c44106e,ca6b1346d5d7646ebc6194971dee9265b0949e51e0fcffd5d84a7a0843134515,4654504714121461351,12.0.0,fov-crop-224-v1
1517,1517.png,83fa48197fbb8c3d255d67ae0ae6604060a4d6040d89debfc672e74f66c50d11,da216b124f206b4d8e016cde06dbbd740f811e407dc5fb83085694889b2aa078,1572400743482813093,12.0.0,fov-crop-224-v1
1518,1518.png,fcbb192c97dbf87d55b237add1f98c2af586fa6b24cd79d03629be785f3c10f7,72c8f409ebd5965b0b5990cf7509bdfbcaa59723b4955891ed375bdb5ed81e3a,5823170877351557391,12.0.0,fov-crop-224-v1
1519,1519.png,b006ac5eb566c7f7499c83120cfbc3a0aa305847f4fd02751623c29ee1731e7a,7aa71e84b2d9e0d3a3792cfd43e22d77207018a47e763078815c164bdd00b893,1553823554199710315,12.0.0,fov-crop-224-v1
1522,1522.png,40653077c9dc9770f7bcaf949d8f82a4175d1c2da7013ba5434d5957f0ef80b5,70809240ee9c69215237a4d5ae95596e9e7d5faf476227747e1738f512fb57f8,5815281005243607853,12.0.0,fov-crop-224-v1
1524,1524.png,de0cdac3def436ade4331ea65bc3b9e752491e40efd6cf187f2c29e3c4ac5983,fd0657f2f6898768e673e3c2c7b0ba930f52d20274ea06621f9a6a272f8f20e1,1181147730017086107,12.0.0,fov-crop-224-v1
1525,1525.png,733ff451e6840189774a17ea3bfc44083ad26299417463fce6cd6ff12c400664,90e94c295ec7f5f7bd8f2304f9a5a3c17dd0d7d264aa94098da513791a40f3de,5827674734671441211,12.0.0,fov-crop-224-v1
1526,1526.png,ef64ebc30dc372c604aaa7267fa60e5d3967ada8053658f62e32a86bc27a466a,b43f11dfcd9f79cedee78a1113267fd44cd66c2f0ccf68eecadca54ba5a04c28,5809378951378583392,12.0.0,fov-crop-224-v1
1530,1530.png,8cb3cc3ff28631c7fa771783f79e45e6fdbd0defb66c15ecb203349425d5bea1,eb20e89631c80b1ea925c8c74ffcdd784d424e8e1b9238eaf123627faf96d1c1,1266715796507159835,12.0.0,fov-crop-224-v1
1533,1533.png,7197cdbcea5fd9ca6922a9f0b20e549efc2a49b8878781e8a4e178b1cfc5ee26,b3ebacc81049244e94db674ae76e7cf80e86875eb8c5a1391ab8b518003cf470,5809097476394659808,12.0.0,fov-crop-224-v1
1534,1534.png,dcb584ca4ef7925970592c964b350e1b6e540934f8dfc8ebfc3145b607af8504,c6ba52b89a3c136563195225ca2378cab6280a395833c544c6c11ed54d65b1fc,1572409565253041065,12.0.0,fov-crop-224-v1
1538,1538.png,a244d3ad2d72bee591b8600d1daff7aa265f72aaa4f25659b83418b92169a4c2,ea5bfbb80c989ddbb58ea7d4542de282afa46a5dd3cf3e54833905d9a81a107f,1564519607332268598,12.0.0,fov-crop-224-v1
1539,1539.png,86b5d9f4a1330e3e2e981d98cbc1f45526782b75c2f72c8bb6f8e59ce8c08006,8f435fb88946fd2878aa49562f65b7c4663b934de2ae44c0f59a59b7f37d82ee,4656475038957922529,12.0.0,fov-crop-224-v1
1541,1541.png,7cdda9ecf1a679ae620c2f4eb7414464cf24ce00c8ee9cb9abd3f83afd352259,a6e9d3c340c93fb22c3d10c3a66ce99096bed2af1ec6d316868f701c45687bf4,1193541052497030953,12.0.0,fov-crop-224-v1
1542,1542.png,c4db03f986ae54568f5577e657a78b0635b4459a9cfecb7de321e82d32373a7a,0e307d5281ae7b6468bd39d01432a09fc1b6538c70a04f463621172ea1ddfa92,4652534415054564964,12.0.0,fov-crop-224-v1
1543,1543.png,67d63e7ba25ec1e46ae8d56ea31082b4888078a1d57b3b4c1b5fc6ef946694f4,b3ee3b172d611e8ac8c13a80e9ef08b348fe57b73d787c34f6d92ac4e6999dbc,5832178076607080476,12.0.0,fov-crop-224-v1
1544,1544.png,b0e566a78c11cfa6c86a94b4d6ab1ae1e82c35e0d0b2c771c560d243c53c948f,2bed811caaee2904ae58ea814d7d983f468974d0d6c9ce5943b7f8a18b9905e7,1564238129066765419,12.0.0,fov-crop-224-v1
1546,1546.png,bdaf1c668cfde97e2af381e89a4d9a160c27fbb0a30c0a2079c5c94ab3398237,587d90e57bf3730718058f4865f1a70b90771ccef0dd2fd5c3534097a9b3b05e,5806835832260214637,12.0.0,fov-crop-224-v1
1548,1548.png,5576edfa725e6760e2c28052cee4f9dc4f218177423ffe97c3cd080b6d630120,3178b1c47d6fae707ba779cec0fafebf3cca9da5f5f6ddef9ef6419c6b15b179,5816134213383317535,12.0.0,fov-crop-224-v1
1549,1549.png,75a4cd79a1ea2164c791386f95d4887bd38a39a0855cdde96ac36debe4ffdebb,ed4a10ccecdf182818d1838c31d7777d56674e1a5aa2fcea8a91b2a7435b0b16,1574661373656656557,12.0.0,fov-crop-224-v1
1551,1551.png,d7ebf32dd121aacd6846a60e7f174d75b9294107dbf0151c3495758e8adbd249,dea787ac1e6a58f2180836bee75efc979a1cd1400ae1538efd9e803ff497910c,4955705045196486961,12.0.0,fov-crop-224-v1
1553,1553.png,b205518a02f2d1e905468497aa97bc450ba77e31b59250c21b2fc2772b91cb72,bd0b1148b014617e69465f289671c0ed456f96014a54cd92771ecc0f22b466f5,1268439960394283187,12.0.0,fov-crop-224-v1
1555,1555.png,bf0782972b0369a45d7f22326ca390592f6fdb150ae284a41a76689db31b61bf,476841e50deeb876d86e38a05e02e3fdd52d37b222570667b2e032b5d3717ecb,1564238197786750281,12.0.0,fov-crop-224-v1
1558,1558.png,b0e08bd388ed9fd5f524c03aea247abe1fb5def804beacc2acf358f875c7ed0e,a092afd59ebc90d5669a351948b635e95324802bc866d237811f01b97c55dff3,4674770633268160831,12.0.0,fov-crop-224-v1
1561,1561.png,e8d736e7e32aa3f0e695a0c005db128398eb694142c35b014c98de9ec0e13d94,845b8c0f296392009527dace2b0e4a1d2fbc94619d86b2c9b37eaa18fb433d32,4725470574462446748,12.0.0,fov-crop-224-v1
1562,1562.png,3415b4e3497f589a497aa7202c910515948722f3a38141ff7c2a666eaa9e8cc1,4b7e1921c71d5a42e6a5855621692e2314a6e976673c3c248a7a0afcd3e9812c,1491055768249526326,12.0.0,fov-crop-224-v1
1564,1564.png,6779aef192126e73e09b5de48fc96f96f48ff5b5a6fbbef4fb0c2334c65931cc,500e17abf218a19d1f85a5aa2e19736e46909b126d4b07e423b5a8fd9d82d4fc,5806001148572679020,12.0.0,fov-crop-224-v1
1565,1565.png,871f25e5d93e8f6ec473ab4c16b1998b81cb72002757027682c254cc63ae9086,2da0d1382fccb228fe56eea9db44730454fe6e5d2adf7c500308bd26971e62f5,1554676796352724324,12.0.0,fov-crop-224-v1
1570,1570.png,9817ef5125760aa291953322ba67b7aa17ee43566de49d763ebfb80cc46cdf68,fc25ac4d53a7b69f92d2b5edc579b3c28319651fe63f7eb69786e1717d16e4f5,1286422167404821157,12.0.0,fov-crop-224-v1
1582,1582.png,e81116b79f90f6800683cc244db5554dffeeb001764da3ce47d754d6d0b68075,5e0b4948059c7748a62603e3cd33908eb1161e7ecca96631231e8d661c2d9eda,4724590806243420733,12.0.0,fov-crop-224-v1
1584,1584.png,663f55e67099f83fa048c3debbd967cf07890929995a9dd5b79a21dad83e13a8,5131e8612d6454885bc769f889c9d3a338806f559f464560b19d82f34e25bd18,1538623746277533877,12.0.0,fov-crop-224-v1
1586,1586.png,cfd8972d2c207ae57c0225e7e9ab548e5a3ee6201ebe2ab7ebaa92815b248f97,546707de35f0c1ad4beeb0b76dc102b03640afc07229383bce9c0874aad7dc8b,1490808343781862701,12.0.0,fov-crop-224-v1
1587,1587.png,3b40ca60a2836566290a3821f496d98022ae6c7c695b56b38ec6a1be640a2331,f3fc6dc3f9ef677c2bd06dde65d823a34e947996bb37ee9af2e1d67e7b5d90b0,1572400743407577517,12.0.0,fov-crop-224-v1
1588,1588.png,90bf2dc33e10a2f0273971fd436333bc4cc9431a796962483ce8e68110c05ae0,5a196f0b9fdcc4b4300eb8be4d0781e85f8aab581b08232f92c6f829058d6e9f,4652534397873908783,12.0.0,fov-crop-224-v1
1591,1591.png,cc2bc4c7bc13fdaada7b3ee0c0feeb47fef2b6bf08bfb5b77b4348c9e368c612,e64e986899e86f5d3a03f71d9fdbb7bf97ef83837dbec5fcf9099cc8429b09e9,5805156839616965423,12.0.0,fov-crop-224-v1
1593,1593.png,345441c949c917508767feb254ded8797e2ca030dd04f79675e93ba3a45e0d16,37ce4b9944d259b450f856a813eabe56eeb6c0ca206f8c09d707c1cee1383988,4652252841290787631,12.0.0,fov-crop-224-v1
1596,1596.png,b919b48db6d656889bfc5d933da564448aecbcacc0ddab2c5784c001c62d153b,5b8c6c84829d91163e4d10d45ace4593237f6668e75aa5c314db87006cb0565f,1556075478290558007,12.0.0,fov-crop-224-v1
1597,1597.png,c8e2e9d22ecd180af3299fdefdd41d836f13416fdd25ef305d200629f52996ff,0463149e8c6949c70429faeb9924e6a1f3886dc85df6cbac9452e7d197753090,4652252836743167551,12.0.0,fov-crop-224-v1
1601,1601.png,91d8cd20bfcea43cdc5bc0ab6080fefba5188be2b82e616281153374cc2800fa,ddb4cdc5a8c78e56eba9f80ab414b3bfe07eee4b6a94cdf0004efd48f2ffb48e,5815571272017325936,12.0.0,fov-crop-224-v1
1602,1602.png,31b74835372b323207e6ceefce5d85bd255443f5ce6e609d76bff5fe50a337b1,7ad06719aaecf286c44b2e1565358313da219272fe771e5a0353dba85552c6d9,4661260006182431548,12.0.0,fov-crop-224-v1
1610,1610.png,69190936b7a44156a32c6cadbe3bced311abe8821c4e180d8b22f0428d6bdc9e,671d346c28fe5138fb2fa50404bac748de95b48f8ef811dcfd26ee839024837e,1570148944734202285,12.0.0,fov-crop-224-v1
1612,1612.png,9d6adbe4e10cd3e2ced0c0b07a79d378323ade262a42791061fe950a18ebc095,be462ce8c8e5e82348c12cdc59342b160bfca2f3a1760307af6c34c900bd3418,1545379850023692890,12.0.0,fov-crop-224-v1
1614,1614.png,0aca832b9611db8050d647a71e4e092e059624a56b31bed9057e245f5b5358d3,ab4cc63f1eb452d588142eb7092ef4af682987b328302d98fe4a5cb6b7f7d44c,1555512408081721961,12.0.0,fov-crop-224-v1
1616,1616.png,661d955c8c43b4608dd1d5a7ca0b10191822f12644b57d859c521e4a60160c08,87176592fe9b42b5efd977a6c4b497a745cf8f061f49aaa02ee6ca5b14bbd42e,1528209846708300363,12.0.0,fov-crop-224-v1
1623,1623.png,b41281313daf4d06cecb4102bb0624c059f03b991410a8140ec76075a95882c5,7f4c0e4682b290f6341aed427a93064bc7629b83903af6bda525ab37ca81389a,1555230928805396074,12.0.0,fov-crop-224-v1
1624,1624.png,c0b1d2f9fd769d9dce5d5582661903c843d3720bf993cbb7ca2f78fa008c47cc,273bf934eb1b280d3b1f532b3e81d4d2b20800c3ea68fb05375d996877b014d6,5823188469259713343,12.0.0,fov-crop-224-v1
1626,1626.png,4f52d4ee8581c96e538ab4983f15fb733872247a6104bbf9da3b737e99a1c2df,c960b3444595328c000d6572d2fb3e9b83b8ddc7fbd7a109a4adcbcf7da7bc42,1284122990545561663,12.0.0,fov-crop-224-v1
1627,1627.png,4468d785f2413585093933687c033ec94ec8e4297ff80f2ad7c8b0641c30d1da,e66bd2295fe5b91886f28410fa2ff39ce065f5273657170cf4253a749d50f190,1482330005305781113,12.0.0,fov-crop-224-v1
1628,1628.png,11e9676f1995f47dce5ddb9a0f23e397224d1829dba2d8c25e9f46ee006c91ab,10c88cb12c88c90a64cf1a2821781388e74f6d5ad2cd8f3a3cc80f8ea01ae03d,1490773160398515053,12.0.0,fov-crop-224-v1
1629,1629.png,8f79eed84ee8ff7120e67fdc0e6066a60b5fa64540a4f1440a236781f8968aa1,9d81bb53f8216dfe96d42cd423dc70878c028d0dc77c160d52c5865ec053938e,5814163952963053583,12.0.0,fov-crop-224-v1
1636,1636.png,e22e833f8d91f0b03f8ea1d99cef07cdcda81c04574ec5ff504b69eab94902db,fc33b01aabb3b004ad9c7a64043333b70da5a1a94cab59ed8b7b9a2c846676d1,1497811038831078196,12.0.0,fov-crop-224-v1
1638,1638.png,05a8cfdffcd2f520e209b779aff52b94782b1f26acfe8a1dac3aea382c30eef2,c70ed7ae741ccb8e2a71f40b569586f604f2a4c65546fdb850773431329ba8ad,5805429432591855399,12.0.0,fov-crop-224-v1
1639,1639.png,69dd829f98d325d9ccb1d5e16f93e01aad8fa73df5abfdf610bdca2c7559787c,f04ae0afc6305bf236b85ac1ad07d2e79686e3da2296cdcec3bc7b6a8c766e6c,1203419098234383660,12.0.0,fov-crop-224-v1
1640,1640.png,02576f2290df2bd6e04eae49eaccd99d4aa1144d014de3e319c46eeecc4cc111,4bd0e1359c1ab928467ecb56237df9d03722d0fd5d640095d44f01cc1908114d,40637191604365432,12.0.0,fov-crop-224-v1
1643,1643.png,db2e0c707f2f97174c91052ac5f4f3c33e22a2d4ed20a6b270b507cedbe839e5,472eab211312a282cb54cafcf823702907bdaee51e7888ed24f29b1fa62db28b,5823170877351538447,12.0.0,fov-crop-224-v1
1644,1644.png,45d3409b09d7dc61ac04a6abfe242ae791d81a409fdf05f340cbbc8d01d087a5,ed5f8b7b7b80b7880821c1b64c0befd9d67a3f6d45bd61e20cad2f9fd36c2aa5,4661258936483281455,12.0.0,fov-crop-224-v1
1645,1645.png,7589e963f5f4ce7724c7091e0659163170794d1c2effc9726056bfecd3896cb7,5456e78859de406672b4fcb3f4e1545d703119164385b2d3b616ba9927f68515,1527928411114515659,12.0.0,fov-crop-224-v1
1646,1646.png,258b72f73f9b960aee1098109631291372a14bf7d7e60e0e990f0ec32c9fbddd,48a487616102cb1d6a5f48d7e61c9c41963819492a4033ed9810669d96b46346,5780097204376513500,12.0.0,fov-crop-224-v1
1649,1649.png,3f6877ad925556ac64498096b31bac89c43d1b8c990970f33d2ff5d981c7db5e,b361f7a1c8f7c81222b14844b373375ac3dc179d8c52055f3f1ca649d557de8b,1562830753437608811,12.0.0,fov-crop-224-v1
1654,1654.png,9bfbb008b72b3eeb4111c261923499ad62e62d1dd8e11ed4f096dcd20c3fb3a6,df2588be0c3050dac215d37e04d7503621009846a734ca8fd9460f0480b705e6,67632090859912254,12.0.0,fov-crop-224-v1
1657,1657.png,4a3461e9dd6b3b196764db5969980a70fad83a6d96a2d37b3110ba8704112509,db66f99c0e5fa876547950a1eb729a08e0a6c916a1e0870f3fdeec91a380e089,1553824670866107001,12.0.0,fov-crop-224-v1
1659,1659.png,f69f4cffb0d76c8c4ab4a6544bfcd791fe3eb1f74b35ce4c6af7e09a930ff224,d683a68ca3be8ecb29521b837c4b471fa187ad5604b4954a899f2069e9b98b6f,4652252841018146623,12.0.0,fov-crop-224-v1
1660,1660.png,09915e9e990ffef0c9072e2e347e19ada37567852308abbec0cdd8f2f7122965,22d26e12b3ae604309039555ab1385115ebb70606301eb2c74c70f4ddc520f95,1553823695656348269,12.0.0,fov-crop-224-v1
1661,1661.png,5d34f453ebd5a3e240d045bad306bd74ba456a79e7c14d3d2a2cd90d80f9f142,fd4fc16e804bcc728b05ede9dcbb5d6b06613bf8c7b479c4c199b84e64fa7bb2,4652252837004273727,12.0.0,fov-crop-224-v1
1662,1662.png,8df187b683633b182a4f4a7ed3d9c67ee1ed2ef9da9153791637f922a8006a17,4012d744736f26dd9fa60fb498900f8267da4357395b09386b564092774aad3e,1574652544277949817,12.0.0,fov-crop-224-v1
1663,1663.png,a9f1c59e47623be4080f7ef78b0393f9905c8578eadec6b269d84df502c5eb3f,d944f0dbbe316f83274dbb87b685791bf6e434e37c51cccdb8ec67e12781d38b,4940513999284942895,12.0.0,fov-crop-224-v1
1665,1665.png,c9e14b17dbf3dbc9c73a76d373729ce0c633c4b61d4aff876893d69446138543,ca871895e1455fc5e4eb414c0c886f1c05c74bd76a9924349fe0bb0c7a88b4ab,1279104994832509492,12.0.0,fov-crop-224-v1
1666,1666.png,7ff3a7fbf58d3c8799ad965e221acc752a59430d078460f0b005a55faee7203e,928cd65e9c653941e81dc7d2ef91cd3416f66f6ed469b6177a482a2e554d48ee,5878339232967059836,12.0.0,fov-crop-224-v1
1667,1667.png,0d3a6096952bbb87862dc8ec322353ec4bd04dc58ee8000de9b1da1a10c79000,5dd5822b530a42bdd295b746c6023d766844500a927696899d346b94d5163eaa,1564238128069306970,12.0.0,fov-crop-224-v1
1668,1668.png,a4fb5814591662c4718b634d1505412f98af5858aaf622e3f190943d9539677a,a0e5041449ae97fa3a8f722ab703a02a6c8e531b03c6d767bded6759b9351cb7,4670266964997863439,12.0.0,fov-crop-224-v1
1674,1674.png,ebddc3a3f5b5076fa1d275b3578e36bd0841f503f21176a86e62ae469b48a307,b79532b9b267651f38188fe601b8acf3684416ca2de95e1d2d89c306e8acb025,1564238198038080941,12.0.0,fov-crop-224-v1
1675,1675.png,755087c55e6e83aba6c2a186f2ce31d265379c7930c2ed5a63cba473b84d7097,14d418d6afd288acae713c58e37ba210f242c8843bd49ea30d6a1bf905fee57e,1572119139917130293,12.0.0,fov-crop-224-v1
1681,1681.png,cfb407532d172e7a1fe7cf9bd66a407d50676cf1fa545fb0181094ef4afada54,6b2ff9eabe8b9579b305ad54b1a7e22cc048ebccc04fdc11de81ce0c016e6a44,1555230929074875978,12.0.0,fov-crop-224-v1
1682,1682.png,1041e6ed74383e301323f24f74570802402831f3bd0e5ccc775cba229a1032b6,62c2f10777d3fbb4fe625986d352517cb574ec125027f712dcf1b0775e228c52,4724590896437148781,12.0.0,fov-crop-224-v1
1684,1684.png,e40715b45dcd5ada7afd08996a4acd34bbe4fb0620f33db96899e99a8246fc47,76a54847852facae05027ae7d7cf839ba7dacdb03dfc4d887b76f00a1df5682a,4724309318385286717,12.0.0,fov-crop-224-v1
1687,1687.png,94ade9d07885bb1dd01c87ff051e69bf1afdb723e8c067cbb16c8b49b07022d0,fdf24f1aab40e9a82e270c74a2fd847a91be59d72cb2f739cdf752e75dc3216d,4724309473001094241,12.0.0,fov-crop-224-v1
1689,1689.png,fec63f3c0233c14bf87d9e25040db6cc7b111a8e9b739c379ecc34c5f909bf95,22926fe7d603d4057248fe429a6cd096853a6a48c7f456d583d8ae4b84474438,4941068277682813289,12.0.0,fov-crop-224-v1
1690,1690.png,83370c5462d0251c9b0201f5d5df0b322d814e0b934532e8e0da12b55e3ecbf0,233c2c7ec359a67f99a1ac0f6b12b9deb18d83477c51c51380e18691d32f228d,8538675948645342,12.0.0,fov-crop-224-v1
1691,1691.png,c78d986f2678933db69d3d555a418af803e23ceb00add8122354edeb9d268634,8f74e8382da1b82fd014ccd193289b4f69ce715ae33bcac26116cb3026981a4d,1574652544360802869,12.0.0,fov-crop-224-v1
1693,1693.png,58df9f1cc5bf5ad50915830e46dba578f363244a046664868c37499965a001a8,c200dd4fa5da23f9cbaad334deab94c27e7f13e2befa7b20956edc272e57cf40,1553823558486354479,12.0.0,fov-crop-224-v1
1695,1695.png,2c0cf762a28b9e12107ca136fa261edd1f0c6c0ad798bc02731a30f07315d681,db4354ae45c2efae5dc7240aec05acd7abf94e7836fbe4fe65e82b60be600087,1570149013376035126,12.0.0,fov-crop-224-v1
1696,1696.png,f7a4f92008215b113e332c4898d06bd6e7165111cbfab73a62b938d219276b7c,0c51b20979ddd8abece8927e9c640b38a37255745afbd289a1a3b2a055a7f5a3,4738418380446726692,12.0.0,fov-crop-224-v1
1699,1699.png,4825ea7d14ff40b5c9843b87003e6e77b8afab357fcaeed3aca2f4ce00428b62,0322b9831e9884a2545aa0e6add74aa561981b5e17eda8c16217296e3bd9a226,1567369456646765836,12.0.0,fov-crop-224-v1
1703,1703.png,7ef9739b15d71e02a5831d1b160014ac2f859f522f1f6f6513fe2452ff58c2e9,fe47d73c569e09603c27185d4ac6a20b93783506ae4926d4b5fcd94114393726,4652252841289727805,12.0.0,fov-crop-224-v1
1704,1704.png,b58732985bd2c173b577e612ac4b008077e7ca83263f014d9568a8a75ae62a5a,7695a3d2a2507c53c986ebd2e2eb4f0a3591fc0f133994db9ccc4b8fd8683f39,4738136583342094396,12.0.0,fov-crop-224-v1
1705,1705.png,9dbd4995f0f1ef962e8bdafa059fb0808326dfecc2369e750dc887d27273abcb,a5915ff757ea7e5bc96292c5b1ec50868282d28b598213236e10e7a993ca1fa4,1554984642698111085,12.0.0,fov-crop-224-v1
1706,1706.png,beeb27947732aeeb7cb7998c4239799a864bab96b6774e755a5ee479009b92b6,397f17116f0e82daa18ad3736ed2725fe9f396af98b4801e4e676ee293f53650,1563674882026924597,12.0.0,fov-crop-224-v1
1708,1708.png,fa1a2836dd6c22407ab2071397319cfda2f39c0a51862082ee11cce5a353860b,240ef8cf99e30bfa7bdeaf2922146e04b3a9347a730c02a1b7069b9fbd03949d,1555230929083263562,12.0.0,fov-crop-224-v1
1714,1714.png,9772b59ebded590c747eaafc81a347c878afdbd71d2b224013c6289b269bcb9b,a838409e20e3d47ddf8df4d60947bf6c486aff75825d6aa43202f9e13c38a993,5805438207209191535,12.0.0,fov-crop-224-v1
1717,1717.png,371cd94503a6bf91574c16c3c39fe09005caabb94fb32ca3bcb73d2955fcb0fd,14298ea2eaed606509c5e64fb667edb967135aa4e3e6cbe8f9a88e6a38a36cb9,5805719819624136303,12.0.0,fov-crop-224-v1
1719,1719.png,408b7e383b2be43df3b36cd6da655edf14d9b159b97af52e86c0a924fdd3074c,750be151b753c0d9f125b6d39be290187d5d0672fcbe58e7cb3f24b1e2197c79,5832178076607080461,12.0.0,fov-crop-224-v1
1726,1726.png,3385fb7ee830f77c54a4d33d8ef6e4993dbf162ffb09752a2de12b461b5984e8,573eab6754598a0d768d2b8beb759fba73a5b7676872735b6e1c7e97d7c4c37a,4652252566413393455,12.0.0,fov-crop-224-v1
1727,1727.png,8776ec31293eaf7fbabbe39a2f9630c45276d54515a4737576fc75eedc180fa6,aab6387947c4360fbf759a8f59366f1ed67343fcd4a8de3fdac3018384cfc2a3,1556075478494374957,12.0.0,fov-crop-224-v1
1728,1728.png,4b82aa5344b9d866db9ecfab8416352360e72031dd056c6b780027ccab85d384,31e94b6ddf176abdcdd54622f7a5020c3281ea687b2a57c551d280bf5f8c196d,1482928285661030761,12.0.0,fov-crop-224-v1
1729,1729.png,1c1737f6cead07338a675c806a26fe68e379419343afaff1b416f8ac1a7171a3,4c6b0dc97d036fa56567d2ff5a6f7cee4ec5845c8cc296e6bd5fc6ccfaad75f3,5013133237542156344,12.0.0,fov-crop-224-v1
1730,1730.png,0bd8dffad71b79ac15db58729210cae42abc3c7296ccb00d6fca5114f45a23dd,0aa97b428207ddc4d6cfde21ffde6b67556d3238cfd0927570654acc52a3ef4e,4727124033789509345,12.0.0,fov-crop-224-v1
1731,1731.png,bfb5b8096d16617f873d2b0ca8ef61ee265ec48d5cc608a575d7eae6c25a47d2,f225eca9d92ffae73a94c30c4abe996c4c5217a6abef6acc209407b4286521b5,4655331555447631712,12.0.0,fov-crop-224-v1
1732,1732.png,ba81de32481e68cc89f31c0ab48240e0e275ebd986bd39be4b13a0bd339dc4af,b8ece260b39408b93714f817bd7ff789e42e65dd286b4dac72b8a8149e8e010b,1211871898819718578,12.0.0,fov-crop-224-v1
1733,1733.png,cea7554a607ce8b46291ca0382a83d27a0b4e998c92c83e123558539a84f714b,b156ac4c1b43cb84451546cf1a3d04295cdeab273c76dd913c95ea0464032455,4724626128062462060,12.0.0,fov-crop-224-v1
1734,1734.png,3b1b68e5091dea674e3163d27e035bd0a4f3a49bb4413775f015a41ed4c4b450,1485aaaf892777ad8f6906f8f629b3850b2ca4d37a4395467130dd9abcc685ac,4661822985942953021,12.0.0,fov-crop-224-v1
1736,1736.png,54baf33ab3528cdc6ff9c04dac5b6fcb8ebd650a3dc80bae7da74df961c4d0f3,2a2c67a59ba3ee03f285feb649a93dd0a895340325141953f57b96f119e1f2f1,1482611621950810473,12.0.0,fov-crop-224-v1
1741,1741.png,93005cd75229fe1695eb3547f6ee99b5ee0fa121256d7ddc088c924b4f55a7e8,c2fef45e204d71c32791a1d2dceaa5bfa598e21f47b0042ae7ebc1d83b9efa5e,389933162414635666,12.0.0,fov-crop-224-v1
1742,1742.png,22c66c7faf72c222d47e177ff6923704e9067ebdfdf65e5b6d4f4f73ead2087b,26a76accba2bdd169e015cccc5cdc06acb692594ea20b824ce78513741300cc5,1550447280325880696,12.0.0,fov-crop-224-v1
1743,1743.png,18eeb2ed60b90b2c1e1aeb9e9be343d917fd4200cd9e2c07c046da281fa28fc7,b86685d8f90b9954882579dc6d4cd078f4fb93da7c96a68273b5d9085bd8e428,4737820409326025330,12.0.0,fov-crop-224-v1
1744,1744.png,d420f93ba8674f52cce8ffb1bcfaf5c96b0c3e03b45f4fa47ebf71e9d8d14d5b,c02e616c5335ab82c35bd68675c07c575ba1267de3d9cb37bf43d25e04aae40d,1478389102239575930,12.0.0,fov-crop-224-v1
1745,1745.png,c7a7b5ae1b36e5880f2fe0bb0d056946bc50fdf49bc462daa188d680a59ebc24,d435f2808059c8f7076f38cf6299ce978d1b52efb986e2c6d427803d424cf789,4665762299890318878,12.0.0,fov-crop-224-v1
1746,1746.png,04ea27a5a26252af16410ab243758a24d095db2d70ba51edcc1bf4f6c9108553,b1e0f6000d186fd070120c90c9fc3cc77ba0a9aa132695f038446b7d52093113,4738101953027062328,12.0.0,fov-crop-224-v1
1747,1747.png,85c0aa705daa23590df13f32b0744497e2006419d406112d6bebbf03f27f1b8c,a5c2cc6f575dec5a5a350076029d7e2f89a13a538d6b0785187fec3c56ddcd80,1483168459639122761,12.0.0,fov-crop-224-v1
1748,1748.png,0b21e202c67eb4d82b2e3bf9ecc368709fcca22f9f07a45613b0a34f54cc974d,6987b5a262b1dd112d9b232eb51fd3fb8c0a262caba6b92ee19fc5373f9f41a8,4738101398977854008,12.0.0,fov-crop-224-v1
1750,1750.png,938460b5cf659427ded79d9c88e2c87721591b39aa3c89c732a2f03d721b6b64,3a01ea9e9169626b1ed6269faebb41d4340c9b7adcbeb8d38474d16c8eb51d55,4741479541075753550,12.0.0,fov-crop-224-v1
1751,1751.png,db7d3c54cd2744cac2217ae6c217c124fac1a99a94c4411b240a695a9eaa8663,3cd7837a6402bce08f1116f679d391da2bb21166f3c5cc334f769e7b7bdda33c,4655886319259429618,12.0.0,fov-crop-224-v1
1752,1752.png,1bf56f2c28c0577951933f2d208771834a8b587163f12422463fce615e258ce5,9ba92a528e0c431961340941d2f292e36767316059d5e6ca5cf903005f1546d9,1555249139383216475,12.0.0,fov-crop-224-v1
1753,1753.png,f940b6ee8b54547eba4d0782dd73daaa608708de7a26a1835f8bfc445a492892,1951b9b6b4b4f1ed3419c226e5f96e6de2cc73a42c41ffb8ae66687fc9b0662f,1555243904626485835,12.0.0,fov-crop-224-v1
1754,1754.png,970c4fe9a95130d37087e68c686f849bacb573e96ed350ae4dfcd051ca728a4d,51f7da2c77e8ffa074e1b1feed2e7777fbf5e112018511abcf072d2605012b1a,5000434388811856956,12.0.0,fov-crop-224-v1
1755,1755.png,aa92c5f2ca716b3d2a76ef345e0de65dd6b922b0823aa006c175d24575784ea8,0541ffb22d4d933c440ce3e3a61a0f084722c2bd4e081107da08b3c980b52d86,1559734876603968074,12.0.0,fov-crop-224-v1
1759,1759.png,97738af3a5d0e70bb40952b3454d1b0e6825ca54c07ff0f7238a2c5dec570c5b,bb0be250aa780817762db1f2987cd4840ae96dbd2e9e0a75fa1e2d741c9f793d,1478671169921642330,12.0.0,fov-crop-224-v1
1761,1761.png,5aa9f2aa6ca20a19e2c7f5c038ea946a4e7cd4884a9ffce91704605e4b830866,145b43bf6e0cfcd7d8be837cbd896787436f91f12940e6043fdf4a67ccc86052,4738101390387396156,12.0.0,fov-crop-224-v1
1762,1762.png,57b3aec0d9ee4e7560b79db79203012eded132458dac13d7dd7ef8bc6804cc17,d3f6e09f39446900659bda0214d835001c5bb909f45c935151a24214d57ecb04,1170456396304706755,12.0.0,fov-crop-224-v1
1763,1763.png,76ebf46508fb970a62d839cc5bb5a09924a98f4a46310056f25ab1a19c3139fb,665e0e2677a92675e1340309e689a18908e61df493d1017c039ab376bb2d4bfa,1641347222273798507,12.0.0,fov-crop-224-v1
1764,1764.png,dc14f375aa04b0e4b7bb305010897efc229baa113a34e7d325b7d82fc65c219f,224a8337edf95dc3de624c0e5d5c8e346a5c23853f879085242f5264c1e62ce5,5026331710743067164,12.0.0,fov-crop-224-v1
1766,1766.png,0744738b4b91cd881b46e0f5dfdd4c0ee32c5b08d7310ac4ca045454af09c2c4,900b1df4ca44317869062c2dd1fa7b7fbd9e1b1df5654cda10a137935aece4ea,1478670839205752649,12.0.0,fov-crop-224-v1
1767,1767.png,e2ae79fe270f0c5e1e8f66b62e7b0786e908943f9c8bb7ffab7ab88af6423d34,51ceeee7fa21dd6800e080c4f6e972c5ecdf7ba7d31ccfe822b98a4a7df96d19,4653659975653670754,12.0.0,fov-crop-224-v1
1768,1768.png,e6848b5116d1bffea2b9ebb5bc4006a2dc5091febca5f3e68d841230e0385784,89d8be5037315b03ccf5c4cb59a3e6688e9bea2b7ac356b69d9665deacf89acc,1555231547217292874,12.0.0,fov-crop-224-v1
1769,1769.png,90fd1033d9da3d95db539440fd4c2bf8cfaba5a07035799a2c5568a7040827de,8b90b6f69a7e5795bf9d46d8c238a2da5c91762c3d83a8a3ddc2d6bece2edcda,4721212900432886392,12.0.0,fov-crop-224-v1
1770,1770.png,4c97d547297c49084486c99d5c903b7fdbbdfb55c960a39ebbea8fec13f3965e,4b5ee50bc824db3dce58cef86f82d32a14aa749e4ee029d6515b8897186a5a1c,1483175026718568026,12.0.0,fov-crop-224-v1
1771,1771.png,674d72785e8b51acc6139c187670bf4cb3151f0a0f25341e87f4af7e6fab53f2,dbccaeb379f6a3d29cf843c65fe209652bca4455b5b97c2de9b1e2f6d109e8b4,1496408521490451273,12.0.0,fov-crop-224-v1
1774,1774.png,98f309baecc0360ca072794a44a11c35479e9ff24dabaa6a9a2b37161253f4ad,e0159aef650cc8fd0cdf275a622db9abda116bc4897f1719dc1f4f4674c4d36a,1483174438833122121,12.0.0,fov-crop-224-v1
1775,1775.png,712475747bc0df5b817237c51868a42e2364ff1e8db3cdfddafbab2c759056aa,327df2c9b50d3fbc1cdbe055abf20b86a36f55aa1977efb998fc91861bb501ce,4738101948732620312,12.0.0,fov-crop-224-v1
1776,1776.png,a2f108dceba4f19d08a8179c655af1a9987b8ed3f91734cdc4194a09c354bad3,cec4cbaf6fe399b925b8764ef54aa21f1fa3dd42aeb0f42ba04d67ffaca87de1,5028018417442437176,12.0.0,fov-crop-224-v1
1779,1779.png,eac7890d24cc38d1f58f6541fd0193805298aa911161ae14b7d22d312b53d23e,3dcf67a3b3e2fab224a5b74c08ca609a52bf5a843401f8c79a5ac387a644a8b6,1478671195686792026,12.0.0,fov-crop-224-v1
1780,1780.png,9e43e49984d84907b07388f0bc8c2957a4d0a521a63f8ca3f73cb54d46cec2a7,190636247ec0777aab44c81591d887c3222b0714483a1f808220ed08e8df5e0b,1482893032574709609,12.0.0,fov-crop-224-v1
1781,1781.png,fc03b61313494272c8ca3463103a8632e967147249b5632ed6609ea2bc8c505e,0ac24f5a393a1a15940f278b65339103da1570a293eb0d0d323be7fe09b539eb,1555232342112102986,12.0.0,fov-crop-224-v1
1782,1782.png,0bc238b4568757522d6b2d12fad2ab5c7e0dbd55867cc61d0de11fa4c088ddb4,9c7df47b87f2279cdfd750c2c993cb0cf0ff4415fca95dc45ba24bfc583e8fb8,4642400413766925846,12.0.0,fov-crop-224-v1
1783,1783.png,55caa6ae200e5619cdd8c0742f44fc646fb24a80466fbffef06ada307800cd6d,eacfa7f37a28fa89f718111db50298b43e14532759d21c6323f30766ed70762b,1489930151806004058,12.0.0,fov-crop-224-v1
1784,1784.png,de70cd5683ebdb50cdfe20984017aa4d96aa53c407735153167afe74098debc1,b306b373bda8f3b54fef8c6b051f0af305d92b4e22ed1995b1af9747d2a9b9d2,4740072264972844604,12.0.0,fov-crop-224-v1
1785,1785.png,f604d5128ecf78082411a19864cf5872689cc0d01edfb11d1d133e380c25ebb9,c3186a750c75cb9992c044237fc675ac3767fb9794bba9c67630d03c819558d4,4738101402995472986,12.0.0,fov-crop-224-v1
1786,1786.png,804fa6a72d16b80281e5ef833f52feaa9d3ab79b417947a569cae8e4d06f888f,3489ad3429853117d036a8bfe1b0cf27c36ccb4dbf0272b90a1bf1348d1a7716,1543972234411929449,12.0.0,fov-crop-224-v1
1790,1790.png,7148acc3fc152d9c0bfbef8b4d8b3febe3ae902adb84b8d3ff4610ab775ce44a,9e5e05a0850590c1f76699cffd9f202470a4ad52b44171d885d6a4074ba494a2,1570149561606487602,12.0.0,fov-crop-224-v1
1791,1791.png,ed7363cc843d9056faa6570e37529242a4bcfed22608a88e3456b55854a854d7,90e5cf62778d871c2b460971b01d14987472c6454dc02061cd4cc1deaa2c2aab,1478675580313292361,12.0.0,fov-crop-224-v1
1792,1792.png,21e94c9032ba479cbaf249e54877cc4897b045723056f0da1083172a66eb287c,a4acb49336ae04f8dd99136c8a9ddda3672b6fed25a430d6fca4b703dcf721df,1483739595796015977,12.0.0,fov-crop-224-v1
1793,1793.png,977d57d5c5ffe7ff1f5005ac65494cd4a0dd9aea63254801f8d8911666accc3d,1a3ccda6d7ae068d5415f194676094e912bba9c31d6e68cf8fa9f686975f8a32,1531037799130622734,12.0.0,fov-crop-224-v1
1795,1795.png,b4d5eaff9c9e76d9198287eec104a09eb9030219ebb6b4514286fb0b1350a32e,e25a072c9418271f8996599758d6d6195f8e7f0e8f77c0d749ae301d38f3b16b,4740072166195935806,12.0.0,fov-crop-224-v1
1796,1796.png,472bd17b80cd8f6030e5aba1efc0fc850139fb590647d48de50016f70adefc69,8a17e2bbb088da32d03d7b6c0d31a5805732cb63abf34f8dbd4fec1e9389997d,1194949040476417387,12.0.0,fov-crop-224-v1
1797,1797.png,60fa0b18ecab22b3ed4d19079b9c02a2d3ed6f0475fe8d795cc8a07432dbd481,215d8f7e8a9f71f54e6cd35cbec11f5b655a524979a287b86076b21fbf505d51,4742323974579109422,12.0.0,fov-crop-224-v1
1800,1800.png,9a588a2a4ec7dd5be9343532ecb8404a400249e400444ad777a110043398ff54,fa2114d652611b480238829ff4882c33c9bc34093d51aee2479ed4bf4bd35ffb,1569585993648851519,12.0.0,fov-crop-224-v1
1802,1802.png,1ce83f64ac80fbe06dc51b536c6b3c6706836b1e45b28161fea67c991976ecc6,714c531ca17f2f652b2af547c3113e4cc9e9828e9751936adde56334a3484d7b,1263644655189245726,12.0.0,fov-crop-224-v1
1805,1805.png,107cc90669919fe8c8a8c947aea191cb967c4194a8440aa3222617e3afa1de59,e3647563c91b8ce7ca30411b46019d9cacb791963a94eadd41df5aa2573ca8ce,5027453268466285080,12.0.0,fov-crop-224-v1
1806,1806.png,20763bc10ed55f6ecd4b5abb1ba6a9093bcaf594e85aa06e1ccd7844cd2844a9,7723253eb0c65dc78641a002f715b38a5502395e2036bc49ec2e6caff81097e4,4741479532477692611,12.0.0,fov-crop-224-v1
1807,1807.png,6739723539ad3e87cf6620d182b6e1ec7e40e1f50d5e45115ea9f294c69d228e,2d07a778198f996ebfc378c76af6c9c01d56d4d22289d27e246dcc350ccbd303,5808816070140309346,12.0.0,fov-crop-224-v1
1809,1809.png,cc5ad7c58d44104373fe8ea8a34080758d5b8b9ea8543ed3e55d4b181112764c,8bbd2203edff77a2c941dc08a3081dbd50c606f847b89e0439d7fc661c025552,4738101952492157470,12.0.0,fov-crop-224-v1
1811,1811.png,fef6e0629284e033e1ea526ddc74e97516d3501e78d1dca32f60cfe1ee561135,1f89ecbd3ece8db0e6c36591b140f0dae4271bc2670eda5e07ee1b22a74d07dc,4738101940142161438,12.0.0,fov-crop-224-v1
1812,1812.png,d2b0357570fd40117c83e1c83166cf7cb2ba85f6cf0c6fcdd69a0447206fc9eb,1b88caf54573e0b2fb6798ffdd19104c285205e556b7c6d938d97f345694409e,4655886327861623394,12.0.0,fov-crop-224-v1
1814,1814.png,b183860076ae5c26479b1e939875b22215aa9f0d60a8f5779929d407ce17bad7,71bd01d632e9fd3cf8dc320ceb59299f35c436ce8bf2e1c5eac6c935594abf0a,1190444654938188634,12.0.0,fov-crop-224-v1
1815,1815.png,b76a68390c3011416e89eb7cb4690854a68eeeda20d5ad99c8948f43cf57b198,6599fa769ac5aed1e876f009b4d1bd14fafa3700cfdab10b35f8b1a8288b910c,1484300867016223538,12.0.0,fov-crop-224-v1
1816,1816.png,e9c05163e00802aa675676cb8ee0826b8ce056d3d65d399626eba3f3d1eb227a,4c181cce955168ac1e64d8d4d0e29199159748b17997f4141beb04488254380b,4667989292294830622,12.0.0,fov-crop-224-v1
1817,1817.png,efd013f15480efb21b0c62fe70908f18c6506d593c0081c8f3d7ae6279258fca,8fd5a76300dc02798378b07c6354eeff1d48c0a83f2ed6a5b5858f116b9a73f7,4738101390445853496,12.0.0,fov-crop-224-v1
1818,1818.png,c3cd755d57e33ecbd87b8ef1362ec48fb888d7f5021b82ad8c81d94714dd0888,cdb6cc43bca937a3a77655c8e8daf6c0f73e53ebcd4b1b73d61cd913fcb0abc7,1483174224085805930,12.0.0,fov-crop-224-v1
1819,1819.png,6cf471ba42796d2e14841ac6479ff87c913ebcf7258bf4276e287356bab21d08,3b83ac8e6825026c0b64399f244446066c3623efed47f2e203085b0d54316d0e,1478671174218181481,12.0.0,fov-crop-224-v1
1821,1821.png,460b27e04a6089daf5fdb6c53fe7f8efe295ed1d23c20c785819e916cf4e5c0e,ef65af7441024c5f89498796320a6963875058fad51609326b66b3e8f9dcd9bd,1478389432948518505,12.0.0,fov-crop-224-v1
1822,1822.png,def1e379d2f50daa51dfde30243ce37ce051c229374a9c7a333336bef2212333,8d1923fd821887ce4712524be3e90a0c1c2262a4e619789f8db851f895c8d847,1555236164022725466,12.0.0,fov-crop-224-v1
1823,1823.png,f6ff9e8dc5354decbf1cef66187be9299a61987355ae82c1a3aceb3670404e95,9d03f925df53ba0bff9f2b6aed5d1450c60bb4ff09f5467bc44af6028efa4599,6095911767471958906,12.0.0,fov-crop-224-v1
1825,1825.png,694bff02de9069be187b8ed0f10c662493bdca66a860d054f5a95014f526b35f,a62ce913c8bd779622b2458baef24d8f8070ecfc8d200b7015f7ef2059b8a30f,418927327972371052,12.0.0,fov-crop-224-v1
1826,1826.png,c80fe585cf2a9bc38f2b0737e5ae19c14121060c1450bcb6b20fc99395c950db,162184481ba9dfc6950e8066daab82ce33813468eedebc90806e67ac0aa92e6b,4629498038344236739,12.0.0,fov-crop-224-v1
1827,1827.png,72596610517592debee7451467d249e36fe121180fc0aed674f23fcfc434d9c5,2ffaceba2586e5753e0e0a8054a031ab504fb4a36ceddeb14163bd21adf4d3cf,4697569547790793246,12.0.0,fov-crop-224-v1
1829,1829.png,f13f57145888b3884d4f726083e9380c56d5d9214a76e1b33fc57d26ed6a704d,6a7b358ebc0e5d63b00c9d3ad9e07ebc71a1402fbe03e404ad589bf3388fe2f6,1570148943602281014,12.0.0,fov-crop-224-v1
1830,1830.png,528964f2c14454191148de3b9d159814d3bcac365e561283be3d08eba3c83b12,bbf7e12be481e0c9d86ef394d7fa04ef82b93ba14a6058747d28e5c03c32c1db,1552979721951275806,12.0.0,fov-crop-224-v1
1832,1832.png,be45839b1e25ff3211a13d6b7bf548ec074930c86db47e280f06956dc67be671,530309fdbaf3f6ff1c63e6484d2b1e820a939fc74d0f8e40e75c57d46cebcc7a,4666044354694167102,12.0.0,fov-crop-224-v1
1835,1835.png,7283ab5bd0e45e4423af62de8ab76493ef5e0cdea39cbf55741b5b27b720457f,7f6eca63de7607f26353d228b307e421ada03af0e37cf07bded86e974bec98b5,4711643291794488862,12.0.0,fov-crop-224-v1
1836,1836.png,ff53972dbe2bd9dc535e816d82fd32761efcccece847c9259e2293666c5e3395,18bf7476fb66516fbfba9848306c348ec12b5df807ba500e13de01dd1a8b26b8,1478670907917102649,12.0.0,fov-crop-224-v1
1837,1837.png,53469da1e32dd9f07b5bd21bbd6c064748e7ed17ba731021ca980647503b2568,4a6110c487a61161042bef25b66dec5ac7dc5ae13259934f38575c8d49a19169,1194386068509716329,12.0.0,fov-crop-224-v1
1838,1838.png,2e4295c2b91ae752de558ab6c43958120e473915de54d26961b39d1d8c1f4d74,f369b378ba46f3711ce06b8178960dda073365fc5bb077d0a95905da0d021d5f,1482892963859819369,12.0.0,fov-crop-224-v1
1839,1839.png,c5989188c36a649ba5dc6cd87da9d1ab48d545ab1bb1d1a1c16f0c19be8bfd3e,6358ed6872833e286fc2b19a4824aacc1902a5bfd7408453d6236028b734518e,4653660357901893600,12.0.0,fov-crop-224-v1
1840,1840.png,eb53ea7edcb9c26a1947a86a6f621db34f6fadc677035cca6d45eddb5ef5ce09,dc81fa776cf31d5bfe66005e07f8f2929d7d355357cfaf72edb559d46a8cec8f,5878611872685111931,12.0.0,fov-crop-224-v1
1841,1841.png,9573b5d7edbcbbe92f3b5f6072aaebe60d12db961152b6d4d19605b78da353fa,0998716ea10419f3ea309587f7127e524adbe41c0de35f0e9d8aa8ea6d70fbe1,5009439153416976952,12.0.0,fov-crop-224-v1
1843,1843.png,fb29bb069842f5bb8317eea82d416fd3c36e5c167e57b35cc62d28d9d0d9820d,381414fabf455b9ac505e4630c23240128cdb7483d8ce11683952875a586f5a3,4642656672453770978,12.0.0,fov-crop-224-v1
1846,1846.png,600aa874ec039a4d7a36056d2d4103b553e06f1c9aab4e5e3fae6ed132f60b62,555fa1973cebc2faa80b4a73f052f1420e0e339ff845e1d903b1c65dd8a72a11,4665763983512517182,12.0.0,fov-crop-224-v1
1847,1847.png,1057e2f202e5c421d5637691cd20fb3b7af1a6488344c6af9b1e06a1cac7f71d,aefa88ed15b4e04bf4369e075fa97105386c77f5837fff2604bd482fb0bbd723,403435512546679386,12.0.0,fov-crop-224-v1
1848,1848.png,98c9305567a04935866d39ef54f8a9cfe546e4bbbdb983e0c4ab1786a93630e3,997b40134601a547102ca4815d72c457cf8c86b9eb83aa1281a3df54c3a1a209,1485426814167444298,12.0.0,fov-crop-224-v1
1850,1850.png,933969b749d9a0206464db0cc3edc5761a8457af521fc5dbecd4afecd6f11095,2838a14763beb70d4a8969bbbf255d9a61b1d926a589e74d9fb9e42c633d03da,1554949458384678475,12.0.0,fov-crop-224-v1
1853,1853.png,64f14817b730aa66edbceb35c0600d09414532479a92061c120b07ae67d000a0,9075361203b9b7943300aa6fc039067ddcfd1cd483859f333567ae8d8921042d,1560861828694044506,12.0.0,fov-crop-224-v1
1855,1855.png,91ab6f6faa79a0b91337b09a9d1190d40b5a1002a7f3b5b8da8b4dc74fab53a2,150c45adb7a46cba72dfbb7bbe4f7220cfdbdb66f3b2af27318a41625ec0bcd7,4738101334540761724,12.0.0,fov-crop-224-v1
1857,1857.png,1b1e4461931f1e91722694264ef0433577557ece8ee9e52f7ae8eac739637a48,9be93818e32588def5e96b1e264edd699310d19dbddae2e4dfd03da4d1448ee6,1482892955266477929,12.0.0,fov-crop-224-v1
1859,1859.png,0d3db6e7624a769001c8ee7776bddf89c972f86071ba3c0bc689f8870608d603,85eb70799500769fda97cd1803460b42b15aa955ae6baeead70c09e79ab159c5,4986992012581763658,12.0.0,fov-crop-224-v1
1860,1860.png,8bfbe3f5fbed036a11901f7b72e797e7a941b854aa5f7d0685fb2c5bd7e8bddf,5f5c02002b8bd878b3852f50e7c9e653fba3f4354c63363fbbee0be42bc81f1a,1489930087382215498,12.0.0,fov-crop-224-v1
1861,1861.png,6fc3808972f2ddf34cee5f4434fe333edc5c5276c770c343344bec1029996480,746545ce62694ac99883c8766f96cd1c155ec74330ed0a8e8a3beadd9af607b2,4666045445653609342,12.0.0,fov-crop-224-v1
1862,1862.png,3450fad3b628ef86303271e2496373d43c6d5235bb81cedd1b582992dac2b256,9a9bd7b11df6cba27373642466b045577323df67662b0490e7c352e38c35993f,1482892963856411467,12.0.0,fov-crop-224-v1
1863,1863.png,afd0e232515b6421798a735c99c51d17b96c6a09c46ef39fc7ba4a9a39b4fd3d,6ee2502ffc6c14865460d8fb8b483799637ac706258bf6d133e4bc9179987078,5026050227200014972,12.0.0,fov-crop-224-v1
1864,1864.png,7a0c69fb30fdc431be5415d32940f01ce750eb7f19d9e2143cbcd63f5fd7630d,76eb9756d0b95adf743d357e45be6ca2080a49ad59254097e47f2031563c1869,1550727093225941626,12.0.0,fov-crop-224-v1
1865,1865.png,ba1377e2b318267f87dca793f38c60f154ccc9d008dee16da1251ff093ee1de8,5b01979704b735ebc73f020451ce2f0d45cce0f9f228d02bc721f32b451008ca,1483174430243187531,12.0.0,fov-crop-224-v1
1867,1867.png,6ce1289c02ef05b7c4a143908355500b1fde8a3350676d1a163d8118d9087992,d2665163663e438df15be38406933a67ca875824a851c119f218171df06e8a8d,1483179188999580489,12.0.0,fov-crop-224-v1
1869,1869.png,d810df22aa35f998ddd523439f7b2d6958555ac0ea8ad6fb345f268505f743eb,4703d77460a441cecf11421e640a52ab95a64b27976b3c92a7656a9ae9717c51,1483178836268821229,12.0.0,fov-crop-224-v1
1871,1871.png,a22bccb7e02d6e2c5d4c31ae1b81a1449c98cc11a5484304c52e2448d0510ce7,7ca84a3827dfd3699412c1a46cc9e7d596b197594b424599b5b20d0b9f8d7c11,1555237027309054554,12.0.0,fov-crop-224-v1
1872,1872.png,88e8748a03775a3e5bd2a16fc55ebd2997dd3dd3473ed4bb354e68cdf56ca6e3,b8f650cdef297b7f2df0261667f0881525be05a3f2e5d0ac2239dbcd41efe404,4654206128062279522,12.0.0,fov-crop-224-v1
1873,1873.png,3f404ed95dacef45b8b8277cb6db810b0f6fbfac9e4e884feaee86ae8ccae875,c44dca7bf4acd02ec0556d4830f324af42367cebe10ba327488cc5bb99c316b9,1550728665171913339,12.0.0,fov-crop-224-v1
1874,1874.png,c2f6aceb74ec3f491dffb3d11a5d88d33b67e74bd7eb0cd5a24bef5e597dd77d,4b64bb5b518b825690c9e8c0f7fbd1cb9b8099a6d339b6ea0836da48e6c765b8,4667161977915317854,12.0.0,fov-crop-224-v1
1875,1875.png,23c124230076f2a24d63d05cd10f56364ea3c926ffd14895b44a783c7a484272,87be5d593a057377362b604f00a9b7b19fa2a3230dd2de34155a884da000be93,5026331766540155452,12.0.0,fov-crop-224-v1
1876,1876.png,dece91101678aa061f93c62fae1021ca2e2552d1b55427476603d5e7ba0fdfc4,b299e129c33ca2124bde0c33f707e9c8c8fcab5e0b9270138dca0b254d0588ee,1262502777189002842,12.0.0,fov-crop-224-v1
1877,1877.png,233f63b9dac69085735e6f06ba22bcd3ae8d1b392b99b0942921f87513820fc3,ff6cbe2c2af24e7f71661412e3aec30c6abb24fd07305c1b3ed690956e2b75eb,4738101940142160446,12.0.0,fov-crop-224-v1
1878,1878.png,5598275cf8b3f01946b53ed08f263e7f1c0a50d99e10bae879216836257f0809,317ee5d92a5d1f070c1464e4eb93442a492627cfbd65db58cc4e1f658ca82d4b,4737820374972709406,12.0.0,fov-crop-224-v1
1879,1879.png,95f8eac199fc7eeba2e27ef783df0d2b13523afcad34f4c4a7439bae8bdacb8b,6554b331186ba0155d13622959eb75ab4ece48637c9093a34c1841301586d550,4955401171912309306,12.0.0,fov-crop-224-v1
1881,1881.png,303443e6e0f2e3c103b08211f6bdb0d0920e35131c118da5a37eb23fb5119a5b,bffbf1699c6ae0b0a5b8b56f7739b81cbd28cb517bc55117e833f47bfa074e89,1478675048202661449,12.0.0,fov-crop-224-v1
1882,1882.png,0133109e66c6337ce12847b2a825e1f111fd163ec34d4d675230d85fb724e90c,8e73eac5e1091d3237f31b70fdc925fd6206e88ca866a0e732910c47dfc399a8,1567620548150324826,12.0.0,fov-crop-224-v1
1883,1883.png,5415a8369a5a6354fd9e6a425e7f3a61fb67268a544e8e109e093b1e33daf573,c9b7cc08961b5e6ff480f03b38d8ff3572bd2cc566ea36d81def97f1c3f658a3,1484863606515985204,12.0.0,fov-crop-224-v1
1884,1884.png,09f4fe657afe56255a6cd9af21534eebf461d9dc55c80a7135c4b51d57b87648,844966fed388ed50ee82fb2d4f9757b0391a13a8bb89bbaba62302afb9abe0cf,4737821573306333786,12.0.0,fov-crop-224-v1
1885,1885.png,c5d19ec7099d376911d5e3a9c614fe4063205ab7e1ab871167c5521c4bcccabf,7c00306ab9de9c65865fa8e3f0cc3bee1e5c904c08e33c332c78e54898c17220,4711080341907126904,12.0.0,fov-crop-224-v1
1886,1886.png,f87c7fc88fdde01395326343d7fcf3c56870b4595e890fcfcb1c3706af0bcab5,682646920c3fd13802c05ed267b83b6f46661e1372431833d53ad571a80125cb,1480922956305230682,12.0.0,fov-crop-224-v1
1888,1888.png,3dfb3ea74d0b654c8671c5fbaca7873e34de1d5979e6438e9b9957b3b40b662d,3329f5354a6fcbab211ce40010e8387454daaf2541d6050d7523dfd949ac9c06,6081349958489108301,12.0.0,fov-crop-224-v1
1890,1890.png,960ae8a30b69821a9ade69ad6e97274edd70de57ffe2ee9f16c648a0e63cfde1,76c8dd9733cf8bd1f8cbe7e95b24e748240a4ba0d58c82254b2c9b74e8786d91,1483170375185362523,12.0.0,fov-crop-224-v1
1893,1893.png,b9b6a945a045ef3e1b4bf38c2fd6a63ad83f948bbb40794563fe78f96799ee92,147c604829314cd6ffad678c30a79432fc103c0c9596a4fabb204493e35db4e2,5809378951370321888,12.0.0,fov-crop-224-v1
1894,1894.png,592642d1f9e04e9200418a20c84f75d5215755e5b484c1c49917ca703dbc6d96,c92c48888b16014e3c9e86e25659960a41ebb8d67a9d0a8f9a7b83785ef2c34b,1556638153376950821,12.0.0,fov-crop-224-v1
1895,1895.png,24698f11325aee0c04a74c6da327fdfec0c14fe0bd47eab7d19e09777d09d655,f6cc8e14f8cba6a2bff52f01ec4a52b2920152c0652e8c7aa43b7f6b0f76d55d,1574652612274972837,12.0.0,fov-crop-224-v1
1896,1896.png,683d725e516096796567b4e04a80c0845c4feb14ea5dc05a9bef4b21aa02845c,b73d83f1cd747ee0361cc9ebee2793325e91d25a0f4f01d770b54a1bb4490ddc,4654504743918452519,12.0.0,fov-crop-224-v1
1897,1897.png,54e1621ba86b2e0eadaf13b0ecaf5a0068ccde4f2ea88b79e6e95f1ec25eec8c,bcb9ea71eb1ac0ba53514fca0f2f2847455bc66297aa0adae4cdb01308a373e5,4652815876896931364,12.0.0,fov-crop-224-v1
1898,1898.png,cf1799d8c3ef4cd8cbe36eca28b8b7d78b75267a84d8cd97da6a8362c04e0c75,084034ca6a03c8f998ecde954198d8e4e73a474b98ec0b2861d86a052fa04a5b,1194139228694800745,12.0.0,fov-crop-224-v1
1899,1899.png,9e96f302773a4bc21e3454d49ccb53d127b28fdf75dff2e2d15db31b5f09a42f,92f9ed9128f196233f54505b392e55a537d07552f161a7b44d438804d05701fe,1574652543555496117,12.0.0,fov-crop-224-v1
1900,1900.png,d57abd34bd14b1fd95673ca5691c6b1e7db5b79d9e66f5c04b6531e674cf9d3d,0c905439490a1e472d46fd5d824a781debfdba6ef9f265f5bc211b962b752059,4670267102368721182,12.0.0,fov-crop-224-v1
1901,1901.png,9af98dd96cf32d1cd4d68a238f8ac69e6cc6c10dfb4eb7067dd749091cf290bd,a43059f9d059ba59db5c0eee3258400f5f036ce7438f66f2f03044eb0c832986,5782066734659546371,12.0.0,fov-crop-224-v1
1902,1902.png,fe2a835d8c1667e486264de6081fd704a2009739dd5ef0243dbb727ef8f71a47,5d2093e93cd5164d3524d6617147f3296f630619590f13320a93331cf20581b3,1497563592635739604,12.0.0,fov-crop-224-v1
1904,1904.png,028c44f8852f21f86cebf4cc9b25665ef38cc1319ae86682b84c6076cc8f64fe,d1d912b0f542fbf82f2a0108ac3d23ca345d21fc17b2a84086df03dc0f56d1da,1538632586322340497,12.0.0,fov-crop-224-v1
1905,1905.png,26633445ee6cfbb48b9e3c01472cd73bb0af843009ba57c8a0ef4f9a5f8ef93b,242f3740344c1346be0d2d3ac8814fefad7cca1b4c4180c1b20be8ebf21814eb,4670249372745234463,12.0.0,fov-crop-224-v1
1912,1912.png,103c2fc7e49046c51a2dd36331df57e5d7c2f995b61495b61dd70b0dadd76b3e,7dd82f12d6a4e641426c0c11fb8aad180ee7d78a982808fc0a55fcd7e968246e,1482928040858052920,12.0.0,fov-crop-224-v1
1913,1913.png,9a878aa8c5cfc3b348578ae4e4a52901dc2d1039f2d70467154288e50501acdc,050818899519dcde52aff83637a132d1daca9083a1fa6d4bd77d16f777d5beb2,1570149013394057653,12.0.0,fov-crop-224-v1
1917,1917.png,5c56617b28952d58cf1f60b938e4dd0c095ad69cca6dfd485dd0d10e36385aea,45684f595140bec4c94f885a56ada6e2e31653768626bf58e9dcc2c786a10225,4742887646083492156,12.0.0,fov-crop-224-v1
1918,1918.png,fcc28ddaba6f083b341bbec4b21a9c2d93c25ee5ee6c2a7d886a1b9203a11e55,7b17127dea2940f5e2631bf97adce5e86957013d605805a65b361e2f232d6345,4643245917005179033,12.0.0,fov-crop-224-v1
1919,1919.png,5a6fc6cafcd857153e3ba684d497c496c650d948773a3063c2e054b88067114a,8fc736808bc0cc5b0122c5babe642911bebbb2143f4d9b13ebe997608b78ecbf,1527365460174400200,12.0.0,fov-crop-224-v1
1920,1920.png,bcb4cdbc3e8c97d52c250078fb5934e2459c265f800814c6ad8b76262f731f3c,46f00b0181f9bc10fee29ef495875b06f856e1104bca31d78ff31e3a4a13b4b9,1482611626245253481,12.0.0,fov-crop-224-v1
im0001,im0001.png,f9da98176253f804736f8346c5e0a79f2b39a4ac274e496dea8913f56621b9e7,3af52073bc5757cfffca6b04a95b2de572091b9e37fa60984973bcfe1e45df7e,4734733242936159267,12.0.0,fov-crop-224-v1
im0006,im0006.png,2c055680a3fe69f499c3c17f63d5604ce5d18e86e44e5fc18aa673ae9473d29c,8f94555bca359d8ec560f27f4f338e54b3acd40df2d7a3e83ac5e95c2c663586,1553015447159516110,12.0.0,fov-crop-224-v1
im0009,im0009.png,d1712cbfbdc1c43b6c1f57f8cb961004800ece3f3c8204411e47627df3cb8404,9607ab623ee8a61f791b2550b066cfdea0755e0db789faadaa2f63fb8ab2e8cf,4670302148295161887,12.0.0,fov-crop-224-v1
im0012,im0012.png,812760c92edb8ec33717d15c6d20fce5113ea25a3f7e8b62d9052e7c9572bdca,3fb5b2b1f231bf92819b24a40d294055d9e9712ad1247346a5da207bb076e90c,5804580793311378613,12.0.0,fov-crop-224-v1
im0015,im0015.png,df7c0e17f4a6e8b633fb7e01d9cd576ed4d735d671ca95a1be6c4d24ef808bbc,ef8f930f93141739bcae2bacf8dca196a58bd2dd520041077ae7a1292dc03230,402362269685868634,12.0.0,fov-crop-224-v1
im0021,im0021.png,0db837d0a91a9fc4f75860e8bd9e4547ddc2ad9e2e0f4080ac565f0d37b88419,5c6848e264398215e39bf59a9904c0331e236d55bcce74a77ff9296b8b8c64a1,1563967833347353145,12.0.0,fov-crop-224-v1
im0030,im0030.png,f39505c838c84c1879a2e3957c15ccdb8ab7c4073827f813fdec69226605f121,9f1d04236a0803d405034c986e82aa3b17635f101f4b8959030713ee111c47e5,1550772221170576232,12.0.0,fov-crop-224-v1
im0031,im0031.png,ec276124df0fa1c2b36e6d4ad16d762a55908bbf874588b2742ab31089f2c3b9,eec80b87afa3bd4849d36f21272f146b396d56010bebcd29354c98ee2fe0ed06,1550482048146958390,12.0.0,fov-crop-224-v1
im0032,im0032.png,22e1f1166681fedc7c2a88d5a9f62aedee8e31c34836660e96d1e87970e613de,017f531ce4915dcb85e49835819bfa45fad1a993f5ca9d305cef38f4c3d200eb,4655911741117458463,12.0.0,fov-crop-224-v1
im0038,im0038.png,1042e58fc6ad770983f410d66bb4a2a522787c095ae5b9ba81b6eab7d954cb18,4790b81dd88aea73687e8e5e2a3f6debe602a6364babe43361d068c493533b9a,5781895557728581963,12.0.0,fov-crop-224-v1
im0039,im0039.png,df76475696b091523925da016b459c203a55f877906e4887fab4f84a55b9199c,a7d35fc4ca2d56539dad0e19ce7bc8fbd95bb8dd38223bd73b071d65b3c63a3e,1555248363070975589,12.0.0,fov-crop-224-v1
im0040,im0040.png,196159af70ae39ac4fcec34074f6b4f5df644552da58c91fafef6d3248b0f5d1,7a4fb3ecfbe19dfb6764c5d4ab07d981612810abb60abf0e0c06bef4fcbc7018,411366071598738026,12.0.0,fov-crop-224-v1
im0041,im0041.png,48d845bf818b26d6c0deeba2680d09f88be6a46e67a166dea190f58c4f10ac23,00eabd16c7c8489f5e50a143aab00fb70fb4be64963290c6777cf5e4f114efce,4671399430845333068,12.0.0,fov-crop-224-v1
im0046,im0046.png,5c775781ad97dd338e612d89e9da36f403e2311a7526278da03ac885c64f7359,bd0a32eb8595b4e78f2d7f2ef872791b65c954becc1ebdc8200b1d251c7d1e11,4624923868912451223,12.0.0,fov-crop-224-v1
im0050,im0050.png,71718e4d57414e3257aa0c5692d08604598ecf50ab3c0cc9b240de45ec4e088b,2b996ad07427e56392261e7adcc483790437dfa69dd1b63257693d8a07a70a9e,42033552852680058,12.0.0,fov-crop-224-v1
im0056,im0056.png,1e5c5a5b7dbd0d2dfa602b2daf22f8bc9c892a9ce86dc75a85cd31957c069892,5ce0a7ad81f581e8318fd20c3186c96c9647cbbadbb0c984399516b795541ade,4670280158068814968,12.0.0,fov-crop-224-v1
im0057,im0057.png,381924cd94d9aca769d64fc7144e49b415aad0518ead7bf6a1532e262b344293,4f047e35f887a545a91fe891703ea1e3ea7368cb90d2a905a2aeb782b641d820,6070580482881503051,12.0.0,fov-crop-224-v1
im0060,im0060.png,e47459d6082f4b78d0b346ef1b0ba45c65830925ae117c53af49fd5124d19eeb,e5d497bad742f4b1d2a6af2ea14cc7345445bac2781bfb8ff7caae832d6c2b10,4658736167488991944,12.0.0,fov-crop-224-v1
im0063,im0063.png,7cf3275ccdde19ed66bb55bbca9b689e3832d55fd2913a2e48c30a61fa2bdc20,370b1598095812ba827785b0600f7cf9f7686c2d074735f403707c4010dbc7a2,4725691361820047919,12.0.0,fov-crop-224-v1
im0068,im0068.png,f4daa1edff137f83b6835d41e177bbbec5c2232e361a8e40973f303674e4c35e,f46d07e356b22d42f97e1f868e3c34f6d54b9de4876e245bb1b1e5fecd80bc35,4653647063725800555,12.0.0,fov-crop-224-v1
im0069,im0069.png,12e9add4992277af7b09800d018614b45c39db9a7561175b85d015150c23eab3,4169ca777cbf39c1b16dbabc68b83288c8ff355787297806048b5c61612de275,6070301237004942669,12.0.0,fov-crop-224-v1
im0070,im0070.png,1de804d976e628ef63c4dbc6165f94579d8ce6cfc3042d2ee39f9e892d1e93c1,bc919d6b3d0d66f352bbebe279e23bac1ed7f630031252245f0a480194f078f3,1557536080646465622,12.0.0,fov-crop-224-v1
im0076,im0076.png,92da3e3373a1a2a732cae370462d4024504eecbd5da67c0042151adc9f8ea120,cc9b61e800637a0bad60699b694d4280e324488203c4fdf311ccd6d74c37cbad,1542846283245058602,12.0.0,fov-crop-224-v1
im0081,im0081.png,a4a0f792205bbf4657d4c829d05e3cc0518f15f02dcd1ed6a02e8137c3d9d85d,4a0d959776fbaafa01195e8ae050fdb3bade26f4083d14770fca61723affe7dd,4664919700590458954,12.0.0,fov-crop-224-v1
im0082,im0082.png,95190b53df3385b17b7ce7324ad6e8b9dd35d1ed0c63bce0667180dac1d06842,1cce8f08372135919f7bcb140da1a292606817f1eacc68f71a8c2626f1365dc7,116916299089214546,12.0.0,fov-crop-224-v1
im0085,im0085.png,bb52b45699a0128ae902a7a391ea7c4184accef69c630bf7c40c54614cd5cdd7,12f3096836bbffb0f5fcf3614444a5ce4fd9e7e62cbedea4c5a40913d9220cfc,4737881431483251237,12.0.0,fov-crop-224-v1
im0087,im0087.png,573e35c570998306e1278cfe16e74048f026e4bf01c1f7f37ee8ce0cdbe4c028,236eebc959b8ab39d7e94ad6cbe0a908d7c89257ffe6f9a16a93d213bc76ff4e,421212352933292581,12.0.0,fov-crop-224-v1
im0094,im0094.png,7491b804818f51055883280b698bbcd5e6ae45ca53fa5c1b5776f9c26e60f06e,841b96e5e811cc1757022e867e4be64c771d41c718603fd3581812888ddf62cd,1483117295095675498,12.0.0,fov-crop-224-v1
im0096,im0096.png,fd070a16f3151303ee4a8092a9e2668a923efecd754bb143c2275972ec7a63a4,4de1c56cd43242dcffb36c8347d92d9228eb2ad2f72125806a132375f0e04329,405137269256059048,12.0.0,fov-crop-224-v1
im0097,im0097.png,f1d410ae72cf1da0f019a430a6f8a4d4d756019fda9dff54788be06f90aa882e,cf865bb36ffcb1c48a6ea977eb9ce2ba3c16bc532ad2a6cac1b09da6dc981a3f,4725717775852136478,12.0.0,fov-crop-224-v1
im0098,im0098.png,617f6f19a92d8d46a3c37ec2ff78bdadf109a00ab76fc9c16c692dcbdffbd01a,4e8da302da5b83eb4424591217032ccc2ba1d87e94ce5d872fd1e638f4ba23b8,5013948164621367400,12.0.0,fov-crop-224-v1
im0111,im0111.png,da9be22d1bb31c1e12ef1dec22784e3108f011e88b0deab640a9afbe9d957ccf,1432f19c49ecb7e4ede5ddc0612f2f53b433ee71f9d94ed45566d1a04440bd3f,1555245184794127214,12.0.0,fov-crop-224-v1
im0113,im0113.png,3df2de04f97736984ab54371bf7a3d87821281536f75240307464a39dafac8cc,ba7752e27209e8ca2daca7fe92568360abbe1202392360469467d2f0180c13eb,1557250350413801682,12.0.0,fov-crop-224-v1
im0114,im0114.png,96fa2f0223cbb839247918657b1aaa314521ea427ff82b8d5a200ba32835d0af,3ea6f2ba2ca0d1b86482225ed40ad9729bf0e05bbb3e5b9a45b5c237ae766a7d,404582077073943114,12.0.0,fov-crop-224-v1
im0115,im0115.png,eb023d238b8ae4949510b3e6cc020b93f331f298c2561867b50fe8153322c2b1,c919ece8a5ed4870615b355b8051e667afaa0c007827f2fd48865ec99db87b46,4653651394038819646,12.0.0,fov-crop-224-v1
im0117,im0117.png,17d9276a47be6108f7a568bddbe37d57e2cb8f2dabd5c5be22dc667fa3b6a1a1,19fe3730192e3ce8285dc6f60190f61d128a5a319db68120204a75fcff709741,1269826434917498450,12.0.0,fov-crop-224-v1
im0120,im0120.png,42a10d8d8a20176d8ebcc19d73cccd562f50972ac522807af880a9bcd439bd51,1d1665cc774870a2c8c369a64d64886527e899a93f93a3fe5192e2524f94e428,1267036832498346075,12.0.0,fov-crop-224-v1
im0121,im0121.png,1049dff3fbe46741611122166927c3cb346eff067c4dfdd49724b59d5ebdf1fa,78b5d3d3a8e12a006aea362c0301e41f41eb84b23abf75718ef5f2ed4419cb47,5874109155196287035,12.0.0,fov-crop-224-v1
im0123,im0123.png,61a61bd352c3050b3354bfd46247697539b842b4bd90ea509f0af435857b2f5a,1a22a7f92712aff2ac8e9511e9e144b905d7e946078d05787a97ebfecb3a9573,4697028819259767955,12.0.0,fov-crop-224-v1
im0124,im0124.png,111409c8fa13d1698e8fae985050632b2bac21ad4c642a5e3f120854a3cfa8d7,ab57efe5aa7614907b1867e9ca54a02d400a8c98f7aad75f32c3591299415d3d,1557192363330912039,12.0.0,fov-crop-224-v1
im0125,im0125.png,0e18a75bbd551d4f00b1858954d82e7ceca57fe26511ac89c6abe615eabe29a2,0e4bdbeb661b0f1333c46be4d6634b09c686ad7fed26fb8a1f9e5b5a992d8372,4721188011367868515,12.0.0,fov-crop-224-v1
im0126,im0126.png,5828f0edad248dde5429e140ea881f83bda8d7f51cd23e119e90fb82ba45ecbc,08db85992bf16214b9ebb094a3a2a0405dcdb68463ed6ca0b5a50fa4b3303524,1544843023178611054,12.0.0,fov-crop-224-v1
im0133,im0133.png,765f4cd052728794658c70c68dc1acbe79b732b0ecbf3b3125b4f0d712ee5805,0272ec97853bcbc6e2dbb6773b78199dd13c012c512b8996d117988fb932a735,6169721414852050514,12.0.0,fov-crop-224-v1
im0134,im0134.png,b651c8dba9ff97f9362f20e1c547aad39e62324d0700fafdedd17d2a598c35b8,4f5f2844579e29546f21e112754313e347bf48923d55e81b63e9fc4e849cf288,5802051853217853186,12.0.0,fov-crop-224-v1
im0135,im0135.png,8aab6f51406164647e2d457478513c313716e75309b565519ebd4249b7f2ef1d,ba723a803cf91937fbd24b69386952b182c52bc1d9ad76396c136398fbb5cac6,5844558378973952557,12.0.0,fov-crop-224-v1
im0136,im0136.png,c90b426979d71b383aead153fef5a919f8af4b7102ef1a669e953073de0e401f,79e7f56462a52a8a949a4fdbc6965a85b2823da42010b90435aa35849aa740c0,4666018606679472940,12.0.0,fov-crop-224-v1
im0137,im0137.png,ca3f98af84722bb732f794307d8c5ad3cf918136e9f406608b5c51c283919f41,81f515596ce5505caa122b430a458b5db98ff3dc0d48a5ffe02d7c5d2bb1ee44,1557482934781374026,12.0.0,fov-crop-224-v1
im0139,im0139.png,75a14628b00b9f110f097f62e558f01048abc58d5945257943953a290e33a64d,73224cb21e8976a41dc7d9b69c7dca474080ddc1ea16286ee6e59f559ff48d81,5012860776691154783,12.0.0,fov-crop-224-v1
im0140,im0140.png,103495b980e0d707eb4c22463fa02be5d346aaf8494d3ef61b33ef805c1df38c,ade2f0c90a56e3b38994a1ef35901603ff8a7dbfad0b31e809516f2a86bbb868,5014804524542097973,12.0.0,fov-crop-224-v1
im0141,im0141.png,c58e7a39666b42e59b0f60b767470da13229eeaf5a0ac2e1ed4293a8394e4197,74e4a9067594db80c3a84e5a8d8580769b5a7e08bde8fc11da4a1061cdbba985,4625829884388388622,12.0.0,fov-crop-224-v1
im0156,im0156.png,9849f34fa1859ff4d950f18af92284154b1f39d8b460ae3350647b5dab30b05b,3c79b72ad9b9b05b2e4ff55adba0fc7396a29ca0713a2073a5cc57c6af8cf6cd,5893316445367139166,12.0.0,fov-crop-224-v1
im0157,im0157.png,a6dfc6d57930a2f5a70fdd07fda2b2f404574918c69c5f07853b1a43b0e913d6,2139f758bd400eab3c8e28b8b089a7415753b33f216ca1dda41e636b8e3ebcf8,125349562940026442,12.0.0,fov-crop-224-v1
im0162,im0162.png,1db4540eded43bff222b915096efb7492795237e6332e86d38da0ce51ba717fc,85f252924dfec359d29074e5febaf1adcf5b7d6f2b01907378d2db8fc23e008d,4736967403056021022,12.0.0,fov-crop-224-v1
im0163,im0163.png,2dc3eb784ed3bf5aaf02e158cca641a6340030a6e6897911e26bc100bd86446f,6ce05cf434054cb91172bf0f3ec465a59e49ad26a69f19958b861e7ff221012a,1168446387237650114,12.0.0,fov-crop-224-v1
im0170,im0170.png,8a97062afd8c7714e86f466427649f8f3e4417e8490fb6c0b8f95dfbef1fcad0,7883789c54509082c2530ef325b6b19ea446b6dfe54adde4d70e57f482f36409,5867709283488397898,12.0.0,fov-crop-224-v1
im0175,im0175.png,83b54ca528ff131062c233081d207deef209226fae546c044547b4680eae9812,c7e025d899f4dfef00ce7d4a1d3eca08574530719664b3e38e3142c748621070,4629445212106669890,12.0.0,fov-crop-224-v1
im0179,im0179.png,bcf09b17202b66ce8d837300dddc2f9daeb7276fbb6653594d28148e8e9ead67,2ff59fd9cf89f6f3d9b5a577d56a946f7056360225bbcd8b7c35220305382d80,4644077374339759260,12.0.0,fov-crop-224-v1
im0186,im0186.png,5a6f78009d1fc423622c8912970336122f335c5588f00c5e68fe841d5df13591,b7004c62d16bc29dc0c92f9a1c4b288e033d5e3cde3825dcb9f6652d7be38794,4656466791290338982,12.0.0,fov-crop-224-v1
im0188,im0188.png,1e9d992ef4c4d7450432f93a7a69444c9e5eeea39cf58f1f7eb078a99683552f,fbeaedb565c1b885d75acd57b6411844e6ab4ff5b50d5c35996136ec30705e9b,4628301598698061383,12.0.0,fov-crop-224-v1
im0190,im0190.png,256365458cef8f2eed221f35551ecb33b135e6ef402ed7b119a7372e238c6f60,012db8c08fdacfb8cb2053411e4c9774459e33bc22d1b97e57c840e5835ac24e,5834425138065915455,12.0.0,fov-crop-224-v1
im0191,im0191.png,443484b26365411cf0eefb2b746dc4647a07ede419f5ff62d51abd767e68e5d8,14ef054b88ed4347818a1b638e43a271ae675fb58eb8d81836e516bee908c093,414365523210430717,12.0.0,fov-crop-224-v1
im0192,im0192.png,5502e36a2358bb0e51f1f554111ca2f1041348bf5468d6d373e5810d8cd6a9d7,97b48c84b44bee97925e8b778e101a7b2365ca56ebee8d8b8f40812231615f26,378111879107919562,12.0.0,fov-crop-224-v1
im0193,im0193.png,70c17868af051a4f78e7c7a93b9b4589c7ed2814de4be98ca9af0b9ece43a261,0bc1f3d63c3939c8cbc9a29b3f37d67c17272557ed0175518512799ebf87c01c,4664893312037764718,12.0.0,fov-crop-224-v1
im0194,im0194.png,c6f695c18a279e215bf688fddc66dfd721f35dc8a38db48c1f35a8bfd8edcf4c,00f5a4d3320bcdf85e0757e4828d0c86e55471f3cec4226e920a12d81d09fc01,1549601236271655477,12.0.0,fov-crop-224-v1
im0196,im0196.png,b6db2b300fcb5e8792508908e8405afe01e09b69602eede8367031ed79516e5f,a9c001e92db047d6ebde37b1fa6739c42a3b9ca9688201bf2dcde798fd7ae380,1194940197140840011,12.0.0,fov-crop-224-v1
im0197,im0197.png,cb16661fb0e59044635f0c84b51e43e0ee8d6c4e352c42da1f377052feb5b369,2abe8c027c809efa75e53bdcd2ef6c486c43d5dc1526cc77893941a33127c32b,4629427605978775122,12.0.0,fov-crop-224-v1
im0198,im0198.png,9affd5c133ea831c54fa24e23ed4797d46211ae69e0ef41d5471d8a45ce4c696,6668729576103d873d79cc435897a44f7c4e3aca7bd616b93ae10fcc8d200273,4629473781172222918,12.0.0,fov-crop-224-v1
im0199,im0199.png,9c0e7a4caa94f4dbf341a8bc6e9fdde0599d807564f4e2b9482c198d51f20d3c,e033f5ec79e746a81c4001a03052eb6e39c0060f8da821adfadaa2063a4dc3e4,1471953120254585746,12.0.0,fov-crop-224-v1
im0203,im0203.png,f4ce78746ce0431f6c8998113f07cc401e0158d61b47537220a0bf87b95dd340,0cc6dd3b1fac7ec27793b711a29bd92809a125d68d3769839b252330bc367fa2,4699567694402828679,12.0.0,fov-crop-224-v1
im0204,im0204.png,f1066db7cdb98f9fc9b5a982063ca47c8cd6451acce03595a14fa62ad0e14429,17ef4f3dd9be145ad89fbdc1ccd4b762924da33bd7ca754b2fb78941f237197a,5809365859325476387,12.0.0,fov-crop-224-v1
im0205,im0205.png,074b8e1527a71b0d27de2bfbeff56836649284e5a2e792c3387416a46aa8887c,4d096e04698158290933313d05466f0120d97f155e0065096ca7508ffcb697e0,4713366879870335774,12.0.0,fov-crop-224-v1
im0213,im0213.png,be01fcc2f1d77077d08454246bac8fde372fbfb3be0cc1331fa07a878e50d01d,69251a53353b8f7360fea63e37ec7841c81cea4e26275111d00447d8c09d181a,4692486866564820487,12.0.0,fov-crop-224-v1
im0216,im0216.png,f66e7b9b13f5b0de9ea5a495368d8b6c22948a0aed8f69956d3e288891775a2a,f045fca2922876dbdf894440348b89ccbd7375ad74a1475f9dc23bdb60354a92,1267014851594185322,12.0.0,fov-crop-224-v1
im0219,im0219.png,d00fcfbd8a088092a5f526a4b38b52be2be9726ed41d0d4e95ac30f439b41568,32bcd667eca4ab7bb2e4e6b4dcfaca7ac10439270bc1c60f9a7dab0612f6601b,4725689711543877227,12.0.0,fov-crop-224-v1
im0222,im0222.png,b5fe9d14ed2d0af843bc819226ef32a010cec2d36209851a134613a4f9d88110,7b9418368f8737619c4c5291d6e227483b9d0a105d06bb793425d52b9cbb4c9f,5854406598256192066,12.0.0,fov-crop-224-v1
im0223,im0223.png,626a5d34b4a0b9be9013cd47756910d06941b3aa9e44a275b049acfb657bd21a,ebd82e29686eea04624984acd48e621c9f69b779ceec5538f468dd8a42038069,123026904730794878,12.0.0,fov-crop-224-v1
im0224,im0224.png,f4a3f9385f48036022bf0877f4d56ef2ae7fa378ad89fbcc3ed98b2249f8f0fb,6f577acdfe1c58a9e80fed588a6cd3a2f3f92651a74cd9d21d7d31968e305b81,6185811345893636111,12.0.0,fov-crop-224-v1
im0225,im0225.png,cf0fc5524056146525606f278597cff7f8e038dc6a01b2268d210a9abe116385,dff2e64c4a6da6ae06f27d914f1e2e5f16ec22ed145b19adb5f608aa4912f90d,4726817416327425118,12.0.0,fov-crop-224-v1
im0228,im0228.png,045e5d570ec72584b28639b1020a3880b312eeb46d65f9e035627829a3b351e8,cebdd5433d423afe56a3523b0a2c585cd621e900e18f64866a6058f8e722ff73,4720975735826316406,12.0.0,fov-crop-224-v1
im0229,im0229.png,38a26becf4ad617de247499bfc73f3d318a5b0b6fdae860d4fc9c97d9e20866d,89165da9bbc84c4af6aa58617897aab9a3887f5a21298da2682df3abf6eac861,4667142264629967418,12.0.0,fov-crop-224-v1
im0231,im0231.png,f324bcc67ccacfa01685bade9b3767e9787345ce0e9f02da6ee81af3222279bf,d6293afbf0ff67466e39f95a3e552323e3bfc570f67be174a54e3dd2439110a6,1543985447000631890,12.0.0,fov-crop-224-v1
im0233,im0233.png,c35b2faafb6e4dc8443cc4dee166f7dad2d6ccd83d6e6672d76d40f9f1d1448b,0f41551704ab56143216ddebcf347cce2d002ac871b1ad8aa815fb3b7056c9a7,4676152052671543902,12.0.0,fov-crop-224-v1
im0234,im0234.png,bd2335f47bf4dea779c9d2a5404178258b14ad5446fe1b9bcfa68fea71e162b8,58f8aee404118adb107ffb56bc96c7e0076b5dc516851b463c266128025a62c3,402326921828597098,12.0.0,fov-crop-224-v1
im0235,im0235.png,ea250e005c9239f2b01f163d6ffda104b247c70ec591ad6cf3023862d74f4a02,7959a6197ca25a0643668998df7c69365f841986f648d7b02ccdc951f577ee2b,4654258857036496414,12.0.0,fov-crop-224-v1
im0236,im0236.png,340173b2b69983aaa17b9ddee0badb7f7dbe8db15afbbf3ebe09f923fe347b3f,d0bcdedd2d81b815b7172f6f34888052cdc67733efae2214c869a14cf6d2ec14,4670267514761017371,12.0.0,fov-crop-224-v1
im0237,im0237.png,9df98dfa6540db40828547f3b0f730422b3b6cf094746e648516929ab5c0bbf0,56c8e8bcd93f39ce64b10a0d0350ae2ea37648028bc89123505d94d578afab93,1521770431962038256,12.0.0,fov-crop-224-v1
im0238,im0238.png,40f5db22db05630549215f8c8e18deb020269d27482a4ee6085d333e345448aa,ed1e0e5731399fdafa6821d8b1337e81f1f471e86b815442399f985ffa9f260e,1196664355924045129,12.0.0,fov-crop-224-v1
im0239,im0239.png,3a383d7fa9694248016ff0910428895a1deab804fe3bd5a9aaffa973f60303b3,20285ba16ef863542cbd477a0cceff8f624a82576af42f695d66ac715ae2c233,390431792190270166,12.0.0,fov-crop-224-v1
im0240,im0240.png,16edb03a20ed51fefc3fa0d610d95ba38f7e42d08ab707dfdd3de1ff1a8daafa,b0deede6de8640fbd6e8df94def03ae4980cefbf095d8c6364cb8f6f86729707,4651707899151153703,12.0.0,fov-crop-224-v1
im0241,im0241.png,71947eb32de7eee47d9b5674238b5e4290fb20338d166fd14878d4b30a94b25b,adeb8ae71fb2f71ad97e629add1e02d4d5b2ee460b425e50381a77b9cfb10b7f,1526242743825952077,12.0.0,fov-crop-224-v1
im0242,im0242.png,993a7b7b5b1bddecf5840da7bc7e661fffd3076322f55fba25c58831fb516891,3de7e702ee5660f4d2f107794b2c98f6f48a19eb013a0d143d70238e57c72e53,1266750002718010468,12.0.0,fov-crop-224-v1
im0243,im0243.png,811498b8e556b270eaa06dfb4320b0d4204bd62490086f3f43877293014c8323,fd128a0a0959949deb1af72e3aadf56618a5f204a58ed2e5f31b436eead87293,1471350776122141078,12.0.0,fov-crop-224-v1
im0245,im0245.png,32e69b1344afb1b6d2c49148b590771b24b68287c128729a43fe24fdc5e7d95a,50ac9e99317717fd4ab3b77b6ede314355a38edc40d8168bfbf1bb64c81f7457,1454218452087892881,12.0.0,fov-crop-224-v1
im0247,im0247.png,e55c551507b01d248ba59ab7cecbd2cf42a57c335328489962bf5a69644b47ae,ffb2651573adffe1b9d5afe4d448cc7bf932c916b85958f091ffd287fb1520c7,414711714507730233,12.0.0,fov-crop-224-v1
im0251,im0251.png,398da81fff6c44396755a51d55503081c01a7ccc232dfd6d5ad8d3e56bdebb18,3b3534aa59e9d9c5235c013bb06014db6d38d8f9669be4f57a56286eff59136d,1242825037724151488,12.0.0,fov-crop-224-v1
im0252,im0252.png,d8e8d913d963d06cf32ff35d409d05f138e310a5c6ca85cbd6e751aab2b376fb,8072773d3c05c5cde019a970b3c10a4f5f755d88a15f8ff4b7f062ebeb204ab4,5879495919158524490,12.0.0,fov-crop-224-v1
im0253,im0253.png,af5790d092e1b2bd89d6404ab51c8d06460224b988ab3ab54bed05443016920b,0a3edc9165de7fa5c3ab44e9ab9d3bb7d5d5b6841f7c71ccab7668ecce415052,4679560573077372110,12.0.0,fov-crop-224-v1
im0254,im0254.png,2418e3983013858198b1aa9a893092223b481150f1497b301bfd61caf567983e,213e3a59ed68feb675260b84db501acbb4ad94cddafc057449661a46c4a6fb94,1220844443125033004,12.0.0,fov-crop-224-v1
im0255,im0255.png,65180f0188d7e8cc38f2b180051c440700eaaf8eace7906a4055fab61d7c7d55,922196cf4e5dcbecb7013f2a42346d72be61e4fbfc3129f6f054941aed140183,6096751574334209027,12.0.0,fov-crop-224-v1
im0262,im0262.png,539ec33466c081e53422319936cf3558753d178bdf6e193009221b59412f5eed,bf34c80aadbd0002dda3861fe5422fa6b6264a378f890688f5460e4106f318d9,4670240575653428799,12.0.0,fov-crop-224-v1
im0263,im0263.png,b4a7afa69e94a66176ec8055ced7ed8e7f30bb1768b6582a3213f6d5e2fd255f,fe20a0742109c9bed32990a6ef55bd674902be11879742c3b44b0c80aeafb86d,4666018434876652094,12.0.0,fov-crop-224-v1
im0264,im0264.png,e6fc28acd0abf0db3aab33cf810ae8bb9778ab70ec7653e4889b17878dd570ec,f6c8c4edb0a47b9d8c6ce48fac62f36d0f907104de7906c47f3e7b7887bc52e0,1529098257123715535,12.0.0,fov-crop-224-v1
im0265,im0265.png,e12adff92858d9357d0767bba81035603823accfbf7c7de062bedaa3d4539e18,dd62a0ecbbb4b6000a5e4f597f8ca00407ab07858b8ba39cb4d4a3f53d1d1d67,1203647260865620331,12.0.0,fov-crop-224-v1
im0266,im0266.png,aa5a024f294b4db2a3842e1b81e01b2771cd9236fd9f8fc51fb1dd41b04a6d17,5a16dfa50b5dbb8b48868ef5d35d8a568a714d15126e64bea3362fce8a440c92,1458057711348165895,12.0.0,fov-crop-224-v1
im0277,im0277.png,5370fbc3b94941b0a0078bcdf8b11293cb38158f0e22c2bab3ec1c80131f74f2,09b3c41315faef20b0bf4627de1b3598162db18483ad3b5bf3dbe458a9777adc,414181426687666790,12.0.0,fov-crop-224-v1
im0304,im0304.png,73561420dd6ff14488b35ecd5213cfe6c034f4a1ceefcfeded700eaefd0d32cf,c0e0c8bff07ce6c373cbb76eb6e12332ded89cfc88b82b4e83fe833a0dbea40b,4626611623548631869,12.0.0,fov-crop-224-v1
im0307,im0307.png,437d3896699a84c122020a180df676845c2db10ad826f9dfdf12cf64745b833c,ae2a06ddc3f680a4a46803b9f1a50a8b22da97ab9d2ad204242c09a8610baa51,5795855343917743252,12.0.0,fov-crop-224-v1
im0340,im0340.png,45e6eaeffd8bf7155c25ca0e9060456e5650e64958a2dc2f0704293194199b99,0557f16f968c380055022f0c8db6da9a533e6a71b331d387a0f8cda2bf84e1e3,4654786213858457893,12.0.0,fov-crop-224-v1
im0341,im0341.png,0ec00c15916b204725d243a7c60bece211783025c5195ac78b7f272c17664d99,85e6378edd4d55cfc455757cf321096d72ca03b9075c7d1a1a1c87f2eda810f1,4637061120065486159,12.0.0,fov-crop-224-v1
im0343,im0343.png,c9c94f28d1fd76f0aa0c2f35b8aba2dd750810dff749025487610e5ea97386a0,823342edc98e5daf3d217bdb96c6774f88d036cc6ad4ab48f721b47757d9156b,4652569633846274768,12.0.0,fov-crop-224-v1
im0345,im0345.png,7e19226b13a26bdcbfbf55df26f8c350e1dcbfa60ebdaf49abc7f0e04d305c2a,e4c66bdfa69a1c4ef621ae4e2275495d0fdf422c808aa23b6f4385629c498f5b,6155042612434976146,12.0.0,fov-crop-224-v1
im0347,im0347.png,e197306d79c11a621140790ce5d585bc032f8d84bf7d3a2477edd68c4cf33e7d,3ac1f0b394a49b43fc69566cca52281782b0cf430b98966296826d1d5bb85ad0,4669396332185402976,12.0.0,fov-crop-224-v1
im0348,im0348.png,1e1e1cb6523e7d0744ebc863f87a63fe32feb5cad1ca99f2ae34b6de26747d35,1d9017c7c1c2222e460649d421aa2f69825afc826b9073cf6b5c36f08ad5415a,1555279269656947530,12.0.0,fov-crop-224-v1
im0349,im0349.png,bfa5dae67616e4b27e65407c8778f7d9e7c65d343a10f56682c8cbfc5fbbb524,fb9e408115e3c0a58632fe25d6437d7a98a87b37c987cac403f543601230b345,4648035108864866103,12.0.0,fov-crop-224-v1
im0350,im0350.png,cb3723dc39616e8acdba2df12dd468c7cac5ecf00a9c848399cb3a938c8a4a2b,e948e0a86f178eca1cab9ad9dff2ce79a29fc10b710ed436fd8123b6972cb36f,4655947285266053186,12.0.0,fov-crop-224-v1
im0351,im0351.png,d01829376bf506123e94b3373abf6b7179ee7e758b231c91e057921a9cb44a8d,3afe63ce2403d3240fc33ac1b1b885da8fabbb88de9706a0cbd3d7e4bf613b86,4699873865659480774,12.0.0,fov-crop-224-v1
im0352,im0352.png,3e6950211aa760e010907106e9c98162e351f3f7946a74b6be63ef3d39fb6662,37b884e294d44d562f62fb598131c8781646e322e3d292b4439785c61a0e46f0,1571867386833693816,12.0.0,fov-crop-224-v1
im0354,im0354.png,d423a51edb42565bc7782bd8a0d9a5d6c464a5c6a99d105bfb72c314d6fc2949,b701eb2e4837c83ec6f51cc77e30771c2b52f84e5b4ed6a69554cf5418d1484e,4666018614207741530,12.0.0,fov-crop-224-v1
im0356,im0356.png,49f1bffdd8212138ba10aa866d8de6e50b2c7696a74c804c9738a8f2e5b2eb89,83bb26b1fbf8b75404ff323e7eea035376e8961d236ee0f3dc5759242bdf9304,4700384460746419532,12.0.0,fov-crop-224-v1
im0381,im0381.png,489d41ceb2647504c5af55121830ad4da2444bf5e41683be9e6d4befcd3bc377,bae5e30c384abc62b82fd9f582d6676ef2c2d43b065b27b817e86f22cd7de8a4,4626630512822352462,12.0.0,fov-crop-224-v1
im0382,im0382.png,2320228b911e74029edf94b39eab60e3e3dda67a057b9943ad0db7d059a175fd,7033a7645113bd38974217969411e1bd2b1153c6567cf749cdca6445fa486506,4645753017173178399,12.0.0,fov-crop-224-v1
im0401,im0401.png,bab9568f6eff37901dff0ca8d182753eacc391787a3bab02cf0c83d53e15737f,e9e09e8e7a07ae4b690caee8a85f441885fb8b8ab7cb5b01be8a40b08af9f621,404505248698100568,12.0.0,fov-crop-224-v1
aria_c_28_19,aria_c_28_19.png,865aba490961a5ba3442f7b5b27ba68632b78062aa8eba9349aa2548b0b73c94,355967ee6dd5d3ff9cae8d465c95e18c9c1f49feee53c7e616c12aa9ab2cd99f,5809691135450382108,12.0.0,fov-crop-224-v1
aria_c_36_4,aria_c_36_4.png,accfceac7c0e828208c03dc42a5428c7c9b07ee2d88b939351a023da312b4c5c,8876cab873c9b723550408566589b64b2921bc5ab2b157ef5d570489d4b7d480,127355553427909171,12.0.0,fov-crop-224-v1
aria_c_40_b_14,aria_c_40_b_14.png,34c9cc66a046ac3f6f28485c7640223805bd571b816375ebcfc8b8774c61a0be,6eaa72ae41b39338762e4b4ab868a9407e9fed3faa173c23b1a1d654dca53853,377592932145969498,12.0.0,fov-crop-224-v1
aria_c_23_23,aria_c_23_23.png,a3f25876e9e5dde31eb7a0b6eafb2040299fd3c0a23610727b79ea0e8abdc498,e0c2d0c2a4836217c49c30493258bcfb4249b22d49e0fcea748bf067a361843b,4711391104784218820,12.0.0,fov-crop-224-v1
aria_c_43_1,aria_c_43_1.png,08981d4a91b113bb953bdab12c10252e3177ba8ae1a0eb11d27012e72834e945,280565040dba133481da223d2b8cb5cacdc267db2573a75024543bfa9de940ab,1531059776556120334,12.0.0,fov-crop-224-v1
aria_c_41_3,aria_c_41_3.png,4ef8bb6115f859acea06cd368270519ba477b5666a07fba3d6afa4d52677dd1b,d037d2edd331f2be2d875b74e1566c353366d380bf47220613910f1a1ff6861b,1506570847724924190,12.0.0,fov-crop-224-v1
aria_c_47_15,aria_c_47_15.png,0b7518d1d694af3330cd836a76072f6539bfdba3aba0b16dcaa6e6fab8fcafb6,6fb7e26f4526ac7e480e7e705f5bb8d3a5418aa63c81ea1481f59083cd588d03,5853887598644309295,12.0.0,fov-crop-224-v1
aria_c_25_10,aria_c_25_10.png,ba42783449e9d4d2364ec496d441b3e43724e8d014c020988662cd1685a906bd,9ded0da054d7ee46cfa7f2ec012a11ef92427143cbd8c1e38bade7572eb6f02b,4665763434014977597,12.0.0,fov-crop-224-v1
aria_d_9_3,aria_d_9_3.png,8c6b6adb2161b29fe66ffd308cb0c854a28b30c8efd33d6eb72e2865793cbadd,5683cfc98d891fd51ee75cbed94b648d25c84e89732ba524ce1772c6da32eeb2,1499816522271111213,12.0.0,fov-crop-224-v1
aria_d_25_33,aria_d_25_33.png,71ee6fec50359c8f34df5123ca9831d274ad1bf679e4af6728e5129eb100a508,fe6e718afe5b508ddf73e91172e56a9b3e20aa1c9b4581b12ffe90b83938261c,4670301460837710133,12.0.0,fov-crop-224-v1
(0004)aria_d_28,(0004)aria_d_28.png,9cc0338563f74f1baa61fd86f0b4e35a0ae0c73eb137aa1c88ae9a4ccbea7620,fcf06bcc3b08b2bf2f4ce9cd2d1c9cd043650741c5d300b080cbcd8c24f823fe,411087951866194266,12.0.0,fov-crop-224-v1
aria_d_23_1,aria_d_23_1.png,3b95d6d5c0e9f9db1067a98b3f6dda3092beb924b4d6ebfa5fc848655180ffae,7c825a14de163cdda4feba6e8b18497e9c8271035e01e08ef247fb61f0d04281,5793897641970137374,12.0.0,fov-crop-224-v1
aria_d_6_3,aria_d_6_3.png,fd0e63960e01527677a9e3ca50c729fa21eea9cb73b66d0d8cdceea4e8299f29,483b5808a77e43335d4c76a71943602b0df3804e0a1cf79fb6c653c95f8ca649,1569621247855847989,12.0.0,fov-crop-224-v1
2,2.png,2b9b88078535cc3638ba3487a2cea9c9a0ea89c1312b6dfd8f633ecbee77df04,30d7f81de4a38dabebed672ebf742cd4578c6b9484eb7c5389da3b5a5b7b6742,1569859222011522969,12.0.0,fov-crop-224-v1
5,5.png,7f43d8f912343196f955a58ff9411fbb46668bf94dbb4d74729a926a1d540f57,e8a3449cfcb601b9dccda48253e8ad49d1ff7e39ec0523c04ec7b9f93b646758,4655912706952362056,12.0.0,fov-crop-224-v1
10,10.png,1ff6950f2219250b36b8aba77a7ee4bac0a863632551a10589ff0e3043db6e61,887ff3e8035078063e4b86ebe4b399ea814e9c11690c9ecd43c1952303e0c735,1186996639029791527,12.0.0,fov-crop-224-v1
12,12.png,8752411c9689bd06a18b0946fa52d6b4aa0e35e94279a43426b63aaf76923164,ae7864d748bc77df2c8b57ceea498ba04001d04075424b306eabae4bd79972c8,1269275550049643376,12.0.0,fov-crop-224-v1
18,18.png,987068084179fc3d3e5ccb112a7f6705467002c401fff2c272b2e52d139e2951,0b1d728e450e28a00983ee269674efb325607d3aad9f15072f9db15a8b646e6d,1528214953342302856,12.0.0,fov-crop-224-v1
38,38.png,f61afa98768e25deaf689ec3241a166fd9545d2c877d01ddbd29a7836872677c,08dfa0dd4df5f80b1b2660800fc8a3c0d752f0b82aa5688f6a12b402851f05e7,4655912157715593952,12.0.0,fov-crop-224-v1
42,42.png,6671e0f0811d255c63025da00a3c7b9dac8337c92537bb87c2ef7483f63c2b61,296820c952f8cdb3fd7aa48ffdca25602490b11073f2e1c8665ab13e0e27ec44,1569876848825626156,12.0.0,fov-crop-224-v1
54,54.png,29b1d97b73e69961c88540ac98c2abfeab4ee9493c2ab75d5c2cfdee94a6063c,2c0748dc323f1f0ef63a8c3591b516850aef646b4db8fbdde2e48d4906230aa0,4727960972316715874,12.0.0,fov-crop-224-v1
61,61.png,746ac7b549d30d9fabbcf1cb582d2356bae537dd055cc8ba0e5d345717fa331a,8029ed8ab1015084673ac96a933f114ac93976558f93a06536d3c4738a7d9236,4944134222098950768,12.0.0,fov-crop-224-v1
62,62.png,f29386099ac56edd2175d3cccb05119545d843960e428e59639960aa40cf591f,8878dca659a6d5b7023115a9f98f23dc8c9a420b94ac179fc5a5c6e08792c95b,1570730035546716770,12.0.0,fov-crop-224-v1
64,64.png,bc05258ef15cec58d1ed70a1680ab4c175a5121e46bc851704265e8e886e53e3,76bba55ceac37bd4435cc2b42f97db8ae00b7524bf2d5379f57020908ee0b6c4,380645038467001310,12.0.0,fov-crop-224-v1
65,65.png,a2626f7048e2c626dc2e81d45c5845227ca771659a0c6c2a57bf8896fe164ae4,2fb502b5d7fc3b015f694a22d7467b140b25a8d5c04497ce31d6c5c5b691c629,5026327488820099696,12.0.0,fov-crop-224-v1
66,66.png,2117034243d3cab7431040c775e6cea71113138a2a7f6ead152878b672ca608f,23c419835f42e986f0380bbf9c7e29145f2ab1f703416804985e75f369780029,1570993252901141066,12.0.0,fov-crop-224-v1
68,68.png,103b91350a1ca1f005b603e23f5b1379f73a58c33a9195d5ff568e2513cfd4fe,6cd36aac9300f3f63821319ff83b9c40b385fbeee417af8a62a75c9dd5647ea2,1569586002226196333,12.0.0,fov-crop-224-v1
80,80.png,22167e3f333f1660f1c9a8c9010773762cd112c45d8f2110d7707334d9c67001,9a58ac1cc48d42171e273ac841c65a203a063bbd88b310be50cf5af85d153237,4956518347397476026,12.0.0,fov-crop-224-v1
105,105.png,31540eeff2d8ea601735b17f9fda076831582829f3a66cb52849123132cd0b77,f4fdbb73106bd13a07f8ad10a0d4a14ced9f31c181c0f7e46fe106082d581a9a,4669123464332343310,12.0.0,fov-crop-224-v1
116,116.png,84a28663499e717b487402648eca2166ac6b6463386a1b830acc61d5ed53c8b7,40d82d52f92daea56b0958669bb23c2d8e847fbd88ced5c2983f8a287ad93d36,4741171221283765779,12.0.0,fov-crop-224-v1
126,126.png,c2530faf73e6e76b64091a173e00eb1e273b46f2088da5d6a3e678da644bb508,24f7dab6f28cc30c7e24526ddd6bbb71788c583467abb0fef8304451d32e05f3,4619883296280231792,12.0.0,fov-crop-224-v1
148,148.png,f000694e3543c2fe1c0205501bf4cfb0f997bc40ef294746cd1afa195f23ec98,877d8b7b2e4cf70b030b26df9a453c21092df6bfa1726102c16f37f901073f35,1570711893555182186,12.0.0,fov-crop-224-v1
151,151.png,8f31228850652be9631b2df7f5151352630a6d175da4fa39ac674d84165e2a4e,6f93a17f57cf5258ae856c60bbb4e4c909ac55434eef0c3b5ba64de3bfee6744,4740345565350865530,12.0.0,fov-crop-224-v1
171,171.png,3ec5086d6f92a479498a0c7d8967d9dc61bd122a4634eb62eefd6d8b2365dfe1,3f645e82fb07bb249360be87744ecfd59edd53bb1a0abc7ff5a840ea95162305,1552996789905857114,12.0.0,fov-crop-224-v1
177,177.png,9cb11ce32d9c75ac96f201c5c935e8dfb0bfab1f2987c47f1ada85a93716cb98,b133e64d3b5807393d18369e3036f8401a8bfcbbc18fd19f9f083e78da989749,416673285193220028,12.0.0,fov-crop-224-v1
190,190.png,2ccc035038f12511e8addb4721469f19d9db669d4824d394b185a2cdeaa6ecdb,c17cc9ac82dd4622e1c12c1ff28277044384b312ebc5740b8d59e34b93750548,416888789480921722,12.0.0,fov-crop-224-v1
202,202.png,9d5b48e7622fc99e63ffd9278760fe4ab871b8c86cc3b3b8abf2fb04803efd7a,84004d14ebd601b1bd0f6c4eff2fa3757f22d30823adb2b4986337f013a436e9,416682082292608894,12.0.0,fov-crop-224-v1
209,209.png,f861c02fecf6ee4b713439dc5334dcbc462512be87e62b510040b4ced7f39aef,2f8683b74e4c1b0a59d16db8123d63ebfc79c2b66b63e7f6873f23ca8a000b85,4666027316880620622,12.0.0,fov-crop-224-v1
218,218.png,ea11bc6542a93fa04ec2e49f5c3a36a05d32234cf5fabaeb752e478f08a52095,8dfbd192d4838171a1e346bb2cb74b4b5dd8b61103ca10455cebdd20cfed0395,1571010926360414314,12.0.0,fov-crop-224-v1
235,235.png,59730c2609ec69bf90372ac4145e20784c111871712d37f05b5233d5540c55b1,33b73f3dcf601a78a675094f4f0099ff6d9793ca9d80a47f67c106ed1cd08cc1,4989216723772128882,12.0.0,fov-crop-224-v1
237,237.png,6c033090d0bdc8a0582435c98707f469265c6eef1546404c8ec134e57be05f5e,562245c5c5aac736d76f4b9f4e8865d7f2b3b453c098120ca09da50446ab391d,4989146629898649536,12.0.0,fov-crop-224-v1
239,239.png,4441aa610a78e4897e75dd87f35a6a1826f210823435845a06e42c3e9b98446f,55ff7fd91c1fa10e8e0d522ef5cf7815e76cb3d838d550efc77d7454019be87e,4642102390470220646,12.0.0,fov-crop-224-v1
246,246.png,c92024b960c4404ef84d9fcf24600274c720aa704636f28016d77658a098f1f9,e4c4665be7bc460a32613ea17710e98486b322b06e0eedabf9430993d2041258,388535064657428082,12.0.0,fov-crop-224-v1
256,256.png,bdd8c4983454278e7791a6447119363966f6b71c1fb9104816825603545c0abd,a6106331f46d00017fe4d5ad04a76a6ad26f894cdb66ad4b3741d19a41a7b407,426793155529424457,12.0.0,fov-crop-224-v1
258,258.png,c50d108ee4cfc6078b80b55ccc900ba88d24245cf5f8f7ffe11850302439e4d9,fb9b9e70786e2d1bb38dbe424d424a3ba7ab703508464e58a22933d742d68921,1570993390071655018,12.0.0,fov-crop-224-v1
260,260.png,c83feceb7e04a26d13ea3e371da0bc5fdec01574e1b6e0a502f19752409427e1,3de4891cd569a7310d9f8bce0ea2b3c62348705166751e1c73dca6bdfb1233df,1534982232478997096,12.0.0,fov-crop-224-v1
266,266.png,940248e96557c692992da88ad9b100756e34646519108ad650781341daee6a7e,0ad8354442db30870365bdf940047c229d2fd360e36a0868273411e0912a4f30,1543980669396343418,12.0.0,fov-crop-224-v1
268,268.png,8c78c9f975c904c86c4532f1350f4cf11e412039aff70cf1a2eecfae163d86db,0105eea1a806cbfeab8c64c98a5b2fbad89b170f8f41135f265247b2d38b5161,4628872653257603148,12.0.0,fov-crop-224-v1
269,269.png,3b7f8c3c665ddb982208b22194a94128f383f09665f18266383075bb1f93bb75,4eedf2bd296b4c44fe03d23127b77cd005aa097b9df6145ddc3b6962b44f5aed,4669422497041616766,12.0.0,fov-crop-224-v1
274,274.png,a91dc710c456e7930fa17357f414a876e45dc4ab8777f649210d8a1003676375,86878458becc484ba1ea66c86634061df5ad8b8bf36d4ac0c917efd5998d21d4,416963530423286906,12.0.0,fov-crop-224-v1
277,277.png,8e0c2cfcbc6d19a7ba43f866b87393656647067f38f0cf6c0c4616f4ec93e78d,1ec63fb82aeaa4476795b0a4fd95019b96190c01ad9c59058026bac525c7a0a0,4669404904865016670,12.0.0,fov-crop-224-v1
285,285.png,46b143e6cf627138903bf21e84035772011e04e21ded76ce3ea5097db60008ab,8552ff2f1cccc67560d328c9496970d0f5323af99fb1680936306358bd81aba3,373027457632059002,12.0.0,fov-crop-224-v1
303,303.png,d8547a25ce2d4011166cbf3d6a34979192338b724fbcdaaafe8bee2d764b8eae,fbc4af16e97539ae7a9de3ccae4a668d250e930a7ef626f575fd8580e076d26b,1525958574640085586,12.0.0,fov-crop-224-v1
306,306.png,7c3a314d4efd7f145ec6e20b4388b984bcd37fd2b1b49299e14a3fe2c0065ab1,70e78eaa8198fa8b60f4e295b50ba79e1e2349d54945437fb66de0062f091e37,5001562041575685746,12.0.0,fov-crop-224-v1
319,319.png,5fae368967872963fe28a0b18b56934c99075e05972638cd16c8a4e4f1b029fd,05587414c820dc3b3a904c35fbb4a0636a6bfa2cbecb992579fca6914b07062e,418089421815036506,12.0.0,fov-crop-224-v1
321,321.png,0610dc54b8464e130986910f87e09f8990902dbc772c983d933d230a6276267c,615e229855ecb0e6964fdeb151a1d07a67b8b8d051c456ba380ae3be90128ce2,417790457728875128,12.0.0,fov-crop-224-v1
339,339.png,61ab476c43f21dc80c47de17ce64d8a7edd598a08297ce35209afa315fc3ed16,91c16750b94a6bbcfb64b615f9f61b4d5d4de5a59db0547eb8c17550f57a004e,1570993334164536682,12.0.0,fov-crop-224-v1
347,347.png,54e65a442f1c492cfbb25791703945aa76b6d0359c8c05c01c983b1ca35a2771,cfc38a8627132327c0fb5d4168b354880e1e3be385c41d144ece8432519b5bf1,400057568558479986,12.0.0,fov-crop-224-v1
351,351.png,7d3759d6d847bcfc7a0315492d1e07f0416d86c84fcfc9d6c61799167228155d,7507da26bdc239e4c5c862a5b4ad96e341f38242f389969ffc577e223a1262a1,4669141065023885086,12.0.0,fov-crop-224-v1
361,361.png,bdd06140359131bc11876cea387f324141b5f7a57e52dbe12bb67540605b7680,6d2aa096348091c5eebb38ef116e37ad16780c0d7b72d48385b13a95c906ae67,4640993696189267806,12.0.0,fov-crop-224-v1
362,362.png,1b09ed3262ba5a2704b6feb82e1906b1cb417852ae239d384b5164e2d2ec9525,11042691e3c8dbff8499781e210184249972d82fe52e903efc27099387bbe0b4,1534982214770522978,12.0.0,fov-crop-224-v1
367,367.png,b4baa0e1bb82187c9e0be914c76ab2bd750ca41416e3021a85b653f989bf687a,35c4ca8cf1eedc6a965bfd6d722cbf057c9caf4e19b6da84b60cabc42c594be3,4669123438478110574,12.0.0,fov-crop-224-v1
390,390.png,5060fa378bfe12a633cb66276b796cccadb6159d36cbe97014ca931784fb5550,97347823c911f3457dd8a342305a5fe24af8ed73cfc1f4a5c7be93f57c9e439e,1569885069401422372,12.0.0,fov-crop-224-v1
433,433.png,5e61eaa19a36edbf2346620cdd90bbfdaaa8c4bc61e13cdb5411524385558d35,b7b678064b2365416314980022f4c8b78c182eb6cc19610a6eabc0b83f5d10e6,4956495300670422582,12.0.0,fov-crop-224-v1
440,440.png,b34d776fb3356e9a92b9db3bc36b8610cd07950266dbd367095867870bc7fbc9,a8665b6da7359979cbdbb4190b8c2785fb926ef60a8b30bbe238f6cb1cda54fc,1463476077795490921,12.0.0,fov-crop-224-v1
466,466.png,48452acd98aca59344dc7155bf0e39e2244daf6925add0cdabc8ba5a8623b7ec,064dce2cc2ebee8f74e772f6b68d8e074fce4aac07babd25fdd38a367baa50b8,4620446309655591526,12.0.0,fov-crop-224-v1
467,467.png,91437c90795f1d825b4874c0a37b7d12651f5a461792e59a7842b164053a425f,1579d09945ab320be0a99e46d740ebeb7d2092e4943825f76c594c054455c844,4655912157787471458,12.0.0,fov-crop-224-v1
468,468.png,d5faacb5fe55ab9645333bff38ba888cb03235706f70f3517fb88f14280dd641,775af2c207825078904c11d0a4201d426efea86956e6cd02346af22d7fcdf1e6,421463887336271530,12.0.0,fov-crop-224-v1
470,470.png,539c6798e7e3e113d851fccb970ae6d66e172fbbda94a54a0f8ecdc636f32980,a984163751426a2d86801fdf2d90873fa05d3a3fcff4c1997d6d5ab4bfdf905e,1521463062647369290,12.0.0,fov-crop-224-v1
477,477.png,e2bf49ac07503aa104372acee453af313ee8b71397b179392b4109e1f1e198f3,fc5fcb79b7694755534bff70a7f72f110242f5feda147b189e2c0e02840beb1d,1255174661601308262,12.0.0,fov-crop-224-v1
493,493.png,5397e85710eba2ae7217c42e8a23dc18285c75bab665e26f1d330eb8eabc7096,07728ddafad5db77cd3912de6189d380744ccc3495b8fd7af84e5a9effb7e956,4620428649753821026,12.0.0,fov-crop-224-v1
499,499.png,0ed1bff417f60ef5f885c3472e1e7ba59ebb0b7157dbbd399b6a59e7efccabb4,76e7b6b8757b6ae5b978ec1dab81ef4392e61ce2a27dba646e88d8747237b392,1557471891885152888,12.0.0,fov-crop-224-v1
515,515.png,1da4b7f1722b7b8c8d3ebc4a9a4b3dc191e80eec9916b35dbf3faae1b27c0401,5c9a2605f817cd4d5eb343995ffa3b5d13aca9e4860a20c690d1f5d132181644,381488913037229747,12.0.0,fov-crop-224-v1
524,524.png,ba9be059605603375f4639784cf61a7e09614d1aeeccfaeab484f9260b84077c,eb5412e54e3b911cd6b8c5029ed484987236f5eca8a4c54ff575f81b10558059,4656474763816418918,12.0.0,fov-crop-224-v1
527,527.png,a678da5db0c95dc0054ad2c341355bc31aad855a82ee836e643b66dcfd8a9c8f,30fcabd6247079a0b899288caab80bb4f59c4e5e161fdcaaa13797775bf5b9cc,416682632049207710,12.0.0,fov-crop-224-v1
532,532.png,4b943f8643cf80fe0709059715958bd0b7a886e03176ed4fb8f30715c44d02b4,71e903d195d9c2ffa81fb9e0f40200d46176c5cabf879e87c95c16d34dfb9d7c,1516950813010131554,12.0.0,fov-crop-224-v1
538,538.png,36286b832a5cd940e2deb1831dfc1a2056edb1bf8e625776e286d923dc6952d7,90f8865fd47cbd15e2b4a2617ae89f492e2d276c79e365f9ba445f08aa1bb0dc,4665763567174707774,12.0.0,fov-crop-224-v1
541,541.png,204a5f95c0fffda1cfdd2b9425dd58d71fa9117c3a2620eb029788ccfeb88d0d,866b45aef59c20062f39c0730ee847f1a122052fef935aa2bbd025e08a9ed5c9,4615379486204575587,12.0.0,fov-crop-224-v1
548,548.png,733114bd95abe44a4c0fc925ee582c87f81bce197339fc85c8509cddd0e34939,4b613c4dc02e52ce81b923efa4dd622f5ea8f5e0fbcc8b020e785815baaebf95,380653833494871420,12.0.0,fov-crop-224-v1
553,553.png,74cbd1bc299dd0921d70daebfa5e635a9a8727840eb32a5f73b593cf65a2952b,b8af87bf0a17a1c863ae82a8d5e9f095ce6607725d4a805500ae46c1e6abf823,5903399001681702520,12.0.0,fov-crop-224-v1
554,554.png,40f7c9186dd7174f23575b4f74b54dce73e5b6b143445e3746a9aacf7097ff04,fd3e5aff2eda7f47855065bfbce73bb245ca0fd41a06e81c424a74ff20c88edb,4740344509535632230,12.0.0,fov-crop-224-v1
555,555.png,1ab4c776d61e1a5480022af89f2d76194914339126f1f196c693dbe6496a8a90,f57b1ba79804065c1477749fc30991c6449e2e463b713cfaa0ac905ea33c52da,1287262193690688614,12.0.0,fov-crop-224-v1
557,557.png,35acfb578a46c571aa04b58e1eb23a88f5e544b5459922940166670da7a79b76,3b3705c18514089bef3d51f12dfd8c30c3e742438dfbb84c80c71da14929a15d,4624369087973178698,12.0.0,fov-crop-224-v1
568,568.png,eec6dd4853c1c1c0fee37a38585ee3b1077b226bdd62c54e1f07bd5075d62bd4,b82b70c9acc35c974ab98a644b017c2a9e14c6b9882c7053bfe895be2a908648,4988039216343694146,12.0.0,fov-crop-224-v1
574,574.png,bd85239deed8f3b8b888e6af1915c2133591b23f67f958c528ae34bcb2dd002a,65387a7f99b94448c94ff1750654ae223ad6c90f4d941bb5862cb8b403bb9b21,1525974938662485370,12.0.0,fov-crop-224-v1
586,586.png,6523a5a1238d40fe6364da189278f28267fcf476dac4f1f57cfc43a0c1baac42,0e1c51704b2028dafa52f71ca70431d99561c434e0954075454bd4e960b42497,1570993334235724394,12.0.0,fov-crop-224-v1
590,590.png,6de7e48e95827c0c4102bc07aaca4ce4b99a928a2df7d4f68adcc55f7c676ab9,9b523e4c8ad63c678216382c136b1c6c84485ba9b4b0accd1af8e34de1aa20c5,4665763365303892063,12.0.0,fov-crop-224-v1
601,601.png,7bd3c2c263c595789990b7c30f5f9c2a74a43fbe0fcdecda3f96ae4e18cc41de,467dd426cd106ea47ed72ce1458d0c5187f6e843371a18ba63ddbac9ffacf639,1552978875867868266,12.0.0,fov-crop-224-v1
624,624.png,0be37b8a634d662bfc8a3cdb1e85e1864b6e104e132b028f347ee5ebb8440542,77b20f3d2e70e7eef7a39943d39f1e47eba27720ff0f6606aadba2d0ee7767b7,4669141065022847582,12.0.0,fov-crop-224-v1
628,628.png,2aa6e8e362845aa6eb11e894ecb67523d355de18e0000c960d1c3d64373b0c15,611fa2b05c4a0dbfc1ba86dc1dcf47d5206681a5f00ac927a03d1bea248f13f3,1542565014678038994,12.0.0,fov-crop-224-v1
642,642.png,ee68ee4a6aac96716b0aa6be81c1ad956abd9da527d5bd06133a2067c73edafe,b6c40b1999b81d46ac284955b8da57e0dc1dbb5f38cb2bcc4799f42234221361,4669422668915816546,12.0.0,fov-crop-224-v1
647,647.png,7157d6464f4f194cc25274e0229e0b85fb0a02e2accb7612646e3bf761957e5d,4967dc1938c4fddd1fbb65f728390b511a7c583bcc2b0cb5cb88c1213507eabf,1541720460628081528,12.0.0,fov-crop-224-v1
649,649.png,7970c18265eaac254fecdcd3ebb7e89340ffbc91707cce626ee839b847060440,7923ac66c2623260a5053e2719e39311e8787141bdc383f67090233b8c44a55f,1543690261495840074,12.0.0,fov-crop-224-v1
652,652.png,ebe8ae1db4bb18dd4b3324a6cc5ae319ae46059c1ab3023aa106e6314428448e,a018f6d8a5a0057ec5a1b4babeb3eb13d63d7ce06037ea2011985f4cbaec829f,427087755708873592,12.0.0,fov-crop-224-v1
669,669.png,fa1259b14d6c248dd19d2a2f061b3a7374f756e81a0e86aa05780b2ed7172e47,69dd28890c3b549dc0570e29098146c3cba47f95c907a8378e246fd8f9063be5,416963560563505242,12.0.0,fov-crop-224-v1
679,679.png,93a8fa0f89c30daffd398ffcb8b40d21bf21b6006e4957327cba7ef617c4545d,00bc88a83a20119c48ebac5f84c874b670d7ca4e0f29e997ff2aa9df3dfcadcf,4928370782140250714,12.0.0,fov-crop-224-v1
684,684.png,2d252047b5672a593ded0b44336e1048405f4122d39edbd7bebb767ca965b1af,96f5b593289181e00636e1c346c29ea6150c2cc14288bd61e33c7304ea943d6f,1570993299881339498,12.0.0,fov-crop-224-v1
685,685.png,89dc01b2b48da20d2c9428657b642330aefd65b06ea9981f6a754a1c196e0894,0e8bb2534b29383b5158f6c10673199056e4cac8c4c5ec76f7e5cd624f2d05ad,4669404947814562382,12.0.0,fov-crop-224-v1
686,686.png,e83c67b4b2dfa12fdeb67fc1c746800f9d1c25876f939ee2a11a368f12eb9143,14fb52eb617bd672baefff254b49358729c871eb12c64bf95cc5f5e1aad80252,5016750737640798840,12.0.0,fov-crop-224-v1
693,693.png,92549f85c3b521026fc151558d2ccb40b3c83798099fb34bc44a3af6e1fedfe9,0b017336dbb02080baec1b5926c5aad1c3c03f69c1c9eb52ba43610e90018c59,373035970795159146,12.0.0,fov-crop-224-v1
700,700.png,3a975a9caba900f987329f0f660442fe32cb896dd69ccec4df4d250b25c49554,7f62b5e8df447e25557d331005ad88ddc4b73c9bf907e9af7bac66cc3df1df8d,1541711689780719560,12.0.0,fov-crop-224-v1
703,703.png,51684c650810c63a386817bae9d04eb7a5d6f71971c554de3496b2a25001a346,66bbf0bef893fcf0e6792396efae2bd016463e68355fc10c22f78abd24fd0eed,409082484553448530,12.0.0,fov-crop-224-v1
711,711.png,3c122bcf7dab43659a41764243e57c935a7d09468d102c4fb2b7eda63d29a34a,20f7577a6ffcdef5b815e841ad7041fa346d6d9d79809218adc2c84a2e73749f,373044766821072754,12.0.0,fov-crop-224-v1
723,723.png,25b02f1483acfaaa99bbaa491015b3f4cb4bb2b11c636675d4540c7ffa325e04,53c3166a74b2cea9a7cadce6d8b78ddd18bb966b5b7054df19f13cdcf84d293f,4651390618023509594,12.0.0,fov-crop-224-v1
725,725.png,cfb85cdbd28a1ade07395505e68f3ed2993c2435dec27783e93766188879d75b,61853857ebf785ab79973a765574bb400b7c58aab9021bc5a7547773212fb56d,4624360318740475715,12.0.0,fov-crop-224-v1
729,729.png,650f8063f89a1378ec65fc56048897621f989a48ea56628ae7c30fd7d415e061,fe1475dd3839c3873bb263cdc19d1d91ed318a0f50671f50b8ece212c186e4e7,4655894422811197000,12.0.0,fov-crop-224-v1
735,735.png,6b707cf9dd59837dcc0de13b5d6398ff76a6075fbd2aa806d127197df5295114,cf7f71cb3998ac39db7f00260a8119b12613ceb2b5545387e1b2ff8c60248f46,4642383315690859335,12.0.0,fov-crop-224-v1
739,739.png,9de9b0d290e233a9933911e172627077a96cca091ee4ef6b9ee0b5ace5c6235e,06c00ca7b6a3b7ce5f152465f70d1d3208262b45c0b8b7d3e2c5c6ca9e3767ba,1533856299208567660,12.0.0,fov-crop-224-v1
740,740.png,52548dcd7c0836b7142e1bb5103eeb1f480ea4a20859dd411a775fc36c4f5c2b,b7534dc2d6d86ad30337b3c60dce9266d263e3526f74c7f966b5a6eee134e035,1255736961942056537,12.0.0,fov-crop-224-v1
765,765.png,712d12f16a9fc50ccd6155e11679ccbaa808402d00eabde5a38b8da5c624eb1c,5817855dbff505246d61bbaf4b8d733a448bd13578d05cc3756f152ab439f95b,4678130663502654302,12.0.0,fov-crop-224-v1
769,769.png,ed5a499f872068fd5259b22b87d71ee74080db5bff593daa5024881626c24e75,596f9c2fa17ddfe6b271836c7f9344f865d7204312b524e3fe7defb5ed177355,4678130637800486927,12.0.0,fov-crop-224-v1
776,776.png,f6b29e179c21e437dd4b6a84d11e4da72907e5d24e60b4232cf704e1383341b8,40dd2e077b8500e389de528d02b728cb620e3cb518c4a8e15eed3e4a89eb9d55,4678429739255867976,12.0.0,fov-crop-224-v1
781,781.png,99c1984e10482671290edc80d6885d164bba692d0cdea8889c6bd0f821414d1f,a94dc76244fcb04ff70daf5581cb45339064cd921917225ea08a04f752a02b66,391067940015262448,12.0.0,fov-crop-224-v1
785,785.png,ff1393cae955c320fdf60f3b84b4fb8d7be13c097cd07095d394e878d7a5858f,87b9ceb1ac261aa8f1e0ace9ca22dd14d651900c1e2cca84d0a26e29a0fc1c24,1547345107587570538,12.0.0,fov-crop-224-v1
794,794.png,2bdd4aaa14416afafeeb2b7bbd02781a052ecef39c74f97005094e1bda07ea43,e86ad60d5758197911406d5ee96daa1cd06140d010b3f445fef225eb6b599e5d,123097058469489246,12.0.0,fov-crop-224-v1
797,797.png,0f51ced9c6035e1606e91aebfe6040e6edeffde0984a786e2faa9c2038dfb6d6,2417e44d1993576fda29497756692bc4580764229514594d2d6bfda11a3c5e7c,377557128180817242,12.0.0,fov-crop-224-v1
805,805.png,cb68882bfaec0523c8b2bd8b70fa27d827136c2fcbd48c5aa96d57090647682b,544b8fe781f928bfebc02124b9ee511d5f32e2c6a7645f99fbc123f2024a73f7,4642119467259672847,12.0.0,fov-crop-224-v1
813,813.png,a4a7b303656dd6f231e65558b077c1bd04d5a23638c6de2b676ff728baaf8483,af7055045b0f7280d1522e8d16430db55b796b40abfcd51e39a900b3708cd3ed,404569802063636811,12.0.0,fov-crop-224-v1
815,815.png,f78094735fea501eadc610da93ce8b8b467f3fe7dd1286268633efe105e9f5e9,52b4d302e7e1c3e7e6fa4d2511c2b6e927d09521d3fd27897ff41a14af7e01fb,1542863531765295730,12.0.0,fov-crop-224-v1
818,818.png,9f139736a593b5d3520827ac8715212909d564db28902be02220c376c3aed527,31228070b72a8f5898b20dc05d4a90263a4670530d709aeb8ef084df8f3bcd13,4628872680017235826,12.0.0,fov-crop-224-v1
822,822.png,e9b04dc0a588004695696aa6ed34eddd429da6fd4566df43340f7ab5ced2ad85,76db90f657818868468fb45d042bbe0e96c9981637cd1eb539fee15a5ec2e177,411326025076202074,12.0.0,fov-crop-224-v1
823,823.png,4d3968529a37b5d223966db3af70ba50823818675975bd97ef9f2256a7170241,bfe60108676efdfae3fd218e398a08b57337f8a55613c7405c3586f4939cc3a5,4930613683319875913,12.0.0,fov-crop-224-v1
839,839.png,1d41f60e9a2e041abcf39a918305c5e615a5e54f0c21943a022c7f627c7a13e4,1eff8ab7cbfb56f0fdb620be504b475d1a9b4d2084b7a1552fe51bd24f3a44a0,1525957441041362538,12.0.0,fov-crop-224-v1
861,861.png,81a5f52af2a2eff2387206ad94a3dd30f34f434927b85e8e93ff74ebc08da5fb,7597c188cb6bd83314384f8189c97540eb5b15f5c6dd2886722982790f13d183,4628873534710484978,12.0.0,fov-crop-224-v1
888,888.png,9ef39ebaa7d58713d0a95e6af9914d16e94be9b3dad1889dcb9a9e6c745489f3,f1bcb2ecd42e52e82749530312a0dd1710cef3c2419371a0b7b2a5bb684ad638,411334296715024986,12.0.0,fov-crop-224-v1
894,894.png,ffc2d9fca3441bedd009b9337b952dd57660554d84d9ba66826a4f70468babd5,359acd6d255a512a43eb99ad19b9dd3ea85ff71bc6d43729b4733332aba03557,4957358400914341491,12.0.0,fov-crop-224-v1
896,896.png,b8517f41d734f155eda3ca7c8ee65a28208f80a61e88baeff8bd2b8e68d5ad06,c3cc8480d5e7cf451388bf6399a2d03e88196feb6dfe577d3f2e5d83d6e255d4,5826548542778387535,12.0.0,fov-crop-224-v1
901,901.png,6f03feceac8eff759e6d65866476f7d7469a6faf25ce265febc390e68038ec47,e1e976143efbfa1602be9e02b3a42f16c62ca60dd912b02d5c019f49c3afd6eb,4655911818426978170,12.0.0,fov-crop-224-v1
904,904.png,5ea260a27c1e80edeb4503463ef74a0282fa2bbd50f044065bfb64b0777160ae,298b6bc7db2e69cec1391ac3c54ff51d0564905b45b0f93417fd4d0ea837ea13,4624368951539801887,12.0.0,fov-crop-224-v1
908,908.png,b74a296f63e576ab2d2f0d3d6a6994618b84259408a453091d9827800d4aba2a,3407e933af8d45e9fa9e6da2c067fdb9e316a86bcf61de2d88f5142760f5d27b,4678412147068254542,12.0.0,fov-crop-224-v1
910,910.png,0b774cdb8913947d43ee8912b80384555e9f620d3065913667dc97562e6e456b,c35f84120f35e0d68ef80b0fc796e79ce9ecf65442a283ab13fd0e2e42257c55,1525975204958985556,12.0.0,fov-crop-224-v1
928,928.png,b28084db25afa204cfaf1cefeac6ebbf198f17b646747575a19bc67a209c508d,cf7f28571bf66760c17703483784254ea5678b8839d75ed24882b62ebad34981,427096603823987818,12.0.0,fov-crop-224-v1
931,931.png,efc3bcbda41b6c8a705380c05e219970455b6c6be1a6458fd6f93c3e2c0e1deb,ef88b592b83413a28f418e06809647c15d068765d89d3fb61c98b399c7c0763d,427096586643987816,12.0.0,fov-crop-224-v1
938,938.png,d4ac168e7fe1b7554eea69738eaac37f7d1c781fb1e9ca98b4614ea3270b1bc5,3e9bd5e2e9db550bc23625974ac9b3c0f3023070bb5e36602699d15cbfa0274b,4678130672092581647,12.0.0,fov-crop-224-v1
967,967.png,c2854c2f0e110e0b6f79ac612ed721838418dedd086760129dc49f8749c7d4af,24c9a34eb9a42cac81f549f4f55e79a05ee6c5f4a4cd93d274f13f1a692427ea,403453041308085195,12.0.0,fov-crop-224-v1
973,973.png,d3dc8511e33a6e2920065174c8879ea89293896844363faccba153b4af4e4aba,a30652308dc33d9d243107c949787af7b9908a4ff6e9e79bd436fc1afc54bdd7,1550744925667408714,12.0.0,fov-crop-224-v1
976,976.png,bc51834105e5700d89e9520abd50f80a70638a4adba5fb01ee577218daea52cd,a22873c65793a8dc8b8f6dd29cf23a69cf5fa21549d23fc8dade11a6531b5b92,391067720972656472,12.0.0,fov-crop-224-v1
999,999.png,5bf7e5457672cb2a490e0be04e369624fc2e907b93c0249337d0f5282b4a6a01,b24ef77ac3ffdc70250cfa2c8278bb0fded8214b4365e188adcba99fe6ebe925,394441125376719450,12.0.0,fov-crop-224-v1
1008,1008.png,73841cacd1df29583553d6fba76bd3ef4150c78fdf8579593b3ad766d0407b31,f29f3022da102e9b264772f1b1f81257d105a348dc6954753b1c96cd8dc914cb,4628863755075336794,12.0.0,fov-crop-224-v1
1014,1014.png,b5f1adf2f2221b9814aeb9da187a26291011f063af2b9c5607194b77cbdd2826,18e9dac602d95208427c060db277647a46bf52eb5bd370dc9f7ba09db854a0e0,380934759252647526,12.0.0,fov-crop-224-v1
1018,1018.png,fef5dfd20df3c40a1ade308da58591d2ca6481a199ee594ea4af3a166305d67d,06f2e356030005b5316e926dfb0f90717bed514790ddb7eacf64e272af87e4ba,377556990813698122,12.0.0,fov-crop-224-v1
1023,1023.png,0743873ddc1be21f9f90cfbe2e4997d29a26ca00919ca74ec0194e3841b30307,59671921fb8dc79496df1b68a5d614fe6931437c7c439f690419a1c70e6e1bc6,391059019369044570,12.0.0,fov-crop-224-v1
1034,1034.png,24dcb6f7b286c56662e2ffc47356c587b75ff2ae833c8c745e40beab2ecc9a2f,cf36483f00f02c5fa8618d5ab2946874e3e36ee35436154a90289ba93f1ed059,5031948143935765096,12.0.0,fov-crop-224-v1
1039,1039.png,8e242bcb344c4709a393342b5d51c7c7ea65bb1877915cf1e55ca0f830a1f377,ec72e3a6863844dd5e9fab222bba3afa15a808824bac5d9697cbb599c513ef67,4641275179764300920,12.0.0,fov-crop-224-v1
1048,1048.png,6db0c79faef390c8ab4deb2696381cc42778050e5d3c35a81d11436404d11c0f,509f1e58b25576cb5d480e2ba792850aa4af8a627d259c643e26647af1c9d3a4,1525957432455544402,12.0.0,fov-crop-224-v1
1054,1054.png,187805373473b431a91b18fd570c8c043d4df3471daa05603d693269170fc87e,4335508826cc2568dfbbcaa15597a36164ed30556080c0b5f9a15b62787cbb4a,138519839889165134,12.0.0,fov-crop-224-v1
1055,1055.png,aaf16779acb2931db8e25695a16cc9c24f0dba7eea3387091e8b4dd1355ead01,110569bad15f47dbbe8dc0a01230eaf58506ad49dd9e08c9a9cd2e75493c1bab,404552302816034652,12.0.0,fov-crop-224-v1
1060,1060.png,604d903113cb69956d2eda2af70e19a24a42717686fe60d3fcf39987848ee363,9146f60aff0c1f0a456dbc6282518bea38f7ca86638f8a611b4c37cbce09ff7b,418089700920949074,12.0.0,fov-crop-224-v1
1064,1064.png,fd8138fdeaec3346ab0d5245edae17552082a546a00a59759db0292a88f50256,ce10ae63991ef75b72310fbacaeda404c7e43f462ec137eb6399c0570c14c886,425948868038901346,12.0.0,fov-crop-224-v1
1067,1067.png,5f08864c48de2553cd55d6eb99784d4c7092f1779a17df207b2c2581214cb898,c5f3f5a3e61e444859ef82dc5cd0b223c87dc8888cc0894812b4ce317a1dee12,4667162562024585322,12.0.0,fov-crop-224-v1
1069,1069.png,7c046bbae7a6eb45b2cf3a8bd0dbe2f0c963ba3df0b5c57a66a0d0680458ae0d,6ef106446825f1ffbd13f763890aca8c26f9b91f255297a120924ed0ded1e44a,1543971839551765066,12.0.0,fov-crop-224-v1
1072,1072.png,bdad34a04fb96f83c1905cfdfb3559710d5967fa4f897fde5e148102f47f1cc8,37f1375095167e9c2b38a6abe7cd6f23ca3e2ed1c4290ecc8de71db033ec64ad,391045833487171145,12.0.0,fov-crop-224-v1
1074,1074.png,9fbc4ad3ee6a1f0908c991034bf4907aa556bef2f02a1faec3422dd31d675804,e531389038d76c5ff05fdd2d51854f45d35028872679ec177778e44430464f28,4642119527388159759,12.0.0,fov-crop-224-v1
1091,1091.png,c73baf0a907d0abcd50690e73866d8c93e8421a24a2d7a8378fece219b0105e1,cf3480212601d00d0d74f02e4f571e065600bb316a061602d0f6eef99d85c795,4669405050894289742,12.0.0,fov-crop-224-v1
1092,1092.png,9f1a80c4ffcef08366399bec86b48a1116f404beae77c064b2107e2ccd6fe6a4,e0f3f9a185d7208a3e623f45ae76940a37420c6bd2325f97f24c8ee13bd81b48,404578889220905576,12.0.0,fov-crop-224-v1
1097,1097.png,29b7f7d1d2e041463f044703eb5c5e4e37bbc29fa7d2a90ccb3379d000cbfc70,c1ca602a9b2564a89889c1f65617f3ab8f6d0766311c3111a61505032bad95ad,400075285298756186,12.0.0,fov-crop-224-v1
1098,1098.png,3e2b6e61b0fbd4eaf078748f1ecda17de7d5accd581ab6fa67ca9756e3a34003,aff63b54ef86874f33655a2ceed45355cf37a1131aa5dbae29f201f9e680ceaa,4641257450143493903,12.0.0,fov-crop-224-v1
1111,1111.png,1eb05bddc791beb280cd8e5cff8da89eab7c968ca9c145b88f07840d4c7141af,744e57fcfb2adc96375a858d983853a19e4890be39a1f3b1bc1d41039e514d0c,4655894604250881912,12.0.0,fov-crop-224-v1
1128,1128.png,22a8189f26db8abd4c59750a56be98a86264044db854fe7da389f558f1f10aa2,374c70b4a9d20c1b3bf32a6872ea9b02213d8fead9bd3efbaabeee4a61755ae4,4622134932890848079,12.0.0,fov-crop-224-v1
1130,1130.png,d7101ab127200ea83a68dce2371502c5b439d1652a2edc2ec59a0270c8beffcf,7c2aa55d6a32c076cabe0300e9358bfa3d4a664b23f342a3ffbc959e400eba99,377557407420669522,12.0.0,fov-crop-224-v1
1153,1153.png,48d6b516ad2f29a475dcfd791546b7bf2bb36c2a0737209c0c0009a9cbf08cd1,d5f97335b33874b5599b3e85c117fbc2928d0be7c59270e176638ae163497940,373053562980416114,12.0.0,fov-crop-224-v1
1157,1157.png,19f5947dfe516717d8dea471e58bd8e30f987c9bed45e7288ffd7cf8fe301d72,fa524358c0d266f8ccccf46b9a26d3fc33f6d9051a111e04f336f59c6a42c285,402322948458437210,12.0.0,fov-crop-224-v1
1162,1162.png,df11d315902efc0ec401884ec897fbf59c19f6c25df978800efc9cb23c075874,06ff367a855deb8bd4bc44c61f2088489be5388796eaa3319658696cbf6c49d5,409073709868015186,12.0.0,fov-crop-224-v1
1164,1164.png,d8f5f51a1e4515d0546052c19413d34a20d9513a8b58717821680d0ad00cecac,b51fe90c1c3574a18e1e3ff0f5cba26b0fa4087204c631093467b4ddcdae0386,391067858413694820,12.0.0,fov-crop-224-v1
1165,1165.png,051f9ad7976c59a6d3f69e8fc1f410fbaa94023fbf4f84060eb1f23660baffca,41b9c12b6b55dc2388e1179c156e4df7b284d42bfbfb2161990ec15ead28adfd,4949741228908572273,12.0.0,fov-crop-224-v1
1169,1169.png,de1d25faa44ce5b0fb594d4d404d052d014ca28b6debd4637c409db15c9a2204,63338003a7ed78719807cc62b04a6958da75cdbe1be1cf8ab2aa555c96134397,1253520880121097180,12.0.0,fov-crop-224-v1
1222,1222.png,ca1d4069fdeb898e1b6f30442e8ce7b5f87db4d5d621392e815fdbe6ad799c15,687d2940db89b82863d5ec86ff9a27202ebcfcc4f087be16ef5f0f8219e27e08,411333962244323930,12.0.0,fov-crop-224-v1
1223,1223.png,ec355cb81d43ad38a7dcfb5a831d9c5ac0e4c25be975133616a32263893b64b3,6da7e6ff7619aa03444daef1798164ea378c6ab7fb9cfab484414b7a264052b3,4642383547617782390,12.0.0,fov-crop-224-v1
1224,1224.png,b4fce569f687ab8f673935e6ad977d75b390b111430384fb54c01a7273ed152b,8591062e3c22bcc511cd826216e3a3e14c366194d9c30dfcf60a6236d47ad007,391067927130954354,12.0.0,fov-crop-224-v1
1231,1231.png,6f29719ef29106596d8267aa292505b5fb800e44d6c234717e3666df866104b3,a0d6b8278eec44e55991717097c095135242bbd9d8e46435697f9045ef75dc7b,4666044831690137438,12.0.0,fov-crop-224-v1
1232,1232.png,c83aaf8c7da0caf136ee43ea8b93656bb7d111482b5158ce2fa4439f258ed697,03c0ee6fba2ceb17888f60bd0f03cb39ce32cdf17dbcdffa22c0984b111eb65b,4677302834065456996,12.0.0,fov-crop-224-v1
1242,1242.png,63a4452b9ffff5d131bc6fa5ce600c9d762f8bb246e6a5e947468d935da01f95,3532a20b0eca94df7cc6762c3d51eb77362bbf0f7a34234b46c7b691ba5a66c3,409082188133972602,12.0.0,fov-crop-224-v1
1252,1252.png,da12735656f411849e7f653cd9b2d1e02c3ef5f195032f8d0fe4a7dc083ae991,3d3bd3eb678b1b785d5fcddbb54b929cd1a51c7de76b287053ee79476042f722,4646886906795526926,12.0.0,fov-crop-224-v1
1263,1263.png,6120cfff4e389fc73585001fc9ba41a1dd06c23693d584bed45963b6415f29b9,29bc1cb61567e7af5a31b795eff53a09c8e1a8e673713547a5e0f53eafdfbe36,5813038018708122397,12.0.0,fov-crop-224-v1
1274,1274.png,c81078ba87e2f86801ff54d2b2e723c8221fdda3c8740df180f6db60b7e9a392,a0c9a4ef6127a17d8ea973608b524196a37272b97c5a4b11264800031bc3e514,4725749831844395225,12.0.0,fov-crop-224-v1
1286,1286.png,6a70dc13ae59c5f8ce725a9e055cebf43492ec0b4bf2098158e9e2944b7a9fcf,f244c200a68028dfb59a5e67387c85ac4da3b073d8d478cf0b9eb7c34cea7e0b,380934760242178554,12.0.0,fov-crop-224-v1
1301,1301.png,50b9cdbac39ae3ab17ccbc3a7ac19d8fbce421801e4d26a7ef5cb6bb9d1a9efc,c5617c66a4ab7516325cf9e9782e96e94579830d968a3ae4dbb5fc300b53cd97,4646623032527304975,12.0.0,fov-crop-224-v1
1302,1302.png,9a5e807c0d3972d9d0072bfa1622159a351df88c578bf267f643585fea3e3cfa,132846c1cef4df26b1ce684ae727b158aed495a627585086ac4a73af2abfd821,390786933184952930,12.0.0,fov-crop-224-v1
1306,1306.png,e8ac9af8a7d64f141d9593f0c7030ab8345febfbc347a398018b328a5bcd2eb3,b0ccbda512dc874ba3f18b1dc71ea87019d6900ac1bfc90774134b62f5c5d9d9,5867352758723554922,12.0.0,fov-crop-224-v1
1308,1308.png,3d3dc81a63e1d3d4a5904ed1ecf3c486c981a53fbc2ebb6f8ace09bd27a5493b,5bb588c5887ab38529befa10d2d17fd67b995b911dea894d7301649eed6579fd,4615379782553583462,12.0.0,fov-crop-224-v1
1313,1313.png,14ec8f58f1f10d36fdeab3f854c3bf8bb75bfbd19c1e38ddb85dd2ece1cc97a6,4358961eb288fdc8a1ed43424b70890115b3a20104cf9eb54b6bc0e6e36c1827,391063555843173234,12.0.0,fov-crop-224-v1
1316,1316.png,a2cfb941247e99f5d13528180c8ff3c24b69bed680a606daf7e14275437620c6,e808cf9e8c446d014a2a94844a65642048781079a0d2f935067dedd3286488d4,4917110898254032474,12.0.0,fov-crop-224-v1
1319,1319.png,663366951df244d407a33997c1fe3212665947d75f9c37ab2c0a547bdacaadb4,12a787dacd4dcf572c728dbc5b2c8c6be00f941f2df59e05bf83319d6a7ab0a4,418089456111082086,12.0.0,fov-crop-224-v1
1324,1324.png,34d8e6e4cbd8406982d50cc8eac685cd20aab32c5d6130fde320f755cb86f0d0,19a6e2daa386dd60188801de7c53e0b0e793ef281aaed7e66adb02878f479e6d,4642119596107643734,12.0.0,fov-crop-224-v1
1326,1326.png,b0e9ae56c0726ba7ec3278c8cb1fd619cad321a3f6597f40cc2f2985e35a220c,1a16b0ec1f9ee9701fd901acf96ff533dca343d008e65099410d89f53c74c088,5867352818585845368,12.0.0,fov-crop-224-v1
1327,1327.png,ecf38f1427bb13e2247c19f5b4595fcf0b6aeb5da2dd5df85cf2d2b4fb427d38,0b5161793ba74d33834e6f290b21a800bc793b6cd641cf25af04e8159164e503,4668006369024043646,12.0.0,fov-crop-224-v1
1340,1340.png,8c8f18a3046101b6eef5754e3b26b1318c8a74dd1aa20cc4ef0c0dd0c5015838,6151f842ba2a7379835c9d4cb2abe97498c36f5c2e4855bca86c748b96948818,409073495186766426,12.0.0,fov-crop-224-v1
1347,1347.png,73a913413ce4045c8b05a7f61366631c5c29db63423c9b79ea3dd6d6031e902e,111a130a0883f771e2855efd645a3e837cfc1a476de005898f49a65619469892,416963564794505772,12.0.0,fov-crop-224-v1
1357,1357.png,eccfd78a85c729bc0a3ae6ea6ff07fd9756fa8c9fd1d9ed0095c624077eb125e,33f43ea5509692711732725f5d87e42f7dde1c0427d7fedae86ede74d9d94e6b,403457859796499038,12.0.0,fov-crop-224-v1
1359,1359.png,cfe8849151e7d5473229430020e46dd418a677be1d0f7e015368bead217bdcdb,3e54e386091910889258a4a98ca7bf72eb184e7c3d4a86c549f9e87faa7b7c6e,5804312973049080664,12.0.0,fov-crop-224-v1
1363,1363.png,39458bf4bf7e69417875cb78b2fa89a276457d9fff551aa8d0fd1e18424aaf9a,d8d35f7a20c9d41e4f08a16d41060f24638051754d78a34a4e4fa7f7aca219d1,1530470077204617842,12.0.0,fov-crop-224-v1
1368,1368.png,1dfb1c9528a6a0372e66320e89db15b1540321e49867f125e0eef8d8889f7de2,138fe0576cb315e19004380bd1435e35a5e6b184486f5e5779ab521ed1a237b0,400079683278102122,12.0.0,fov-crop-224-v1
1370,1370.png,defd925c848d1a74338ebee90c192973d27407317a379b4ecf5fdfb0a71d492e,90dc285a5d3b3e0d1bd85c42af0d5d066dfd5d8604f8e2b61702af9ab8f10e81,4667997538571288335,12.0.0,fov-crop-224-v1
1374,1374.png,f516e25c68ab03a57dd3d3671fcc3a87f2b2c800fefbe63601e0af2bdec5f001,ebaad6ebbb5e5ccdeb070ebc645287fc6530df2bfe582d04f4e3e696f4da2653,377553657634372170,12.0.0,fov-crop-224-v1
1383,1383.png,008d97ba42aca4903e812753b50ff2da140d20fe7ae99921fbea4991ce1946af,e3ddfa0eaaddd5b8ae5eed7c9f9ff820ee7c23a90e0925ae3fc597f64e60d4fa,4654786244929138534,12.0.0,fov-crop-224-v1
1393,1393.png,2db4a37233921031f1cc95ebaebbc8cf846f93688a92e3f612852062f1dfed64,48d630ee38b9a9f652ce19145a940788dc056d2e0efc45221d0124654ee589b2,411334030956063306,12.0.0,fov-crop-224-v1
1394,1394.png,7279f1154ae5b5cbe36125276d65012cfd37fccfe79f46969943f032f9a758da,bb8c9bb3a02cb5f10980d0ec78d38440e04ad128fde943abde2b142f02a3b5e5,4678429704895605518,12.0.0,fov-crop-224-v1
1406,1406.png,ef9eef1caa0f97ba871f54856262e4b15addc816eb6f69b21b413dd1dc69bad8,d6431c551baa0f6f84ec19e5fdc2f0dbe826a853f46545464bb81f4b9c4cba3d,1534969413002869726,12.0.0,fov-crop-224-v1
1414,1414.png,7396ab115f2431dc6c691166df2e936746ee0a3409f2eb081ac0e3a80e97a4f9,2de1cf859720be45b645d6dcc72ef0f5248960c06fa5788d9f2cd0d9f2069e96,4655613077678996058,12.0.0,fov-crop-224-v1
1417,1417.png,279193307a1707d1dd106d06f90fdd461f47f7bf626dbc672698216e7b6851cc,ed4b762c83ef4939ae29cd158641269c7c96b5913c91f667d9c79eaef44061c3,4669405497570372428,12.0.0,fov-crop-224-v1
1437,1437.png,8e662aacbb2a6f9c9efbbbd2d7c9a8ab7381d0d7c21a9cc6ddf0fe9b0332ad7c,c7eca6cc3d26295b953bc5830ccab144664b5454fdceed282f951aa45d437941,1557500050231540298,12.0.0,fov-crop-224-v1
1444,1444.png,e63db1df28a5e390d4cfe8302a35cb12af3e232dfceeaa06c5de415c08e32d03,2c14343cdca9616e324c5c764ca01227e6c5a1a0792de61560f0096b62bd10e3,415833163751317082,12.0.0,fov-crop-224-v1
1450,1450.png,fd60d91b317252c5480a20efa6c90d7d8a39e91451f89f28c7077566d9e567f4,3fafc2d0b704bed7cdc2d7669474dd5292a472329789b47f6d8c097192351fe4,409082128071031386,12.0.0,fov-crop-224-v1
1467,1467.png,b3309d3ae284b930e760382a317f1be74e268c1c6d9112d4e7c89dff64c6d068,283c69c8dc655f44c095ed5e52455eed53127604be5837a0afaafb76def9f4c2,1552979116116433486,12.0.0,fov-crop-224-v1
1478,1478.png,e0b79d18792f5c9f19f6f70ef4d57436b4352bfd4b0ade4e23658429cd4e1d3d,61d02947ecc594e556dacb954cf68488be5bb092e6f46d49aa954f62264e49ee,377531594667220818,12.0.0,fov-crop-224-v1
1486,1486.png,e1f64d8592ad2dca74d7acf4140c2be2c5d7ade4cebd8691cfaaf591b00b9184,8eeba2b5f73b846dbc42084f2c2a367480fa1594bbae48058e94ff33074f0fef,421449563710306938,12.0.0,fov-crop-224-v1
1507,1507.png,445b641afba90afba324d041ce5baea0eb80a850c5b411f2c9a367bf8255e41b,08043dcd43cc59912ed1c3703ecb86ee1cdcc72ae70957848c2e026952f9b0d7,4929246477398784972,12.0.0,fov-crop-224-v1
1523,1523.png,fbfffd1a56cb6aac71ed51b979d64040086042b012a052a5201358f2e24d6f50,9cc65786a7c531fe9d44dc781222abde4b322ba018d4b5a95c95bd9cedd481e8,1547631358041025205,12.0.0,fov-crop-224-v1
1529,1529.png,44ea5d68ca5fb27493e405e8f4798977744261625f571aff733e3394e0f9213d,af9bfb2dc6b14a52d77319e6eb4e30feba6edd1b0d0f16db4d160d4f721db2d6,5815289835696764959,12.0.0,fov-crop-224-v1
1535,1535.png,c4bee51c83322f7754656b3497bbbb176d23cf88115b222b66fa47e060daee6c,eddb2de71ca17b8c5b42dc0ef09d60f2c32420102fb61884e7d0df192107865c,1491055510484380977,12.0.0,fov-crop-224-v1
1537,1537.png,e5ff59a4658f620e0ab608bb923027f1743b19ecb9532eda6051600b520503b5,3469b3f45d0b32a336b3deaef1d6c307f5aaa5babc00abc25d058c622a54ca1f,5832178059443988493,12.0.0,fov-crop-224-v1
1545,1545.png,fca35dbbaeae5ce70693f239803b2f36ad14d29dee8823888fc58b88ec6c4c0c,8ed9764f45d61c29961904cabb07f465aef65b8b76428966edc57407f7a369dd,1161720881062363072,12.0.0,fov-crop-224-v1
1550,1550.png,8cdf8d0812b3e77bad59b4861cac7febe4089687edafc2c51eb076289d9d29db,26dd482a9cca251b8531ca5e934d67a9aac79ad1deb8b4173ba0b597f1152c0b,1494422472243376022,12.0.0,fov-crop-224-v1
1554,1554.png,1883ee6916e4ca2103321f5350125122f549177531b7ceb8caa22d0888254ea4,9f1cc5413d6e879265351291750c70cab8887700e9cfb869c55c5185fdb3cb24,5832178076598691855,12.0.0,fov-crop-224-v1
1563,1563.png,3add1e260c1f97fd0fbb3532ea48171dbfcb405481b82db896a64a06a7f83cae,1b51eff3b70c57d4989229c4b99b09e0e740c996ad1e720d821be7eb199414b2,4656457455362849888,12.0.0,fov-crop-224-v1
1569,1569.png,55b4edd3299867d6526e1298c3749fc7b79f9f79afb1bb0d24352654e8984453,e3b60f72967812d58beafebbf9787f9cbbaa06984f5429a3fba33d7a07d58f6b,5825985627118921735,12.0.0,fov-crop-224-v1
1594,1594.png,394e0ac54b38fb3cb1ff3bc89a775e4d62e18fb7e1c890d614b115c74aac8d75,6a1172186092df3314b5a7b2d8d9f2e6006d63a7cb361d14ea23ee3bfc20c9a9,1555230929007766734,12.0.0,fov-crop-224-v1
1603,1603.png,0619bb689bdb47c3b50cc09fc81ce01ed96032d39c77411297456241ebf830cd,bc8e43df61697ba261307587ababcce9b2eae02804ba7987141d7cc0b0c4eb9a,1555230928813780090,12.0.0,fov-crop-224-v1
1604,1604.png,094935e3c695380fde7808e08f60e5b7dd80362f076673416519db19244e7bfb,fd827f280d11a3e4c6560f5856715a5a713e1e1d73d152019c52360a0deda1d8,1564238128001416522,12.0.0,fov-crop-224-v1
1608,1608.png,1e0278cb056ea7972e2004040424a17387e80fc5d152c42ae1c3f2ba851517c0,0ac9eb2dd54d175534d0bae95a43f09b0932bb3567b193a4b82abc6db372eeec,1555230933034220909,12.0.0,fov-crop-224-v1
1637,1637.png,e2473d69ae13e9a0b995e42b5fac1bf1581141e1629bf92f4628fcf0ef11480f,d00335c14bc125e74877caff955d22bc06d2b42252a769ea33bb4c147e330150,4679274164176054847,12.0.0,fov-crop-224-v1
1642,1642.png,33d8c55c3b5621d3f9fc42ed9e6cc82ea16d4629488d9cf897b4f89844ce5afe,63cbc698e5a69cf85a9a8ec14f82bbed2463623f23a62804b303d3e4d1c647ba,1554403937150991013,12.0.0,fov-crop-224-v1
1647,1647.png,6f8fde316158c5568d4272e42f7bcc4ad9a38a34aa6b509a63a2b8c9589b05e0,ae235e166d90a36503356a9c803845359f0d6ee70b4d56f15db1724322c9e827,1564229331975498443,12.0.0,fov-crop-224-v1
1650,1650.png,135f388a45fab79c9798157bb5ee321efcaee779fbbe0a0ac3bc9ba804740d94,f9eb20fddbbf8a0b3ca34eb2805b29b04ffcd839528e72836b9761148fedca15,1193532492618869609,12.0.0,fov-crop-224-v1
1670,1670.png,8c928c970910536be91a65f0e10d15e5c0371a84eb1348094873ad9c61f30b98,1eefa2fe3bf07665db888ce6e70f6600eea79ca4f9a5c0686858830866b567b6,1563125423283333721,12.0.0,fov-crop-224-v1
1701,1701.png,a7d55a71f7a5ba4171389d01a2b364e0e2f9ff0315f187378b0751e73f2134ba,b08166f081b9f1fd8366b5a11ecd1db345715f40f85ae2279566b5626cf4c72b,4661259567850531943,12.0.0,fov-crop-224-v1
1707,1707.png,9f993895a069482cfa6d6d453bf5adfa17ba176b8802f2e96038020a588e5c03,2feb1d6ee55d4c8d5d2626ccbfecfe1de01d2e0ba357165e3c09528988e8da54,4661260035989454399,12.0.0,fov-crop-224-v1
1709,1709.png,e97af11a307b13fc359e7bafe6717bc49fb593fb6eae9fe5197bd5fd366ba89c,82ab54f19a5aedbc09ef26c7ff957413d8db35aabf0b0bd9be9b818bbab1ca55,4670267239527038524,12.0.0,fov-crop-224-v1
1715,1715.png,a03ef7f62b4f756493b5040984696570eafc32440e6e7026e83c4649d9d58219,8f06ad221d05eb7fc099288f9136dcfa476bc399d42b1f1b1db4c51a2ae5e7ff,5814155122522744879,12.0.0,fov-crop-224-v1
1716,1716.png,bbed43b19bac14ad01358e69b6a225e9b731a5cfddf196319adeeb79ff55d620,af9f5024b86827c76a3ae0b32b0ad292eeb998a0ee5e1843cb0408908805309e,1572401028020332579,12.0.0,fov-crop-224-v1
1735,1735.png,3e32cce335153153b8040daa6f4111449dc89681d5e6129b1f0fbb40839d03d8,e4193a8b63768558d203ef192e16fa4ab0733f16cb8b45bb3cbfc4ba1717c841,1574652543292565673,12.0.0,fov-crop-224-v1
1737,1737.png,ef06698426a6c969ce72b0ce67e31651f93ad12b213320bf3898dec35806f8a1,a09eddf33fe675dbbfa6d40ab1c4886af3df7ca774f889e85d54758ba34927f4,5823733827296847933,12.0.0,fov-crop-224-v1
1738,1738.png,f633255971bef4f6a82728625bd56c7b08d5c54084eb09370c001c659676da23,7582c94830f31487d12ae93ae090d69d1f1691eeaa807c70d224ca5f13b93164,4724344653077756972,12.0.0,fov-crop-224-v1
1740,1740.png,41a88398e7ef31067a7133f376aac5fd9ba3037ea631264da11e1385cbc71b3b,9edc32efea07669a3c28d27488a801497fe7e44dc7ff31f6fd374cee6139ae8c,1497810909919013302,12.0.0,fov-crop-224-v1
1756,1756.png,a0706c00e2cfc3f41bb4b59e33ad6a2c142d8c3b4dcd0bf402bd85e979f46c9f,8de8e0913150bc78b42e808e70de3e0bce98909b49a5e0eeb254e9ed6ee59ffd,1569595339488766903,12.0.0,fov-crop-224-v1
1757,1757.png,b3a3377c3777ae24da8777109d52288887d7be4998bf2b915324022803c31464,547422002df983b460010ef680facdfc1dd397559add7f8d3e3c88510189fdc1,4947225993257040733,12.0.0,fov-crop-224-v1
1760,1760.png,aecbb46899ec1aa8c0f0936a52d81dfe77077eabcb3ced2817216b9e73424716,f2db44843e97ff8b3e44bcddbd3facc3ff286106ac743aec07242cb0afc6fafc,4737820374968515182,12.0.0,fov-crop-224-v1
1765,1765.png,aee2c23fc5e3e63d82c1db02dc2c3def142c859d7cf5bbadfbcb8e3364693de9,b12d823e9c03c36011893ec062bfc9731f038ba9998293d01575d4877a608fbe,1569867957705271934,12.0.0,fov-crop-224-v1
1772,1772.png,0c169fce715853f0bda825edb7718590a95a713ba4d6439903e75f8e3189b36a,2304493cb4a6569031667ddb4006f9082a0256ac556b626172f20e444342996b,4619865794280234866,12.0.0,fov-crop-224-v1
1773,1773.png,9ba81f513afc79dbe97e4f80eb77b1a5885f4fa6aea39599b73f9b8f6ae2eeee,ce2769b84b7e9fbb4e7c8c16cc393ea886911bb6973f305bcf0bd97020e0ad65,1564238746468822106,12.0.0,fov-crop-224-v1
1777,1777.png,76756e98cb06d4ad0853599ae3732e6a7b86a239991650444c55fa4fd8c5848e,8aa90d5b11c69d255aadd7dab83deb71bd22f386fe6435290b85444c835d708d,1552979472795709002,12.0.0,fov-crop-224-v1
1778,1778.png,09422c4f0adf7b4b8ab3541ce46ee3a32ee31a6885e35bf8a58414ed051ce685,d115e8f5db2baa0b701f45625d5dbb59b369ae66ee0059c7601843c781a6f10e,4666045029060065850,12.0.0,fov-crop-224-v1
1787,1787.png,2e85ef8bff279df44fcd3555b2c33a5b88debdd19fe9df62362d878752264c68,38ba44f40aea65950dfb49480faaf580f3840d53d473693f2431b52c5898f92f,1478389913976991337,12.0.0,fov-crop-224-v1
1788,1788.png,083cbed7e9f9121b9867a7b13a433f28fbf003eb96825d153d775b8e41b15dc9,aa80a7d1c1e32c431b0240abd6d06d104b40f3831ccc5003e475306eb5fd6399,5026894716470508412,12.0.0,fov-crop-224-v1
1789,1789.png,e1ae4fbd1ca9179f8045501fdca5d4603510fb0876bf0abb69c4620b7935cb47,9578bc3c5fd38c3003b1dcdd91674c1298fa3238b670055272c8daf60b8dd129,5819782799455832681,12.0.0,fov-crop-224-v1
1794,1794.png,efa492149960173703ef1f04ffa2f5e8f14d61e0530dcd11b6022ad6c240cc69,74931f6b6c0ae0534d1c7e8b17ef9bd98d54fcbb2adb0ab6b03b475df31062ad,4988051826297354852,12.0.0,fov-crop-224-v1
1798,1798.png,437a2146dbdedc9ce26b658a474f040e694ebd099eb7f6da96d0f8028f4fd8d1,2d3b81aa806f47e79852c550aa36e5651ce0cf91fa45f7a81ca88ea70b27db19,1569585993707322029,12.0.0,fov-crop-224-v1
1801,1801.png,47257cd7bc924fb4a952c48179c8abb308f8b7f3ed16d0e4200904d47229e655,d21739e31e664dc266000ed246378de82737f4ff9f3ef8c244d75d1f2f182bc9,5029710015477529116,12.0.0,fov-crop-224-v1
1803,1803.png,3f438156a8ce352927f977b7778edbfa59a271af58c718568acc1bb885f2e069,65fb29fe8be5f20910b3ee94a6b98544b736122db62d5e543508499d40f93faa,1480922991205706089,12.0.0,fov-crop-224-v1
1804,1804.png,51863a68abc3ec86604969a0d5a233bd035e369851240a437532d7867c45bfb5,2d2b0c59db87b08d68f9a6bb316ad8e411a3bf86570af56ab870d94adbc2c1b3,1496685551251319578,12.0.0,fov-crop-224-v1
1808,1808.png,6cda0edb92cd6e1a257551ae94557739f529fa4d2400b90517d574d2e01f3ded,b010eab01b36e5c8824086984ab971505d34209927837ae59e390843b9fe9ca0,1482897645370764105,12.0.0,fov-crop-224-v1
1810,1810.png,7976a5fb7cd2abf4645efda4b982dfc70dd54d32f690549375a77af637f9db5d,60d2ba525d4d5104354ed89145da0f8e6e2eec34d790540edd594c4e45114c4b,4936260336679025480,12.0.0,fov-crop-224-v1
1813,1813.png,2367d17c90582afd48428f46bb91cb0c795b2b884352844bc3152c7ec07faf59,25c10560ae6bfdcd12c02ef1c39bcc75918f2834ef39c9d3e9f0a4a61797e863,4738101398976805436,12.0.0,fov-crop-224-v1
1820,1820.png,45c47cbd5e5a8cc42e26bc0c02d403b1e23838f1a0145ebfb9b17ec0b96f4778,d1c2650d3edfbf2567601bf992735fb6716066ef20e7ca3de397c149585d4654,5026050235786017310,12.0.0,fov-crop-224-v1
1824,1824.png,36bd819abc4b9f86e266b1084520e8ea33a20d1a3f56598a0f5d390fb4c7180d,c3f6c2e5e75aadbe71ce51a0ae5693a9bd062c06b7637f8249f824140b1cc671,4742604929884699196,12.0.0,fov-crop-224-v1
1828,1828.png,5e38bead355a05c49fbf382a7c2fbd15d76e0b89a4509b90508f93f28fd02599,f9dcbbf479a4e2f19ab80b7ec2f2e66854389e550f760b16ac547ebea586425b,5026332316287597112,12.0.0,fov-crop-224-v1
1833,1833.png,e4d10b6986bd9bbfa33cb6fb6563b243a1558705ed54880d4d8c1964a9859044,cbb29452a33351b801914118df69eced219136e14aa136712810076ea4d36253,1483179154635648331,12.0.0,fov-crop-224-v1
1834,1834.png,8a4a72e7cebcf16ebefcad1d23b363a7987bf0f3211856d01d74e08750941cee,349bffa1572ae4318239174f9e769408d27b174d7e1e00df94c2c822b523b731,1197121264205638650,12.0.0,fov-crop-224-v1
1842,1842.png,2af8faae52fecdc00c42ddc716ce332bef6ad6ca3b729147f7edfe30f67c0075,cdb16d94463880abe4c879b8dcdabe7ac890be171bc6eaa4ab471120366fb1fa,5026332316288629274,12.0.0,fov-crop-224-v1
1844,1844.png,a48f2a35329e9f3301314d8cbd531ee323681f65a07260091b2dc9c35daf4b7f,c6aaade7313e4de2fd14ea17b63dc01da90ab1d9a6458db6ec4423d923da1b21,4738101884308110872,12.0.0,fov-crop-224-v1
1845,1845.png,f2c5b3b4dcf2196d947bf16a9ff75b16fa2dc5431acd6037d91385c26118e29f,c9c7c5a81f330f6d265218faec0de9333ed618494455759a4884443942fbcb97,5809363625145483200,12.0.0,fov-crop-224-v1
1849,1849.png,b79b07b56961afabcc24523e7948adb3a9a943a1f1ec892baeccf56ec28516a1,bf199cd1030c76449a244625fb29d8902d3285ef16fea2f9f0ba57cf9239b75f,1485426143550533482,12.0.0,fov-crop-224-v1
1852,1852.png,853bb4c700370f438aa41923e9b02378e7d068b8c6836c9d86dee1c34e3aaf90,04ca862397c043bd1b90e86973e054d3a2a54c4150041e44eda542790d7ada32,5026332316291250744,12.0.0,fov-crop-224-v1
1854,1854.png,65dbd67377e9acbff3f6f9f5e5c4a914b026ef7615a2a121132160bc28b76e57,6274d16df9ad884b66d98bb554b9de2b3a726d285e2323d995a9cc9800244b3f,1483165728031526761,12.0.0,fov-crop-224-v1
1856,1856.png,7dd19874bbaabb09a9ca13ab677bae034c0d1d3eaae07a950dc8d7f4be238ce0,c245f6ac0ceced098ad9640515c916766e85bf482f79dc8c6c170c99ac851fad,1569586543463135907,12.0.0,fov-crop-224-v1
1858,1858.png,3915ff730d377e77201a2d5b4a9e6da8397f6d3ca5446a06802ed66272940ead,38bd89f37edc5e9df34e474fa61050f299619f6cb6fcddfeeee23f49022965ff,1478671182803135051,12.0.0,fov-crop-224-v1
1868,1868.png,4baa200d4220b955b551cb6ae19e773b63accd1f501647a8a0d00369b282833f,dd5fd0e87300362839ee09d6dc5053ce46f4519e99a295abd7d05f067e8003da,5037023484709387064,12.0.0,fov-crop-224-v1
1870,1870.png,0392b0e85d19ec9e893c91e66c5f10718c9e16ce44c8c6c823b3943f1e798c35,43b5460f3ace876f41d91a3fd388b8f6f6879b3bcc4624b6812be26ed62ce09d,1483176431161600841,12.0.0,fov-crop-224-v1
1880,1880.png,7118b9417dbfb329d77dde7b40921a97757207123134068948618ad2fd4a38a1,c8307dd9c6785441f79eaba4c5e1b454d2c0450761aff2f548fba32e9e626f93,1478671449027145321,12.0.0,fov-crop-224-v1
1889,1889.png,175ad8a54a892f781e80b8fbf6e796ae41cfccb157b50448f77d18649f83de9a,e8727dd54f2bbb79938dbf6552c0338612d5066d71db2d8ca02046282f9a5ad3,5027458216200714780,12.0.0,fov-crop-224-v1
1903,1903.png,1b1101b44131fe315d7690de7fefedd9f50436b9d7871bbdfcb7eda17c535a01,9cbcc304b52f5c724a136eddd1a6af63f7e42f86191806d16a623b1f039cb934,4674805748946987209,12.0.0,fov-crop-224-v1
1911,1911.png,d4d9a35bd17852d8c5a9500ff1352a8b8763aac5cc57d1013360338f7b4c7c25,6ad49f4761092f42103c8b11fe0aee63be120480e4794e331a2561cca784e129,5012570601126652109,12.0.0,fov-crop-224-v1
im0003,im0003.png,172a6923983aeb3f4afb4552c1c72e6a0672e3accb000bf2546b4e96a7903d83,19069519a678ba52f726c89348f9a3bb42178eae164c0f648309708ddb841168,1564164487887616586,12.0.0,fov-crop-224-v1
im0016,im0016.png,edba963664b5fbcb60c05b044fc333fc7740d0623e840320766ba344bef1df91,c95a2e573f83c75ead817e12893e2a1ad9ee374d9374254fc3d73029cc2345d8,1522017272405846705,12.0.0,fov-crop-224-v1
im0058,im0058.png,d8992fba0de72db8657d9b1ae4765dc9efd738d223304ce49ec552f25da433cf,918a536d710adabe5a6238f2d85859e784e5c9f5c39c57c4a962a384b07ed139,397814590600018809,12.0.0,fov-crop-224-v1
im0059,im0059.png,d8c60e3f02b94fafa7981c20633416af8f35328205e60ab8e6eef9009673f3ad,37bd93dd923af815ab5efeea4a7b98c6fa30ed875f1e100a26bc38474ce52180,4628890911160483356,12.0.0,fov-crop-224-v1
im0065,im0065.png,19e26e8a2235749396a6ef8454712751f506314945d68c76a75ffbef68340346,2194c880217c4cd8bd2586b499749dfd7a366b2186ad6912b277eb2d431b411d,1555526263585663642,12.0.0,fov-crop-224-v1
im0077,im0077.png,7aafb34c99a5d91979e36ae5692120dc3b1f4e70a8c9068aeba98b5436264978,8c69186dcc9163387907bd4433cb19ec79e6efbd4cfa5a606fad12ec146e797b,4951443634755692546,12.0.0,fov-crop-224-v1
im0080,im0080.png,b6a713f058a6d8e437e101d4eb11b72f510100804d3f04e8a1ce9e134c17477b,73abbf61a405b7e764d58be8b7b029e07a937ff27fd67eeaafef895dd42ff7a8,4628899698664095334,12.0.0,fov-crop-224-v1
im0089,im0089.png,55565749d30adc4d816b198a3a3cc894cf32369ce763bb6e1feb8a36cacbabbb,9ca6033d5eb61145ac66f73b0192752e8e69ba98af9585b37b328f82f9f9b6e1,5805147682808672035,12.0.0,fov-crop-224-v1
im0116,im0116.png,d0be30ea08e66fd576be11a8148056a67e11c36c74ffcfe31f993eeaafb9e874,8cd1c8ff510cf5f61e85ba636ed0efae3cedac134dd148c5c7f403df3a726237,4627518871706877470,12.0.0,fov-crop-224-v1
im0118,im0118.png,10638b1bd9243e1a47fc69bf81c47bc39831ef5e960a30cf0eb6209359172804,437ba0182b1fc41a903a6dbc65de7c70ff1c4050e44952dc53d9e9cab4ecdc2a,5789986043454713197,12.0.0,fov-crop-224-v1
im0119,im0119.png,daee368a487ca683b92e45a5d63331ce73da40ec3967b96028362cebcf49693d,5f49f01b08ec378ddc2d8fafd5fabdc446407ea7ad1bff69dc9aaa643c13d9bc,382628626888157274,12.0.0,fov-crop-224-v1
im0122,im0122.png,27e2fc0fa6b752279c4ea57ee659a4f115e099488e89fabde35b298f85c9a520,68e15c86964675a4976f44ba347fbf9f769e891ca00ed9cf73189eca743afba5,411317130257972843,12.0.0,fov-crop-224-v1
im0127,im0127.png,3210f1e51a9248e9c7a4ddbee397ee55fe607651ae62a99a7a4dc6e96432dad1,3d1cb3fc579e0b01477098231c66e4229ddec017f71e80e0592fcff620a9ad95,113806365141397051,12.0.0,fov-crop-224-v1
im0138,im0138.png,684fab60be13cc3f1cf42bcff4d2b1a27f4f989f1230e3a304b5a9d39b397db7,9beae44b25bee2fc898f76695cf14ebafbcdb6da0962a1ad16ad026aef5abe16,1555558132217965418,12.0.0,fov-crop-224-v1
im0155,im0155.png,44f502937439930c87ffff88fcbbce18ac747710662e8db7f3e30e9e257fba41,80aac4492daf7d01401becf25cab20dd15039e45d81f653893b3d8dbd640b266,1558603449807567466,12.0.0,fov-crop-224-v1
im0184,im0184.png,0327d8d1f7fea47b70bac0f828517599ee8eee04459892157e8a028c93ce430d,d55a7606603a37c08df05d4ce429fe6ce9758e33a3671b0a84345dbb6628c6ce,5815316738375171170,12.0.0,fov-crop-224-v1
im0187,im0187.png,0c87be7c67cef3ec5e9e1102aa10c034187fcc846f42b47715b3f92c09dee325,a7f3748da9e8f937fe6a7d356c831cebb35108ffe8ddb98b7845a4671cf6304f,6095106881001962344,12.0.0,fov-crop-224-v1
im0189,im0189.png,96c5dd0e1f406064b218c1ad5b96dd012ee8de574ceb3ac0e36395663f38da61,e0dc7ed0c20891624ddbdbfc956b8b8f005032fe5495085e5e95715a93501c2b,4664620388673665795,12.0.0,fov-crop-224-v1
im0195,im0195.png,766d3b8989a12b68dc25c1303e5e84dad843602087e2a6f327ec831d288a0060,75a1046b8b8f262fbd4e50d46327ffb902fa65ed8063210351cf1775af8f3c6a,402323705959180827,12.0.0,fov-crop-224-v1
im0230,im0230.png,f6227f16cbae39025243dd5f70d23f6f15049c245a8b7ba3d6e48751d6f00bdb,71c97d64e94eacb705a117151aafd9fc60027a12684cc37e5d88ed5c28b6086b,5016173550738504706,12.0.0,fov-crop-224-v1
im0232,im0232.png,e9109f0eb615008ff690faa9ce025675f142d67f395448bef6b19894ba6027eb,4be390e21c4643cd539565bc48df083489ba22c2a38ee226d9a6fa75f59bb805,1262527812567461500,12.0.0,fov-crop-224-v1
im0249,im0249.png,7210c492eece17db3f6031db41dcfa49e8bd8e5ede27d4cc037b15fba6142290,6689f197cdaf8982aa0165ac9254f71ea41d7201ce1974ce26f19b27cda0207b,6171377176281251354,12.0.0,fov-crop-224-v1
im0250,im0250.png,1a64a540d93abe1f090e009b19212d030396ab6581ad4dba1d67db18dcbc5c2c,a382fb7555e44d707ecf31bbbb8703bfe9b9810b218bc3e5abd7a5b0a2cc5adc,4728512571210951169,12.0.0,fov-crop-224-v1
im0282,im0282.png,cf0443a73150a709b7e3f3b2126c28891b78ba85a86ec69f290b06201de5122d,dd9a4ca6f7cc0653ec7d74cea60fb8e3149f84b2f41e0300883bf996c6a59301,5802095694627699756,12.0.0,fov-crop-224-v1
im0292,im0292.png,c9aa9c4b6be754b876547a817240101dbcd35d5c910f3aac19f8af64828d5e32,1bfd8af8bbc4cc166a6e3cd21780f6bf0b583ca5f881f57269630726cf9d80b7,5834451960151357574,12.0.0,fov-crop-224-v1
im0342,im0342.png,e5fdbddc081e6a59f12638a62a2b16ccad2bd9934d0976f57f7576acab97bcbf,3454fe061ee76fec1c94979f77942aa6d2bf14f56aa01b76f77f78d5ee3de652,1543405038003841939,12.0.0,fov-crop-224-v1
im0353,im0353.png,f6fba0ecb03a4d13dacf297335e408d2d3413f200a646c14a66ac2f16ac24b1d,02c6610689b9e5aaad1f1096fb8d765f3f0a5142350fb25ba4462c3798695c69,1577793776052234889,12.0.0,fov-crop-224-v1
im0402,im0402.png,dec4df36321276e55cff69519a73fc14df006d006eb5ba16b376c089f3dc2f2b,b4085777defa913b9f25fb8150468d84b86d9c672541dce4f31c52e09e4a72e2,1521468355098540626,12.0.0,fov-crop-224-v1
