image_id,relative_path,source_dataset,source_subject_id,duplicate_cluster_id,analysis_group_id,DR,NORMAL,ODC,MH,DN,TSLN,ARMD,MYA,BRVO,ODP,CRVO,CNV,RS,ODE,LS,CSR,HTR,ASR,CRS,OTHER,sha256
(0001)aria_d_26,images/(0001)aria_d_26.tif,aria,aria_d_26,,4c9f2ec52377bb71,1,0,0,0,0,0,0,0,0,0,0,0,0,0,0,0,0,0,0,0,81a234f7f10fc37d3ff103915d5c33e1f2c0c3f894a1e968003f1a91c7aca722
(0001)aria_d_27,images/(0001)aria_d_27.tif,aria,aria_d_27,,20a8ecf74b8e7e19,1,0,0,0,0,0,0,0,0,0,0,0,0,0,0,0,0,0,0,0,12753481a9abf31260caee3781af745ab2e1ebfa39a1ce6d64db4e65c5756d5a
(0003)aria_d_29,images/(0003)aria_d_29.tif,aria,aria_d_29,,b95173c2208396e2,1,0,0,0,0,0,0,0,0,0,0,0,0,0,0,0,0,0,0,0,20888d8abfb2f45ec32ccd922c2ceb2bdeeddf4fe64bcfda740f69ae261926b9
(0004)aria_d_28,images/(0004)aria_d_28.tif,aria,aria_d_28,,f15d850b7d32f002,1,0,0,0,0,0,0,0,0,0,0,0,0,0,0,0,0,0,0,0,fcf06bcc3b08b2bf2f4ce9cd2d1c9cd043650741c5d300b080cbcd8c24f823fe
(0007)aria_d_28,images/(0007)aria_d_28.tif,aria,aria_d_28,,f15d850b7d32f002,1,0,0,0,0,0,0,0,0,0,0,0,0,0,0,0,0,0,0,0,4d3224691cc5b5d5267730d60f8972d14c44a24612cfcbac9562811b47206ea9
(0018)aria_d_26,images/(0018)aria_d_26.tif,aria,aria_d_26,,4c9f2ec52377bb71,1,0,0,0,0,0,0,0,0,0,0,0,0,0,0,0,0,0,0,0,66ccad790584429f8448b80ed96b68b22d94cf1beeae5962688b892720099edd
(0024)aria_d_30,images/(0024)aria_d_30.tif,aria,aria_d_30,,a6987c2892adedff,1,0,0,0,0,0,0,0,0,0,0,0,0,0,0,0,0,0,0,0,76cec38391152598ce6c2d0f20f90581c78094fbbf35b03c236ee3f2e2bedb38
(0026)aria_d_27,images/(0026)aria_d_27.tif,aria,aria_d_27,,20a8ecf74b8e7e19,1,0,0,0,0,0,0,0,0,0,0,0,0,0,0,0,0,0,0,0,0a0510ad2234b2f4918ad08a0bc8e6c7823eb9d40e9d1aa6a6ff6e3c90d74050
(0031)aria_c_37,images/(0031)aria_c_37.tif,aria,aria_c_37,,a274878dcb093311,0,1,0,0,0,0,0,0,0,0,0,0,0,0,0,0,0,0,0,0,c5bc16a80123f9db7a6094280a0ff5c473cfd4138a7a4f4c1baa88aef4c14594
1,images/1.png,rfmid,,,aa58f1cb6fd597e9,1,0,0,0,0,0,0,0,0,0,0,0,0,0,0,0,0,0,0,0,92703f4b1c8ee9a03cec6e3a36dbb35746565de7db5763aea2ea9e943da4c862
10,images/10.png,rfmid,,,9f49b3c816a59173,0,1,0,0,0,0,0,0,0,0,0,0,0,0,0,0,0,0,0,0,887ff3e8035078063e4b86ebe4b399ea814e9c11690c9ecd43c1952303e0c735
100,images/100.png,rfmid,,,01e41892e7810e84,0,0,0,0,1,1,0,0,0,0,0,0,0,0,0,0,0,0,0,0,461c2a1d43afd9259094b2b942ca37b8c39712cecc9bd7f42256f18917110dd7
1000,images/1000.png,rfmid,,,afdc8d08ea31ec7d,0,0,1,0,0,0,0,0,0,0,0,0,0,0,0,0,0,0,0,0,0ad3a4a54881037615094d0c76814f9cf605428a2c683d7120c505b0099c3e33
1001,images/1001.png,rfmid,,,7ad1983a7e822de1,0,0,1,0,1,0,0,0,0,0,0,0,0,0,0,0,0,0,0,1,04f3aa458d9d8b1558f1342556eb223955d92da48d6ce210fbf8b27e70e86c09
1002,images/1002.png,rfmid,,,f41426cd8613d6ff,0,0,1,0,1,0,0,0,0,0,0,0,0,0,0,0,0,0,0,1,f0e412aafce60ba83138628b3b5f21abd85e82179b52145ec99ff029fa3d2920
1003,images/1003.png,rfmid,,,61b33a6a6d231df2,0,0,0,0,1,0,0,0,0,0,0,0,0,0,0,0,0,0,0,0,6fb1c424d511ffea7ded94d4ea6f6192c0dfc4eeae2c5a546097dd4744e188b7
1008,images/1008.png,rfmid,,,e3523b3fd056b2fb,0,0,0,0,1,0,0,0,0,0,0,0,0,0,0,0,0,0,0,1,f29f3022da102e9b264772f1b1f81257d105a348dc6954753b1c96cd8dc914cb
101,images/101.png,rfmid,,,bbae5247e9f736b7,1,0,0,0,0,0,0,0,0,0,0,0,0,0,0,0,0,0,0,0,55020f8b12ea39c86fba98d743a9d9947743672ed6f28f769e1b397d19bcfd90
1010,images/1010.png,rfmid,,,4d1dc6623b02f31f,0,1,0,0,0,0,0,0,0,0,0,0,0,0,0,0,0,0,0,0,0edebf54f9acc6ee728ac1f8154c350d8cccb792a0b6e4641af7f2264f96ac72
1011,images/1011.png,rfmid,,,718470d39fdf27b0,0,0,0,1,0,0,0,0,0,0,0,0,0,0,0,0,0,0,0,1,2a3292b9bc94d4779518ba1e82d8f0f8c4dc50d773e7ade3ba91444b6c108932
1012,images/1012.png,rfmid,,,9424331b2a3ad5a0,0,0,0,1,0,1,1,0,0,0,0,0,0,0,0,0,0,0,0,0,35bf1f7cb7473cd239b00c6153a201b256f78a6d2499247df71fb189de474640
1013,images/1013.png,rfmid,,,096a91738f9c60a0,0,0,0,1,0,0,1,1,0,0,0,0,0,0,0,0,0,0,0,0,c43950364299e7b1d5511f4d8b0b088e0ab63f55c187e7c3d4ffc2adfa204b9a
1014,images/1014.png,rfmid,,,748a65a6e1ade618,0,1,0,0,0,0,0,0,0,0,0,0,0,0,0,0,0,0,0,0,18e9dac602d95208427c060db277647a46bf52eb5bd370dc9f7ba09db854a0e0
1015,images/1015.png,rfmid,,,9f784d7b6258087f,0,1,0,0,0,0,0,0,0,0,0,0,0,0,0,0,0,0,0,0,8a14ea429ee0935d791ad383f71e45304062dd58d9331d7d3226e4c3581c0e7b
1016,images/1016.png,rfmid,,,9fa965c1aea3bb93,0,0,0,0,1,0,0,0,0,0,0,0,0,0,0,0,0,0,0,0,f47b9cf5817d5c8d2e173dffa165dcb28d830b487da27bdb879a9cf2ffe9c10c
1017,images/1017.png,rfmid,,,03b64f2500f5a40a,0,0,0,0,1,0,0,0,0,0,0,0,0,0,0,0,0,0,0,0,78f4475d10306d142c96d9729aa786eaedccc34593c7de91f8f7f3717ae9bc0f
1018,images/1018.png,rfmid,,,a0ac1483cfcdb49b,0,1,0,0,0,0,0,0,0,0,0,0,0,0,0,0,0,0,0,0,06f2e356030005b5316e926dfb0f90717bed514790ddb7eacf64e272af87e4ba
102,images/102.png,rfmid,,,751e6aea7848c52c,1,0,0,0,0,0,0,0,0,0,0,0,0,0,0,0,0,0,0,0,610c41218b75b31bb25c0f142cd8602c8a9ae4e057f87305e215c7b874163e45
1022,images/1022.png,rfmid,,,341ada3b03b95b74,0,0,0,1,0,0,0,0,0,0,0,0,0,0,0,0,0,0,0,0,4f673f60d5340bddf125aa067274b17a3a78e2b860d51e292c49d2cfe161efae
1023,images/1023.png,rfmid,,,dfb5b88761406996,0,0,0,0,1,0,0,0,0,0,0,0,0,0,0,0,0,0,0,0,59671921fb8dc79496df1b68a5d614fe6931437c7c439f690419a1c70e6e1bc6
1024,images/1024.png,rfmid,,,2bd3c6e7a7e5fa15,0,1,0,0,0,0,0,0,0,0,0,0,0,0,0,0,0,0,0,0,c9ac21d34c92c18458e688025ee9a3667aab1c0f797ea29491f3cf6616a3dd82
1025,images/1025.png,rfmid,,,2f88e36336f94eb2,1,0,0,0,0,0,0,0,0,0,0,0,0,0,0,0,0,0,0,0,4ef12e87944b5ea924ef418d811b9ab7fd69f7f8e14087e950b0e090856bde04
1026,images/1026.png,rfmid,,,205def22ba20674e,1,0,0,0,0,0,0,0,0,0,0,0,0,0,0,0,0,0,0,0,6236ec2f2aa77a1d5f59f0503ce2b5a5eb6f17fffc06175a6ad138c10c1e272e
1027,images/1027.png,rfmid,,,4e37b3c79cd0f0d4,0,0,0,0,1,1,0,0,0,0,0,0,0,0,0,0,0,0,0,0,e9d7d5f34b584af1608f68fad6de6d64fbae492ff256981c4d09acbf1fae96c9
103,images/103.png,rfmid,,,f48d29ec96057317,0,0,0,1,0,1,0,0,0,0,0,0,0,0,0,0,0,0,0,0,76b8088214cc2d888cf33796a2bcd70ab1d2a7e32430095ce95be467e1040518
1032,images/1032.png,rfmid,,,bc2f509561224649,0,1,0,0,0,0,0,0,0,0,0,0,0,0,0,0,0,0,0,0,c25152d482b2c6987525c7b06d141952b7c10828794f53d048807cfe3a469c35
1034,images/1034.png,rfmid,,,d1c204a011feed55,0,0,0,1,0,0,0,0,0,0,0,0,0,0,0,0,0,0,0,1,cf36483f00f02c5fa8618d5ab2946874e3e36ee35436154a90289ba93f1ed059
1035,images/1035.png,rfmid,,,38caf33bef914cda,0,1,0,0,0,0,0,0,0,0,0,0,0,0,0,0,0,0,0,0,07e109d2c87b0d446777ce7be53488b203f9633ab1b40efaf641e7b393975a22
1036,images/1036.png,rfmid,,,218f8165ac0d6c29,1,0,0,0,0,0,0,0,0,0,0,0,0,0,0,0,0,0,0,0,8b55f18fddabdcf7deb7d869d23ed9211d4bc92cf385d54bd90f62b29a310c98
1037,images/1037.png,rfmid,,,ecdf38d0d1142f5a,1,0,0,0,0,0,0,0,0,0,0,0,0,0,0,0,0,0,0,0,86ec89fa03ee23a4bd091bcbd5dad8a925c5b009013a7430a207f76f45f41942
1039,images/1039.png,rfmid,,,a4515fc8d954652a,1,0,0,0,0,0,0,0,0,0,0,0,0,0,0,0,0,0,0,0,ec72e3a6863844dd5e9fab222bba3afa15a808824bac5d9697cbb599c513ef67
104,images/104.png,rfmid,,,f7119cf5424299fb,1,0,0,0,0,0,0,0,0,0,0,0,0,0,1,0,0,0,0,1,c320714a78d776312d1fa9457370ff580e34599ce20398eef52aaa582324570e
1040,images/1040.png,rfmid,,,f1e0bcb08388cf5a,1,0,0,0,0,0,0,0,0,0,0,0,0,0,0,0,0,0,0,0,9e62a2b1b869138875abe46a215b44a68cd03a48f13095a63aa64f6d3f6f1d8f
1041,images/1041.png,rfmid,,,9c41ea5c2f795758,0,1,0,0,0,0,0,0,0,0,0,0,0,0,0,0,0,0,0,0,ef05bad3ee909251e7366bf90cd0bb0a3f89e8e9c0768450b533290b6599bdd1
1043,images/1043.png,rfmid,,,1e004bedebc9a7a6,1,0,1,0,0,0,0,0,0,0,0,0,0,0,1,0,0,0,0,0,7dd9e037c54c7e5b6139c8762280a20196872ddd71841b8877b71d6bbad7f80c
1045,images/1045.png,rfmid,,,c9aef96de31493e3,0,1,0,0,0,0,0,0,0,0,0,0,0,0,0,0,0,0,0,0,f93823630c95b53b08a681e3c54abcbdbd1890a69e0cff5788a36d0d2cf963eb
1046,images/1046.png,rfmid,,,7f0717999819cdd4,0,1,0,0,0,0,0,0,0,0,0,0,0,0,0,0,0,0,0,0,ec6e82d644e9e86bb8a57661de81430a14978952ba83fcace17f1366209d4949
1048,images/1048.png,rfmid,,,bbd358a2ed9abb43,1,0,0,0,0,1,0,0,0,0,0,0,0,0,0,0,0,0,0,0,509f1e58b25576cb5d480e2ba792850aa4af8a627d259c643e26647af1c9d3a4
1049,images/1049.png,rfmid,,,373b8c60b79839e7,0,0,0,0,1,0,0,0,0,0,0,0,0,0,0,0,0,0,0,0,ff1abae597f9706d81c3fca2014ee9f552ebbf8e457a1f0b86f4f55d473540c1
105,images/105.png,rfmid,,,e32ebcf1414fa039,1,0,0,0,0,0,0,0,0,0,0,0,0,0,0,0,0,0,0,0,f4fdbb73106bd13a07f8ad10a0d4a14ced9f31c181c0f7e46fe106082d581a9a
1052,images/1052.png,rfmid,,,839c1c16cccfc53e,0,1,0,0,0,0,0,0,0,0,0,0,0,0,0,0,0,0,0,0,b33cc599b51c849081a8a5001b716903e93ac9436817b9f97ddf5388648b62dc
1053,images/1053.png,rfmid,,,fd3e845ce4b48f7e,0,0,0,0,1,0,0,0,0,0,0,0,0,0,0,0,0,0,0,0,922a9ea0bfd1ef9eadff5369ecd10d26466f3c86a83a72b2347ab8e527f55c19
1054,images/1054.png,rfmid,,,dc3e1f2240c52318,0,0,0,0,1,0,0,0,0,0,0,0,0,0,0,0,0,0,0,0,4335508826cc2568dfbbcaa15597a36164ed30556080c0b5f9a15b62787cbb4a
1055,images/1055.png,rfmid,,,487765ee25a14e59,0,0,0,0,1,0,0,0,0,0,0,0,0,0,0,0,0,0,0,0,110569bad15f47dbbe8dc0a01230eaf58506ad49dd9e08c9a9cd2e75493c1bab
106,images/106.png,rfmid,,,1923574fa782eb5d,1,0,0,0,0,0,0,0,0,0,0,0,0,0,0,0,0,0,0,0,1ddfba7e97962808ef3ee960ee7bf571b75586fcdd2cf0e25580ac7bc489724d
1060,images/1060.png,rfmid,,,f0225248606e9187,1,0,0,0,0,0,0,0,0,0,0,0,0,0,0,0,0,0,0,0,9146f60aff0c1f0a456dbc6282518bea38f7ca86638f8a611b4c37cbce09ff7b
1061,images/1061.png,rfmid,,,d797a94bdca37edf,1,0,0,0,0,0,0,0,0,0,0,0,0,0,0,0,0,0,0,0,f6b722f1200a2cae8c4c6afeb1a2ec2e19b4b4bc6952a6d3e97e84b142444bd1
1062,images/1062.png,rfmid,,,6201382a039a6ca4,1,0,0,0,0,0,0,0,0,0,0,0,0,0,0,0,0,0,0,0,8f72fd6e7881074fe505d093dae912ea7d7890a5ee9036ab687026c3a00e4493
1063,images/1063.png,rfmid,,,890a4691ae19d4bd,0,1,0,0,0,0,0,0,0,0,0,0,0,0,0,0,0,0,0,0,940bc4f5bbb4f235f01a5c1bad0d7dce573443531e0956bf2265498ec97b0179
1064,images/1064.png,rfmid,,,1bd211a110a1cb30,0,1,0,0,0,0,0,0,0,0,0,0,0,0,0,0,0,0,0,0,ce10ae63991ef75b72310fbacaeda404c7e43f462ec137eb6399c0570c14c886
1065,images/1065.png,rfmid,,,8d50675f62141b28,1,0,0,0,0,0,0,0,0,0,0,0,0,0,0,0,0,0,0,0,82a3cb795dd5ca086495b5cfae95b7ec1a75676825de992b37ea1306ab76802d
1066,images/1066.png,rfmid,,,1b48bb7af2ed17b8,1,0,0,0,0,0,0,0,0,0,0,0,0,0,0,0,0,0,0,0,1884e937a8841c41f827ed9d1e061917b1dac44f9b3e1de7eb725dab288b20b6
1067,images/1067.png,rfmid,,,721cf2d839c9f41a,0,0,0,1,0,1,0,0,0,0,0,0,0,0,0,0,0,0,0,0,c5f3f5a3e61e444859ef82dc5cd0b223c87dc8888cc0894812b4ce317a1dee12
1069,images/1069.png,rfmid,,,9c863aecde28dfc6,1,0,0,0,0,0,0,0,0,0,0,0,0,0,0,0,0,0,0,0,6ef106446825f1ffbd13f763890aca8c26f9b91f255297a120924ed0ded1e44a
1070,images/1070.png,rfmid,,,a52286670d8fdf49,1,0,0,0,0,0,0,0,0,0,0,0,0,0,0,0,0,0,0,0,35f5feb389c772b88cbbacc5c21d3a4f48366a4420bfcea6739b01b6c226c80e
1071,images/1071.png,rfmid,,,69820eeccdebba00,0,1,0,0,0,0,0,0,0,0,0,0,0,0,0,0,0,0,0,0,23a9c5d01cbe22a030431f356a09eaa71310adbf2458bafa8e2392358cba5ba4
1072,images/1072.png,rfmid,,,265c3fea24134fb8,0,1,0,0,0,0,0,0,0,0,0,0,0,0,0,0,0,0,0,0,37f1375095167e9c2b38a6abe7cd6f23ca3e2ed1c4290ecc8de71db033ec64ad
1073,images/1073.png,rfmid,,,f70d21cb3fb12473,0,0,1,0,0,0,0,0,0,0,0,0,0,0,0,0,0,0,0,0,1d6d7dbcaee9299488fe04718fbea999d787d547245f8edc638996e64d6f443e
1074,images/1074.png,rfmid,,,2de862e575fbc370,0,0,1,0,0,0,0,0,0,0,0,0,0,0,0,0,0,0,0,0,e531389038d76c5ff05fdd2d51854f45d35028872679ec177778e44430464f28
1075,images/1075.png,rfmid,,,65ed76defb7b2329,0,0,0,0,1,0,0,0,0,0,0,0,0,0,0,0,0,0,0,1,9b898dc3ffd70d4d0ea30c80d9149be8953edad568fa1cad3679908eb1011614
1077,images/1077.png,rfmid,,be3c09eeae3c,6fd100f9708e932e,0,1,0,0,0,0,0,0,0,0,0,0,0,0,0,0,0,0,0,0,54da81dc3115cb64f8a39b2f2558b727d90abc2b93749d07509006282e9f2000
1079,images/1079.png,rfmid,,,5e451dd505e0794e,1,0,0,0,0,0,0,0,0,0,0,0,0,0,0,0,0,0,0,0,da44780a89e495650e80a71dbb66f1fb6eb495701a31910cf5f3cdeca1a275b7
1082,images/1082.png,rfmid,,,dc877ac53e3f9ce6,0,1,0,0,0,0,0,0,0,0,0,0,0,0,0,0,0,0,0,0,d1c25deb8d4fcba778f0617bbfaa7f0f4364e28151497026bb8a6ab392f199cf
1085,images/1085.png,rfmid,,,9b74dd08452ad313,0,1,0,0,0,0,0,0,0,0,0,0,0,0,0,0,0,0,0,0,5fbbe3a4a7fcb3b97aa80f0959a110e8d2461265138a0da5bcb4294f34e19eb1
1086,images/1086.png,rfmid,,,4ea8d36f6e0f575a,0,1,0,0,0,0,0,0,0,0,0,0,0,0,0,0,0,0,0,0,ac5b03e2b4fd028eec862ff8c600f517ab4d2d4949530475b193ae21e8305f33
1089,images/1089.png,rfmid,,,73125fb0732258a2,1,0,0,0,0,0,0,1,0,0,0,0,0,0,0,0,0,0,0,0,554c750bcc93956aef93b17cbb9d40d0470c39218d8fc48982eb4c2bd109d192
109,images/109.png,rfmid,,,13b4d3716947f7d9,0,0,1,0,0,0,0,1,0,0,0,0,0,0,0,0,0,0,0,0,c6095feb5dadc6bd0c2ee986df4e9ead72331d72892fd6a325d1cdb802fdf965
1090,images/1090.png,rfmid,,,8004922a802ecbee,1,0,0,0,0,0,0,0,0,0,0,0,0,0,0,0,0,0,0,0,e1c3bc1eca79dc01ccbc60a824f43af33ebd46c65af1ebf09b0197ddc050faa1
1091,images/1091.png,rfmid,,,b4548cc6662485b2,0,0,0,0,1,0,0,0,0,1,0,0,0,0,0,0,0,0,0,0,cf3480212601d00d0d74f02e4f571e065600bb316a061602d0f6eef99d85c795
1092,images/1092.png,rfmid,,,bc329127cb8008db,0,0,0,0,1,0,0,0,0,1,0,0,0,0,0,0,0,0,0,0,e0f3f9a185d7208a3e623f45ae76940a37420c6bd2325f97f24c8ee13bd81b48
1093,images/1093.png,rfmid,,,f1e7edce3bf8223d,1,0,0,0,0,0,0,0,0,0,0,0,0,0,0,0,0,0,0,0,4c877ff5e73decfeeeb368faedba659a80f839a38fe3578671aea50073ebc697
1096,images/1096.png,rfmid,,,8d36c358751a2b5a,0,0,0,0,1,1,0,0,0,1,0,0,0,0,1,0,0,0,0,0,3fd4178e90bffc4d7a06384b843a606aa51920742ad0e034e474131e381247dd
1097,images/1097.png,rfmid,,,181fa337f9b3311a,1,0,1,0,0,0,0,0,0,0,0,0,0,0,0,0,0,0,0,0,c1ca602a9b2564a89889c1f65617f3ab8f6d0766311c3111a61505032bad95ad
1098,images/1098.png,rfmid,,,39ae63ae0e618428,1,0,1,0,0,0,0,0,0,0,0,0,0,0,0,0,0,0,0,0,aff63b54ef86874f33655a2ceed45355cf37a1131aa5dbae29f201f9e680ceaa
1099,images/1099.png,rfmid,,,7bd5d22f1340f722,0,0,0,0,1,0,0,0,0,0,0,0,0,0,0,0,0,0,0,0,04592a5d975eee9b0327bd11c16bdd8922ad4ca5198cfd68f490f5fe84a2010d
110,images/110.png,rfmid,,,50fb7395cc99a16c,0,0,1,0,0,0,0,1,0,0,0,0,0,0,0,0,0,0,0,0,36fd9eba31835c397a73558be9f0b2c8fe128cc9fbdd48a11c841492f680bd71
1100,images/1100.png,rfmid,,,dad5bcc2b3ecc37f,1,0,1,0,0,0,0,0,0,0,0,0,0,0,0,0,0,0,0,0,75bc756b345ad2979a1b7dc436cf70cf927f4f480c5940da26d870942d2b799b
1101,images/1101.png,rfmid,,,820cdd5c5489d486,0,1,0,0,0,0,0,0,0,0,0,0,0,0,0,0,0,0,0,0,44e10f73c69dc6917517ed4fd1c0abdede959762cc40a42b84a9d6f155d6d350
1102,images/1102.png,rfmid,,,fcbf2652a996cbb2,0,1,0,0,0,0,0,0,0,0,0,0,0,0,0,0,0,0,0,0,8f9c8259255c0b7078ed8a2995a0b8c0a15ad8538f4624a3e94e247660a0891b
1104,images/1104.png,rfmid,,,3c1b3587fa2ae5df,1,0,0,0,0,1,0,0,0,0,0,0,0,0,0,0,0,0,0,0,a54a3c2a3369b1a4821db248be9f0f96a2e0076eb4061bf2be58fb7b557d660d
1105,images/1105.png,rfmid,,,9d5685bbe7fcca89,1,0,0,0,0,1,0,0,0,0,0,0,0,0,0,0,0,0,0,0,0d5a67d86e1095495c718d5bfd4f61621c889130ced83a71b0ee669366069262
1106,images/1106.png,rfmid,,,0c841e69ba327d57,0,0,0,0,1,0,0,0,0,0,0,0,0,0,0,0,0,0,0,0,dfd21918c949ddb7dd3690478e51159c3fe04f114cb5958ad0122ea185c65586
1107,images/1107.png,rfmid,,,dfa2a1a684e90042,0,0,0,0,1,1,0,0,0,0,0,0,0,0,0,0,0,0,0,0,ef31a11f66e44561e2ac0ce8e8cc01b23e65621123fce2d84128939feca42796
1109,images/1109.png,rfmid,,,3288c47fffb8ab30,0,1,0,0,0,0,0,0,0,0,0,0,0,0,0,0,0,0,0,0,959198fd4f53948439bfa81bf8067bf89d10d3255003ed7cc89e3f95b8e15f6e
111,images/111.png,rfmid,,,420be86f59cdc802,1,0,0,0,0,0,0,0,0,0,0,0,0,0,0,0,0,0,0,0,4158ab38b848c38f77ce47489eb06af5abf29c1685716b7837f3fd396027cd22
1110,images/1110.png,rfmid,,,9de4127a43c5c632,1,0,0,0,0,1,0,0,0,0,0,0,0,0,1,0,0,0,0,0,9f9488a734740dbedd146bb912eef485164ca95f60cf700320e2ff1676d8ab28
1111,images/1111.png,rfmid,,,c6e77ad6bd1264d6,0,0,0,1,0,0,0,0,0,0,0,0,0,0,0,0,0,0,0,0,744e57fcfb2adc96375a858d983853a19e4890be39a1f3b1bc1d41039e514d0c
1112,images/1112.png,rfmid,,,a62aa71648e8c27e,0,1,0,0,0,0,0,0,0,0,0,0,0,0,0,0,0,0,0,0,b1a05e18c2a88a31ecb5f3bad9dab00f141e7d017b0e009852ee9df3f79d2c0e
1113,images/1113.png,rfmid,,,303778456fde9e38,0,1,0,0,0,0,0,0,0,0,0,0,0,0,0,0,0,0,0,0,749c1d4d6d61e7fe67f65137edf28591fbda9f0722b6cc5fb601b8fe8ae5b29a
1117,images/1117.png,rfmid,,,0e582aae3984f11d,1,0,0,0,0,0,0,0,0,0,0,0,0,0,0,0,0,0,0,0,61279d92135eba59ac7adff31a48885e3310723e95f1cb9ccc2088f0ec94cf8d
1119,images/1119.png,rfmid,,,0f7f9769b3c37513,1,0,0,0,0,0,0,0,0,0,0,0,0,0,1,0,0,0,0,0,62fbe7bc1ff73a8b5c24e35ebde092149e88bab78076d3bbb082b20052dd0e5c
112,images/112.png,rfmid,,,6e546f094e4e041b,1,0,0,0,0,0,0,0,0,0,0,0,0,0,0,0,0,0,0,1,6a7df37c12270ea228b2e60ce117a57b70f9fb20b45b615a338809a92291829d
1123,images/1123.png,rfmid,,,202e390c25813b3f,0,0,0,1,0,0,0,0,0,0,0,0,0,0,0,0,0,0,0,0,6a2cc81392799c9eb46e570f2384ce42263fe454878c47a40ea7ef3833e13a8e
1124,images/1124.png,rfmid,,,fc3ed409b0b0228e,0,1,0,0,0,0,0,0,0,0,0,0,0,0,0,0,0,0,0,0,dc83a9abbe83f3aa9c5428991eb8bd6f8f1ebcf6c22a73eb203a173120116470
1126,images/1126.png,rfmid,,,f383727183304938,0,0,1,0,0,0,0,0,0,0,0,0,0,0,0,0,0,0,0,0,2ece8edc01e3cc758cd83856e34127ad1b50f4b78af10d8d9c16f50eca7517e6
1127,images/1127.png,rfmid,,,15584393abeec654,1,0,0,0,0,1,0,0,0,0,0,0,0,0,0,0,0,0,0,0,a480ad1dc67254a80ac509900dc5b1d7e309cc91cd5c0eed9e5c898c69cfd952
1128,images/1128.png,rfmid,,,e32edf4a7d3b9d64,1,0,0,0,0,1,0,0,0,0,0,0,0,0,0,0,0,0,0,0,374c70b4a9d20c1b3bf32a6872ea9b02213d8fead9bd3efbaabeee4a61755ae4
1129,images/1129.png,rfmid,,,2d7338ad6aeb1313,0,0,1,0,0,0,0,1,0,0,0,0,0,0,0,0,0,0,0,0,24204c9d0c7e8d31f8adfb812475f916e7d39ad18df0cc79e56bc4c88bd9c746
1130,images/1130.png,rfmid,,,652f7766a8d1f804,1,0,1,0,0,0,0,0,0,0,0,0,0,0,0,0,0,0,0,0,7c2aa55d6a32c076cabe0300e9358bfa3d4a664b23f342a3ffbc959e400eba99
1132,images/1132.png,rfmid,,,11daf229e5b8d909,0,0,0,0,1,1,0,0,0,0,0,0,0,0,0,0,0,0,0,0,fdd1761afcb699186abbfe09b1d34176b22067e13e7b4b5ffb235d23962cfc17
1133,images/1133.png,rfmid,,93cf04af3b7a,876d30850898bdb3,1,0,0,0,0,0,0,0,0,0,0,0,0,0,0,0,0,0,0,0,ffba1cfff32211e30373fb5e37c849d5d8c4d5b432da0d1eb1d65ea1305463ab
1134,images/1134.png,rfmid,,,ab8b833c1cc480a1,0,1,0,0,0,0,0,0,0,0,0,0,0,0,0,0,0,0,0,0,5ae2157880a6618ef618d7037a3c485131bfdd98a36ac2a2abecf920b2717316
1135,images/1135.png,rfmid,,,1184c028a868726f,0,1,0,0,0,0,0,0,0,0,0,0,0,0,0,0,0,0,0,0,c109c12c68fce65f35ef642c2795d64d5b0a0cf7ae3dbe0cef4c7c8d965b2d4d
1136,images/1136.png,rfmid,,,d6bbfed0acc02283,0,0,0,0,1,0,0,0,0,0,0,0,0,0,0,0,0,0,0,0,73ebada5204ad684f52c60b13e215585b4b7410bb47bded3f4373c776c6d0c8f
1137,images/1137.png,rfmid,,,e59d339b7d3a2c08,0,1,0,0,0,0,0,0,0,0,0,0,0,0,0,0,0,0,0,0,fa2b29a3de2209565db0881628f042646778675564d1c6f6fcc7b12a15e83cbb
1138,images/1138.png,rfmid,,,306a1d9c1dc3a31c,0,0,1,0,0,0,0,0,0,0,0,0,0,0,0,0,0,0,0,0,82344274cb186eca71ffbfcb0758470a151d1d9d35b009f0647dd4519dd0b6c7
1139,images/1139.png,rfmid,,,d9ea5f5accb06e17,0,0,1,0,0,0,0,0,0,0,0,0,0,0,0,0,0,0,0,0,4106a3846ba152ceb9d8a4f847f2874df505dc49ad96bc358152103a639c9a03
114,images/114.png,rfmid,,,3f41e7416ae44a8b,0,0,0,1,0,1,0,0,0,0,0,0,0,0,0,0,0,0,0,0,69ee414ee01e0d4c6accc872a4866267b4ec0793bdaeae18aab7f8cee485275b
1141,images/1141.png,rfmid,,,ba7abb7528aeead5,1,0,0,0,0,0,0,0,0,0,0,0,0,0,0,0,0,0,0,0,f4ca8f930c4acf82d3f1d61cd9c78047876fd541394c32366a7d951dc843a4f2
1142,images/1142.png,rfmid,,,5a91f66cbe681d1b,1,0,0,0,0,0,0,0,0,0,0,0,0,0,0,0,0,0,0,0,077741fce8139129729dc80777b12c2bb57b60cf0ca13a04d4478faa07b1da8c
1143,images/1143.png,rfmid,,,d16d51cb7a954774,0,0,0,0,1,0,1,0,0,0,0,0,0,0,0,0,0,0,0,0,a33dc727e2963d6b913ec4bfcb1f0a030b6bae0dfbf9feb4d08dadeb1c226e9e
1144,images/1144.png,rfmid,,,053d0a98e73f9b6f,0,0,0,0,1,0,1,0,0,0,0,0,0,0,0,0,0,0,0,0,91ef053646bf6266b3f77ac1aaaf8a21ca211b7405f4a1a7a1e9c70f3e37a7b7
1145,images/1145.png,rfmid,,,4d6474c4f19e515e,0,1,0,0,0,0,0,0,0,0,0,0,0,0,0,0,0,0,0,0,f9dfe8aba0355f9b72a918af49fe56ac7ef05811dd690839bdab3760a002c79f
1147,images/1147.png,rfmid,,,dae0dc1f605610af,0,1,0,0,0,0,0,0,0,0,0,0,0,0,0,0,0,0,0,0,4d63d3dbd2b0de380d0512bb392820f5fe3f023213884ed9dcfcd961c0d18c4a
115,images/115.png,rfmid,,,22494e484689b393,0,1,0,0,0,0,0,0,0,0,0,0,0,0,0,0,0,0,0,0,0ff36f896e3b7114c071bfc51a54ce55a356e17ece78e81032cd9ab9790714bd
1151,images/1151.png,rfmid,,,68d1f756bcff0e33,0,0,0,0,1,0,0,0,0,0,0,0,0,0,0,0,0,0,0,0,eaec93ad9c9bea173f863efb70652daee39071b4279d0422a025f2339ea0db4c
1153,images/1153.png,rfmid,,,40507983c52019ff,0,1,0,0,0,0,0,0,0,0,0,0,0,0,0,0,0,0,0,0,d5f97335b33874b5599b3e85c117fbc2928d0be7c59270e176638ae163497940
1154,images/1154.png,rfmid,,,675fd35f3667b45d,1,0,0,0,0,0,0,0,0,0,0,0,0,0,0,0,0,0,0,0,65593b640d23f0a65217b917904b3833f5a8a3203eb87163ea301e2166dbe15a
1155,images/1155.png,rfmid,,,767c234b29955ed2,0,0,1,0,0,0,0,0,0,0,0,0,0,0,0,0,0,0,0,0,7b56ce6f97ac3a33f0d63447a1ff0bc1e131c6730cc02bbc07374e4ce6e66f04
1156,images/1156.png,rfmid,,,165dba3f980cb2bb,0,0,1,0,0,0,0,0,0,0,0,0,0,0,0,0,0,0,0,0,b315e28a2f9577386ee666ccd18edff41092ac0da7332a6400f89f8696582069
1157,images/1157.png,rfmid,,,f62be2527d065d96,1,0,0,0,0,0,0,0,0,0,0,0,0,0,0,0,0,0,0,0,fa524358c0d266f8ccccf46b9a26d3fc33f6d9051a111e04f336f59c6a42c285
1158,images/1158.png,rfmid,,,848e0387d95d1e81,1,0,0,0,0,0,0,0,0,0,0,0,0,0,0,0,0,0,0,0,6d79571f10e68113d8e5ef4b10c57558ce0d9af1fc7fc5b915b42ca2a297d3fd
1159,images/1159.png,rfmid,,,19be6e0d31c1614a,1,0,0,0,0,0,0,0,0,0,0,0,0,0,0,0,0,0,0,1,129d209ef01613612171b24878436588e70c2e58dd92224bb8634498d591e0a4
116,images/116.png,rfmid,,,491ffccf4a0b2fc4,0,1,0,0,0,0,0,0,0,0,0,0,0,0,0,0,0,0,0,0,40d82d52f92daea56b0958669bb23c2d8e847fbd88ced5c2983f8a287ad93d36
1160,images/1160.png,rfmid,,,e964eb2a2400ccd6,1,0,0,0,0,0,0,0,0,0,0,0,0,0,0,0,0,0,0,1,17ba8ffd0333a51819b61d8ceb0ba72bf539e332c913e375b42cac9546284c5c
1161,images/1161.png,rfmid,,,522a21cbfa4ae0d1,1,0,0,0,0,0,0,0,0,1,0,0,0,0,0,0,0,0,0,0,922eb42619a102fc7d091211d16035f2814dbacb8bd52710358ee664822a5bb1
1162,images/1162.png,rfmid,,,a400722d95f414d7,1,0,0,0,0,0,0,0,0,1,0,0,0,0,0,0,0,0,0,0,06ff367a855deb8bd4bc44c61f2088489be5388796eaa3319658696cbf6c49d5
1163,images/1163.png,rfmid,,,3a4deea377963677,0,0,0,1,1,0,0,0,0,0,0,0,0,0,0,0,0,0,0,0,4c5c2e3acf34f8b99519174ff3c72565ccb761091f7c51af0ec542bdfe14abbc
1164,images/1164.png,rfmid,,,39bd3e9a41312fb8,0,0,0,0,1,0,0,0,0,0,0,0,0,0,0,0,0,0,0,0,b51fe90c1c3574a18e1e3ff0f5cba26b0fa4087204c631093467b4ddcdae0386
1165,images/1165.png,rfmid,,,e35a26bd66cd4d80,1,0,0,0,0,0,0,0,0,0,0,0,0,0,0,0,0,0,0,0,41b9c12b6b55dc2388e1179c156e4df7b284d42bfbfb2161990ec15ead28adfd
1166,images/1166.png,rfmid,,,0bc692b846c4ccd1,1,0,0,0,0,0,0,0,0,0,0,0,0,0,0,0,0,0,0,0,e3a41065df2adae29b0d42af67ad0120b867b33e5d7e6fce279cb7472d258f83
1167,images/1167.png,rfmid,,,77787a060722c82e,0,0,1,0,0,0,0,1,0,0,0,0,0,0,0,0,0,0,0,0,ddb5baffec35481a3e0684cca65ada1ccb8404a966df959bae0e00f76f0d26d8
1168,images/1168.png,rfmid,,,592055f86b918a64,0,0,1,0,0,0,0,0,0,0,0,0,0,0,0,0,0,0,0,0,ae97afd1a66f82b02d51049bf9883fcedcbd0172e24097504fe65c739b8ecb6e
1169,images/1169.png,rfmid,,,695c35f28cd2e9b1,0,0,1,0,0,0,0,1,0,0,0,0,0,0,0,0,0,0,0,0,63338003a7ed78719807cc62b04a6958da75cdbe1be1cf8ab2aa555c96134397
117,images/117.png,rfmid,,,f571f84204526284,0,1,0,0,0,0,0,0,0,0,0,0,0,0,0,0,0,0,0,0,df19ddd02fbacf534a920275e6574395a4e43b999e31212173f0a88fc19359d9
1172,images/1172.png,rfmid,,,65b876a4cf1d50d8,1,0,0,0,0,0,0,0,0,0,0,0,0,0,0,0,0,0,0,0,922fbea45b3042b39f8ffa50670a8a52f0a51fb8052fe5b60c71eda78f965676
1175,images/1175.png,rfmid,,,53cefc96dda7c07f,1,0,0,0,0,0,0,0,0,0,0,0,0,0,0,0,0,0,0,0,9e25d16eaefd1c7cf64d75ed227c361530928359be0b87868a1e0fcba4150d51
1176,images/1176.png,rfmid,,,f9075da5ae15e92a,0,1,0,0,0,0,0,0,0,0,0,0,0,0,0,0,0,0,0,0,2b0315a61af1f8b72c3e2d80ce6c7e1a23c5006ca41f4ca7378c6a37f76523e6
118,images/118.png,rfmid,,,6bf2cf4b43b78476,0,1,0,0,0,0,0,0,0,0,0,0,0,0,0,0,0,0,0,0,8a2856b23ce44de092b2d4b6229a1e3fac34982f3fde22d1875f9ff77e0c122a
1180,images/1180.png,rfmid,,,1ade84747fc82031,1,0,0,0,0,0,0,0,0,0,0,0,0,0,0,0,0,0,0,0,b854f175fb281f435db0da0fd0404ecf89e69639d0ce90f911f0c3b511dd0523
1181,images/1181.png,rfmid,,,3d03537dd0887d30,1,0,0,0,0,0,0,0,0,0,0,0,0,0,0,0,0,0,0,0,532e57cc35fae95b18216309ec5ff4b7af9d227d0e9617b75eedf54576bcc03a
1183,images/1183.png,rfmid,,,7dcf5947eba6b2ec,0,0,0,1,0,1,0,0,0,0,0,0,0,0,0,0,0,0,0,0,c0228de0ec362158e65386faad884764fb0189f12b730326b14a610fc3119d4f
1184,images/1184.png,rfmid,,,be59675c0dd6b4c1,0,0,0,0,1,0,0,0,0,0,0,0,0,0,0,0,0,0,0,0,9eb1cc92b5814c31a441c4100ecd4957838a3d9c519e4f95fda2041c8fa0c7d5
1185,images/1185.png,rfmid,,,a5a6f262ac638bdf,0,1,0,0,0,0,0,0,0,0,0,0,0,0,0,0,0,0,0,0,608e6f1fff002b4a54d667cb8fd6c6481e130092f7cd4c23cc407ba527193759
1186,images/1186.png,rfmid,,,2aa09f0f1c2b06af,1,0,0,0,0,1,0,0,0,0,0,0,0,0,0,0,0,0,0,0,31a3bb6311de39512a2df37c8291dceb200ce5c34c5e46107d0ab640e84d8802
1187,images/1187.png,rfmid,,,af539e7652cbf28c,1,0,0,0,0,1,0,0,0,0,0,0,0,0,0,0,0,0,0,0,135c341631726c396604494f246976df50bb2af7af0de1960e967123025f318e
1188,images/1188.png,rfmid,,,88b1d21c869c4980,0,1,0,0,0,0,0,0,0,0,0,0,0,0,0,0,0,0,0,0,43aaa5623dc8931eb02415ba60f09afe5a69e899d44f45cfbb0b3a960d331e5a
1189,images/1189.png,rfmid,,,e657d3e7252c2bf6,0,1,0,0,0,0,0,0,0,0,0,0,0,0,0,0,0,0,0,0,3bb00d5512a37db472e37cf5f1b1aa8b214e1d6ed570697d845e7c7302e087b4
119,images/119.png,rfmid,,,0ca70121e59a7828,1,0,0,0,0,0,0,0,0,0,0,0,0,0,0,0,0,0,0,0,b3cfb104a9b6cf0d16f735338f59ed2a1824ea96ebffd9a5c2ca69800b017e3b
1190,images/1190.png,rfmid,,,1bc670897fa397d3,1,0,0,1,0,0,0,0,0,0,0,0,0,0,0,0,0,0,0,0,b645005c2121d6a24ff4ea14421d03ab64ac61dfa056c0a40c6cf4df2c72bfaf
1193,images/1193.png,rfmid,,,f46e8258decb7d12,0,1,0,0,0,0,0,0,0,0,0,0,0,0,0,0,0,0,0,0,9bcc94976213af99b52af1dee0bf8cc195e929e6962d7de5c27fb9a2f4ad565b
1194,images/1194.png,rfmid,,,6325cc439081d840,0,1,0,0,0,0,0,0,0,0,0,0,0,0,0,0,0,0,0,0,1984e813f5d60eef780392bad9c1f751ad0eb1a40e90a70c728399a084237c60
1195,images/1195.png,rfmid,,,9fa765374e9ad7a6,1,0,0,0,0,0,0,0,0,0,0,0,0,0,0,0,0,0,0,0,38e2b97c3736dc2f31b49c3d944b636cf14ab908bfdb6a0bfa5a9703f1fec4db
1197,images/1197.png,rfmid,,,c78e055e8d7f2dc5,1,0,0,0,0,0,0,0,0,1,0,0,0,0,0,0,0,0,0,0,74b2374328af9cfe3c987b46e62ef72485f19d262dd9800e6b4fba5be9f8a86e
1198,images/1198.png,rfmid,,,b165c20617a79c65,1,0,0,0,0,0,0,0,0,1,0,0,0,0,0,0,0,0,0,0,24e2c72d2a9df88aac5107e0d15f5d968c0f5cc80439f7d8caa4ffe36376c9df
1199,images/1199.png,rfmid,,,958e380874ae5adc,1,0,0,0,0,1,0,0,0,0,0,0,0,0,0,0,0,0,0,0,42d204f4ee54dd8996f50bbc90dff05c00cccb7aa8b36094fb2d77a811e786e8
12,images/12.png,rfmid,,,2f7f9cd68dc5a12e,0,0,1,0,0,0,1,1,0,0,0,0,0,0,0,0,0,0,0,0,ae7864d748bc77df2c8b57ceea498ba04001d04075424b306eabae4bd79972c8
120,images/120.png,rfmid,,,1a20278ee9e3ef8b,1,0,0,0,0,0,0,0,0,0,0,0,0,0,0,0,0,0,0,0,88f5b66f7c92b7b56803b5af9460abf806f98605330f914be8aba0f0f6f5c009
1200,images/1200.png,rfmid,,,5c5dfe33374a5a03,0,0,0,1,0,1,0,0,0,0,0,0,0,0,0,0,0,0,0,0,03c749b30b581f2b17a6a375ab8cc47ad0a5e5617f34dc041cb78cd1e81bd4de
1201,images/1201.png,rfmid,,,9c0d08f6fb9be5ad,1,0,0,0,0,0,0,0,0,0,0,0,0,0,0,0,0,0,0,0,ef2fcd36a5e1800a60f9184784ecad17933d70a24b28f08d615d4f9b23ab301d
1202,images/1202.png,rfmid,,,d82efa6c7f1ee039,0,0,0,0,1,0,0,0,0,0,0,0,0,0,0,0,0,0,0,0,4aec49f75e799827f968fd815a9d20f4ec1147149a146c06f9cf9a50b7314261
1206,images/1206.png,rfmid,,,4c4042ff33018d6d,0,0,1,0,0,0,0,0,0,0,0,0,0,0,0,0,0,0,0,0,dc6c787f6b776d4c9ce97dcc5e08b1c7279d23e541b3a4a4d6079e3ba4c5a599
1207,images/1207.png,rfmid,,93cf04af3b7a,876d30850898bdb3,1,0,0,0,0,0,0,0,0,0,0,0,0,0,0,0,0,0,0,0,6d6157949503b73809f8b1dd5846d77a35f1f80ff33f2af058ae3a0e72996de7
1208,images/1208.png,rfmid,,,d86d1d8ce8855cd6,1,0,0,0,0,0,0,0,0,0,0,0,0,0,0,0,0,0,0,0,7f0b177981dddfdb10d0874694236f21668a393fa64855dc7a50dd5dfc714cbc
1209,images/1209.png,rfmid,,,44d7b896d09f5b4b,0,1,0,0,0,0,0,0,0,0,0,0,0,0,0,0,0,0,0,0,5e94585ff6e36bbbc745a60b2d4b3a3c2a6d82b272ba124f05a7ba39fcc525d4
1214,images/1214.png,rfmid,,,7046d422548233bb,0,1,0,0,0,0,0,0,0,0,0,0,0,0,0,0,0,0,0,0,1089ae5af4921e0811e1186e35fbb76a0a30536af19dede01add2088840474a0
1215,images/1215.png,rfmid,,,26f36551e66fe8c1,0,0,0,1,0,0,0,0,0,1,0,0,0,0,0,0,0,0,0,0,df003846f30744d57c32e76c4331c19957a1a615ab88e391e95606ab66e4d5a2
1216,images/1216.png,rfmid,,,d51b80d882a3a5aa,0,0,1,1,0,0,0,0,0,0,0,0,0,0,0,0,0,0,0,0,0511d8e411f1d29bea9da7549abcb95d026b3027b0b2d55100ab887414139fcd
1219,images/1219.png,rfmid,,,dd25882098eacacf,0,0,1,0,0,0,0,0,0,0,0,0,0,0,0,0,0,0,0,0,9872868507d33745ddf9f15178cc7e002a44afac8555084e1f7e223d600b405a
122,images/122.png,rfmid,,,af73ff2a80597a38,1,0,1,0,0,0,0,0,0,0,0,0,0,0,1,0,0,0,0,0,cb6401dfcf0eee76569de30ef3dab6e9b4811b1f29af72382d7899fdcef133ad
1220,images/1220.png,rfmid,,,02c104f6584a2fd5,0,0,0,0,1,0,0,0,0,0,0,0,0,0,0,0,0,0,0,0,9ccb2f3b861340cf1feb3c75da08ad19709346fd75ff2eab22357eb484130cad
1222,images/1222.png,rfmid,,,1401bb881742b62e,1,0,0,0,0,0,0,0,0,0,0,0,0,0,0,0,0,0,0,0,687d2940db89b82863d5ec86ff9a27202ebcfcc4f087be16ef5f0f8219e27e08
1223,images/1223.png,rfmid,,,8dc6949d2775b55a,1,0,0,0,0,0,0,0,0,0,0,0,0,0,0,0,0,0,0,0,6da7e6ff7619aa03444daef1798164ea378c6ab7fb9cfab484414b7a264052b3
1224,images/1224.png,rfmid,,,8de8b6e1ce980ef3,0,1,0,0,0,0,0,0,0,0,0,0,0,0,0,0,0,0,0,0,8591062e3c22bcc511cd826216e3a3e14c366194d9c30dfcf60a6236d47ad007
1225,images/1225.png,rfmid,,,f88daf9629eaab0a,0,1,0,0,0,0,0,0,0,0,0,0,0,0,0,0,0,0,0,0,c754c9ccc1dfba0dcd3b6ffdf264b81f98896cf6d46c695f544c253b920c1a01
1226,images/1226.png,rfmid,,,cb26564ad3bf8037,1,0,0,0,0,0,0,0,0,0,0,0,0,0,1,0,0,0,0,0,ad327974eccb02f1282da71b6f7210a41f667949b203383529a5946484d648fe
1227,images/1227.png,rfmid,,,d5f6b6a8a2eb4afb,1,0,0,0,0,0,0,0,0,0,0,0,0,0,1,0,0,0,0,0,188b490943269c167d6799db67b9d467a45f0bad122a6993e8a4ffa227c76635
123,images/123.png,rfmid,,,0dd23e504ab7e270,0,0,0,0,1,0,0,0,0,0,0,0,0,0,0,0,0,0,0,0,5d6f0744c4458fc284fb1d83db9fc657ae21c8708001dd4287fe62eb0f6dd317
1231,images/1231.png,rfmid,,,297374d5a820b367,0,1,0,0,0,0,0,0,0,0,0,0,0,0,0,0,0,0,0,0,a0d6b8278eec44e55991717097c095135242bbd9d8e46435697f9045ef75dc7b
1232,images/1232.png,rfmid,,,c511a0616003ed8b,1,0,0,0,0,0,0,0,0,0,0,0,0,0,0,0,0,0,0,0,03c0ee6fba2ceb17888f60bd0f03cb39ce32cdf17dbcdffa22c0984b111eb65b
1234,images/1234.png,rfmid,,,fe967894bc577aa3,0,0,1,1,0,0,0,0,0,0,0,0,0,0,0,0,0,0,0,0,1dc999f3d7e68f403c0a438971280f36193f2e6c642c2545650175fee59eddf1
1237,images/1237.png,rfmid,,,04e066662c3bf7a0,0,0,1,0,0,0,0,0,0,0,0,0,0,0,0,0,0,0,0,0,e1486a0c703d0fa5973743951c826fb7b8776a6811f3502f57106dcf12bfe8e0
1238,images/1238.png,rfmid,,,bd470bf6f2000b40,0,0,1,0,1,0,0,0,0,0,0,0,0,0,0,0,0,0,0,0,e8705bae9578ffa1073fa39d6cea09f2a226175997d70ea368d690796ebbfe05
1239,images/1239.png,rfmid,,,e83b95e5b59cace2,0,0,1,0,1,0,0,0,0,0,0,0,0,0,0,0,0,0,0,0,3ce0c508b48ab92814885ae66300877caefba21a2bca9586ef79ee2ec238f6a2
124,images/124.png,rfmid,,,9bdbff609909b2a8,0,0,0,0,1,0,0,0,0,0,0,0,0,0,0,0,0,0,0,0,663b1ca8999ff2f12e7033f165fae32cd26fe59e76e3b018b1650517ccfc6417
1240,images/1240.png,rfmid,,,801c797a30bca272,1,0,0,0,0,0,0,0,0,0,0,0,0,0,0,0,0,0,0,0,88599eea8185465338733f9ba246540d0a4557f06172ba31cf79cc9695994fda
1241,images/1241.png,rfmid,,,5f141112fba06781,1,0,0,0,0,0,0,0,0,0,0,0,0,0,0,0,0,0,0,0,031087cfe61ff5a6e86d929e2e3194d383fed1ae8f5cab6baf95b569710d4482
1242,images/1242.png,rfmid,,,64811fc10eb3cc9c,0,0,0,0,1,0,0,0,0,0,0,0,0,0,0,0,0,0,0,0,3532a20b0eca94df7cc6762c3d51eb77362bbf0f7a34234b46c7b691ba5a66c3
1244,images/1244.png,rfmid,,,9145d0ca491dd350,0,1,0,0,0,0,0,0,0,0,0,0,0,0,0,0,0,0,0,0,5d6782db10106293796af6c1a1d47e23a1edeaf9914485db83df9c6a80060514
1245,images/1245.png,rfmid,,,b3301f91ef95dd90,0,1,0,0,0,0,0,0,0,0,0,0,0,0,0,0,0,0,0,0,4c6619168c116ac35b7bbadc4f913dafcc52c2743fa8243d91554d3b9debeac6
1247,images/1247.png,rfmid,,,81592611dc259ef6,1,0,0,0,0,0,0,0,0,0,0,0,0,0,0,0,0,0,0,0,11641f2a3d7f3eac18eb082d6bb90476dc3defd7600b752c4216f4abed23cd11
125,images/125.png,rfmid,,,a6804e925ffa7fdc,1,0,0,0,0,0,0,0,0,1,0,0,0,0,1,0,0,0,0,0,55662fd891a5261459468c4d1598ae73b840ef0ca5c3fc2a5cb2eb3a4d8318be
1250,images/1250.png,rfmid,,,0429ec4feb1ddbcc,0,1,0,0,0,0,0,0,0,0,0,0,0,0,0,0,0,0,0,0,54271937bad826651cbcbc109b5750c6f0e82152f431d631146be81538835dd3
1251,images/1251.png,rfmid,,,560caf603addfbd9,1,0,0,0,0,0,0,0,0,0,0,0,0,0,0,0,0,0,0,0,9333db089b037e13c104771f8546e98652431add984321a16bb5d0c7a53b843a
1252,images/1252.png,rfmid,,,9484be69f6a98be6,1,0,0,0,0,0,0,0,0,0,0,0,0,0,0,0,0,0,0,0,3d3bd3eb678b1b785d5fcddbb54b929cd1a51c7de76b287053ee79476042f722
1254,images/1254.png,rfmid,,,55326eb6f2d23bb0,0,0,0,0,1,0,0,0,0,0,0,0,0,0,0,0,0,0,0,0,fcaad3decbaa70676681255cb95f6293e62ed2471d70b38cdf1d57352567e6f7
1255,images/1255.png,rfmid,,,956eb2208a0667e9,0,1,0,0,0,0,0,0,0,0,0,0,0,0,0,0,0,0,0,0,b4fb5851beb9969d526d91f5eb69806b81471883009ceb96f87a173c0f88f6f1
1257,images/1257.png,rfmid,,,9abdbe5eeb406be4,1,0,0,0,0,0,0,0,0,0,0,0,0,0,0,0,0,0,0,0,e282537035a91b20f1dc1f84c603d235b16d320da01220af24487d0b363a8dee
1258,images/1258.png,rfmid,,,6974a8d4bfb3999e,1,0,0,0,0,0,0,0,0,0,0,0,0,0,0,0,0,0,0,0,41865cd504b23e455f9f254f234b7f3d593dd49d07c3d63f42d256bf480d6c34
126,images/126.png,rfmid,,,d750c1abd25ebb13,0,1,0,0,0,0,0,0,0,0,0,0,0,0,0,0,0,0,0,0,24f7dab6f28cc30c7e24526ddd6bbb71788c583467abb0fef8304451d32e05f3
1261,images/1261.png,rfmid,,,65c9d6686e875db1,0,0,0,0,1,0,0,0,0,0,0,0,0,0,0,0,0,0,0,0,c603e11d61091b9679e3a801506597231314fa00f43878022b434042e1ce789b
1262,images/1262.png,rfmid,,,1cd544a912ac701d,0,0,1,0,0,0,0,0,0,0,0,0,0,0,0,0,0,0,1,0,96d16b343ce0c3e73a9981792bcefab31657d0a5ec45630e0c000b33fa1c3f3f
1263,images/1263.png,rfmid,,,80d14d6f9ea6e476,0,0,1,0,0,0,0,0,0,0,0,0,0,0,0,0,0,0,1,0,29bc1cb61567e7af5a31b795eff53a09c8e1a8e673713547a5e0f53eafdfbe36
1264,images/1264.png,rfmid,,,9d6a111d33aed0da,0,1,0,0,0,0,0,0,0,0,0,0,0,0,0,0,0,0,0,0,4409ff426820820c16a296f45e0d46e60a1a3e75bd469d401cf26f985f6d38b4
1265,images/1265.png,rfmid,,,a322667a4c3ceb23,0,1,0,0,0,0,0,0,0,0,0,0,0,0,0,0,0,0,0,0,cbe9f16c5baf4621fb999924fe0b8aff746bb1726bd7f8ce1f83a0c74a605e15
1267,images/1267.png,rfmid,,,f5e9413748830373,0,0,1,0,0,0,0,0,0,0,0,0,0,0,0,0,0,0,0,0,7d8523da8b0a458a8b6c961912b509e5245012d7a4c5697c343545cfdecae85e
1271,images/1271.png,rfmid,,,466afa1995408056,0,0,1,0,0,1,1,0,0,0,0,0,0,0,0,0,0,0,0,0,a5e017961c6d6450fbc620b9c3b84c4bc2a4bba9e4522bf86664ede4b02b1614
1272,images/1272.png,rfmid,,,ec0ae4e3391058e7,0,0,1,0,0,0,0,0,0,0,0,0,0,0,0,0,0,0,0,0,d146752d22a5be2b6e9f31703b4856ece02a0fcf81c6f50920ca3e2bac96f962
1273,images/1273.png,rfmid,,,7d45a589a5311fa1,0,0,0,1,0,0,0,0,0,1,0,0,0,0,0,0,0,0,0,0,2904e947e347cf9d2784dc4ff69f1b8ca43b0e8ced3dcb8f3a1a3497b79e5f09
1274,images/1274.png,rfmid,,,3baf24638b076a57,0,0,0,1,0,1,0,0,0,1,0,0,0,0,0,0,0,0,0,0,a0c9a4ef6127a17d8ea973608b524196a37272b97c5a4b11264800031bc3e514
1275,images/1275.png,rfmid,,,bd2cf4e17edb8398,1,0,0,0,0,0,0,0,0,0,0,0,0,0,0,0,0,0,0,0,c57f54c06e67a92db82a82f826938352d658ed12d3bee397c2c6c7762fddf63a
1276,images/1276.png,rfmid,,,1017586caeca8df9,1,0,0,0,0,0,0,0,0,0,0,0,0,0,0,0,0,0,0,0,12f8ff93d9d3d9fd34d3c9c36ba861d292f6f7ab8f3f6750e98740e7fa1d9c6f
1277,images/1277.png,rfmid,,,0437e9d39526d18d,1,0,0,0,0,0,0,0,0,0,0,0,0,0,0,0,0,0,0,0,d22e7f75d3357fbc3770402e36d7c6894f0d54f5a4038869648216c27eaa47f3
1280,images/1280.png,rfmid,,,6f37a1d797695445,0,0,1,0,0,0,0,0,0,0,0,0,0,0,0,0,0,0,0,0,db0af4128de0099682bf990222173c36d38acae017af111fb1602856ba24cfda
1281,images/1281.png,rfmid,,,f0a489c2cba638cd,0,0,1,0,0,0,0,0,0,0,0,0,0,0,0,0,0,0,0,0,c151aed92926d2f32cc983f8fd99bf7ae201781264c75ca8e6e5c42638ac5224
1283,images/1283.png,rfmid,,,77f6aabf0dbc81aa,0,0,1,0,0,0,0,0,0,0,0,0,0,0,0,0,0,0,0,0,5ee7ac08fa742a4354ccd7ddf899e7ce8a39ec602580d69044ace23564e0b286
1284,images/1284.png,rfmid,,,4072cb120804f40a,0,1,0,0,0,0,0,0,0,0,0,0,0,0,0,0,0,0,0,0,4292d0ebfab92cfca12f170497f26f75687739b6c3b1a59c196db3aac7aa1ea5
1286,images/1286.png,rfmid,,,c654dfd51c2c178c,0,0,0,0,1,0,0,0,0,0,0,0,0,0,0,0,0,0,0,0,f244c200a68028dfb59a5e67387c85ac4da3b073d8d478cf0b9eb7c34cea7e0b
1290,images/1290.png,rfmid,,,89db38cc9bb7cdca,0,0,1,0,1,0,0,0,0,0,0,0,0,0,0,0,0,0,0,0,9375683c973d35c1ff4f4f4cf1b44cab198ae43bfc8bdc01f57636f8c1b55069
1292,images/1292.png,rfmid,,,2c1f3d151eee0833,0,0,0,1,0,0,0,0,0,0,0,0,0,0,0,0,0,0,0,0,40e10e9489c3c4364bff91f81d17b6a3b80f3579482cceff8497cebc3cd2e28a
1295,images/1295.png,rfmid,,,effbaf672031800b,0,1,0,0,0,0,0,0,0,0,0,0,0,0,0,0,0,0,0,0,e348ce097ba857cfe76782aaf18c8568d83b6a0624c7a3269e003e218fd0661b
1296,images/1296.png,rfmid,,,f14df827ddf4c2b5,1,0,0,0,0,0,0,0,0,0,0,0,0,0,0,0,0,0,0,0,f3d67c763e08a0548044f2517eb7136d6e95bca6138789d3a3ffe7a065a1252b
1297,images/1297.png,rfmid,,,f66106c68ea234d7,1,0,0,0,0,0,0,0,0,0,0,0,0,0,0,0,0,0,0,0,8f9f435b716301ab21c5cb9f94362e1bd05a8f640c8cb0df66a3ad46eb7db495
1299,images/1299.png,rfmid,,,7b44cee315c3ed24,0,0,1,0,0,0,0,0,0,0,0,0,0,0,0,0,0,0,0,0,1453418e31b43ae3145640c38ad3925ba490c34352a9e4dc1c3dd85637cc7d87
13,images/13.png,rfmid,,,b58fb77f2acc11f8,0,0,0,0,1,0,0,0,0,0,0,0,0,0,0,0,0,0,0,0,9f4136ee66689c14f772c881559bd2c110526e3c25c4d2a0179c4432767f25c5
130,images/130.png,rfmid,,,008296af0a5d1cd1,1,0,0,0,0,0,0,0,0,0,0,0,0,0,1,0,0,0,0,0,754f6b55d4051ea451b45284d7ce8cf5f9d94f331ed73dbe1c30d44b6c3735a6
1300,images/1300.png,rfmid,,,b26bf1eef515cfe4,0,0,1,0,0,0,0,0,0,0,0,0,0,0,0,0,0,0,0,0,bb2ae328414d3bd3417302458bea5698ee0a2aad59d1762b114490729717c8f9
1301,images/1301.png,rfmid,,,f25545b701193a63,0,0,1,0,0,0,0,0,0,0,0,0,1,0,0,0,0,0,0,0,c5617c66a4ab7516325cf9e9782e96e94579830d968a3ae4dbb5fc300b53cd97
1302,images/1302.png,rfmid,,,26299aca62b4ed25,0,0,1,0,0,0,0,0,0,0,0,0,1,0,0,0,0,0,0,0,132846c1cef4df26b1ce684ae727b158aed495a627585086ac4a73af2abfd821
1303,images/1303.png,rfmid,,,a52f84175749ab84,0,1,0,0,0,0,0,0,0,0,0,0,0,0,0,0,0,0,0,0,cd4de947968f67e08e2404e088d792aa0edf9073c68c1076b26e20e59d988f5a
1305,images/1305.png,rfmid,,,c617d501d2a43d38,0,0,1,0,0,0,0,0,0,0,0,0,0,0,0,0,0,0,0,0,d781e447eb6354bb795c49689e455aeea352b9bf229705dbf0df06fcca555121
1306,images/1306.png,rfmid,,,fb686107589aeecf,0,0,1,0,0,0,0,0,0,0,0,0,0,0,0,0,0,0,0,0,b0ccbda512dc874ba3f18b1dc71ea87019d6900ac1bfc90774134b62f5c5d9d9
1307,images/1307.png,rfmid,,,25e8c6d0d83e005c,0,0,0,0,1,0,0,0,0,0,0,0,0,0,0,0,0,0,0,0,8753f17f892b76c4a39b4f2207e518ec26ae72d07ce31eada8a8376e48689217
1308,images/1308.png,rfmid,,,04d0b5383ff54b57,1,0,0,0,0,0,0,0,0,0,0,0,0,0,0,0,0,0,0,0,5bb588c5887ab38529befa10d2d17fd67b995b911dea894d7301649eed6579fd
1309,images/1309.png,rfmid,,,b22f639c9b761d0d,1,0,0,0,0,0,0,0,0,0,0,0,0,0,0,0,0,0,0,0,20d36ed660785e4709e9f30a0ff84b632eae2bed692e8d8b6066f94c33058962
131,images/131.png,rfmid,,,ec78914589c156f0,1,0,0,0,0,0,0,0,0,0,0,0,0,0,1,0,0,0,0,0,8ff6ff9060b47d16734b64c31081244a07a73f2f56e4bfadad97fbe52ffd387e
1310,images/1310.png,rfmid,,,1e589437370f56c6,0,0,1,0,0,0,0,0,0,0,0,0,0,0,0,0,0,0,0,0,b31eb56623f0bf9066f7c0df72c243234f7b03ce2d60b03ea1f30452ccde7870
1311,images/1311.png,rfmid,,,2f26c7617f5e584d,0,1,0,0,0,0,0,0,0,0,0,0,0,0,0,0,0,0,0,0,537bf905bc310362eab1c73109388e3b34ea3dd15a91a77a978fdb46af83eb3d
1312,images/1312.png,rfmid,,,64b2a4b80b6dffa1,0,1,0,0,0,0,0,0,0,0,0,0,0,0,0,0,0,0,0,0,ac33f721a82025f9b868e60d17ffec5f33adfb199600248af59b2cb5cdb7201b
1313,images/1313.png,rfmid,,,890e69f6538b847f,1,0,0,0,0,0,0,0,0,0,0,0,0,0,0,0,0,0,0,0,4358961eb288fdc8a1ed43424b70890115b3a20104cf9eb54b6bc0e6e36c1827
1314,images/1314.png,rfmid,,,0c95402576ccee90,0,1,0,0,0,0,0,0,0,0,0,0,0,0,0,0,0,0,0,0,b2f440f9aae1ecb3f9ca9557f8259eeb14f19d48beb4e15e8e784a8a814f0387
1316,images/1316.png,rfmid,,,8c9ab5a8d1b6c4be,0,0,1,0,0,0,0,0,0,0,0,0,0,0,0,0,0,0,0,0,e808cf9e8c446d014a2a94844a65642048781079a0d2f935067dedd3286488d4
1318,images/1318.png,rfmid,,,d732a59c1fb38e32,0,1,0,0,0,0,0,0,0,0,0,0,0,0,0,0,0,0,0,0,bb671fc244053257c836070e332a206038bfeec03dffa6296b10a34de427915c
1319,images/1319.png,rfmid,,,7f42afc3ffed27f3,0,1,0,0,0,0,0,0,0,0,0,0,0,0,0,0,0,0,0,0,12a787dacd4dcf572c728dbc5b2c8c6be00f941f2df59e05bf83319d6a7ab0a4
132,images/132.png,rfmid,,,7453598794f569d1,0,0,0,0,1,0,0,0,0,0,0,0,0,0,0,0,0,0,0,0,ff092a0d106e5eaee5e90e600c1740480647a48aafa95aed487be17aa6ce133e
1320,images/1320.png,rfmid,,,8fa514847aeda43f,0,0,0,0,1,0,0,0,0,0,0,0,0,0,0,0,0,0,0,0,6b9ada97bbe79223bfd05b065ac5f9fc79fc1fdb5c83ef67dc05374d128f3acb
1321,images/1321.png,rfmid,,,95f2a24195f7417f,0,1,0,0,0,0,0,0,0,0,0,0,0,0,0,0,0,0,0,0,3164907790601ca45b4558c7b9419bb53e94e0c42d0b283c870be9e53672f15a
1322,images/1322.png,rfmid,,,ae106fdae70565ed,1,0,0,0,0,0,0,0,0,0,0,0,0,0,0,0,0,0,0,0,fd475779d3f600683321a239c4aa35b45a6a84d878d3054507d6124b2e8f0df8
1323,images/1323.png,rfmid,,,02e4214ec6da800d,1,0,0,0,0,0,0,0,0,0,0,0,0,0,0,0,0,0,0,0,2c735d73e804046b20961de2f00495d60575770e8bfc2c016fbf57e170d4f8e6
1324,images/1324.png,rfmid,,,30320bf8ad855b98,0,0,1,1,0,0,0,0,0,0,0,0,0,0,0,0,0,0,0,0,19a6e2daa386dd60188801de7c53e0b0e793ef281aaed7e66adb02878f479e6d
1325,images/1325.png,rfmid,,,ee182d1d70551720,0,0,1,1,0,0,0,0,0,0,0,0,0,0,0,0,0,0,0,0,10f095367a9cf1019fdba82d8ef68bcc3c6f552a3c15daab5b4632d633e258ef
1326,images/1326.png,rfmid,,,050eb4f8147db99e,0,0,0,0,1,0,0,0,0,0,0,0,0,0,0,0,0,0,0,0,1a16b0ec1f9ee9701fd901acf96ff533dca343d008e65099410d89f53c74c088
1327,images/1327.png,rfmid,,,42def0e4276048b9,0,0,0,0,1,0,0,0,0,0,0,0,0,0,0,0,0,0,0,0,0b5161793ba74d33834e6f290b21a800bc793b6cd641cf25af04e8159164e503
1329,images/1329.png,rfmid,,,b4ce35dda200ffb6,0,0,0,0,1,0,0,0,0,0,0,0,0,0,0,0,0,0,0,1,e4642784bcd0dc5b7fc3203bb4ae5292c17c9eab9df3793408c5c3db699880b8
1330,images/1330.png,rfmid,,,cf16f404e8ecccbf,1,0,0,0,0,0,0,0,0,0,0,0,0,0,0,0,0,0,0,0,6dad3fb303b2225718cd05340b095857b63d14c025b8917d6537276e5657b352
1331,images/1331.png,rfmid,,,dbe1a7f2ed3bf503,1,0,0,0,0,0,0,0,0,0,0,0,0,0,0,0,0,0,0,0,01c67e0bf95440a33e50537d1edc3b0dc2ca26b92ef390296407e58dcd99e174
1332,images/1332.png,rfmid,,,0f616cde46121310,1,0,0,0,0,0,0,0,0,0,0,0,0,0,0,0,0,0,0,0,a697f4b840c97cd47d01eed01366735f08d084ce6ba03a2e47f7e8cea7e3800e
1333,images/1333.png,rfmid,,,032dfc45e91fd1f8,1,0,0,0,0,0,0,0,0,0,0,0,0,0,0,0,0,0,0,0,222e12f4da63e82a07c984962faec4fee6bac99a9913a038b14af5b96332a214
1334,images/1334.png,rfmid,,,3023c4dadbc8d0d0,0,0,0,0,1,0,0,0,0,0,0,0,0,0,0,0,0,0,0,1,d78d4610aae1839beb3bba8ba35d157fa2e0163e5c82f05a1a3dab7248a2ee6c
1335,images/1335.png,rfmid,,,db29077d8bff2741,0,0,0,1,0,0,0,0,0,0,0,0,0,0,0,0,0,0,0,0,95dd8a6b366efb8bea7117930238029270cc9ac8c674cf54ecbbb7aed2395a02
1336,images/1336.png,rfmid,,,46b6545a65afa776,0,0,0,1,0,0,0,0,0,0,0,0,0,0,0,0,0,0,0,0,3bd1d87068c3467a83f539ae4b1f6d99f783a0f5dbffa64fdc523621a77c997f
1337,images/1337.png,rfmid,,2e12b374d2fb,6e04042e1193107e,1,0,0,0,0,0,0,0,0,0,0,0,0,0,0,0,0,0,0,0,42ecc9206eb6e47c3f37c5283cbdad34c7891c7c74e8eb1b49ef19f09a21cbea
134,images/134.png,rfmid,,,d4015227aa029284,1,0,0,0,0,0,0,0,0,0,0,0,0,0,0,0,0,0,0,0,f732ea50904aa135dbc1440306c413879684b0fe03738bcb8c952a6849727778
1340,images/1340.png,rfmid,,,9ec687a94f31e900,1,0,0,0,0,0,0,0,0,1,0,0,0,0,0,0,0,0,0,0,6151f842ba2a7379835c9d4cb2abe97498c36f5c2e4855bca86c748b96948818
1346,images/1346.png,rfmid,,,0763afeba3171c87,0,0,0,1,1,0,0,0,0,0,0,0,0,0,0,0,0,0,0,0,378d264f15470f6924953410d946443f4f6dab75d9a88ab0edb2b8412573fb4a
1347,images/1347.png,rfmid,,,f119a46698405325,1,0,0,0,0,0,0,0,0,0,0,0,0,0,0,0,0,0,0,0,111a130a0883f771e2855efd645a3e837cfc1a476de005898f49a65619469892
1348,images/1348.png,rfmid,,,e1f0c732540653f1,1,0,0,0,0,0,0,0,0,0,0,0,0,0,0,0,0,0,0,0,c9d3c97080ceaf5a6a0d135d33c7eee2c934aa75f612c39aca9eac8261c471ee
1349,images/1349.png,rfmid,,,e646e0fbff8f6434,1,0,0,0,0,0,0,0,0,0,0,0,0,0,0,0,0,0,0,0,4ff983b32fcd6c7910befd98ba7d5532ff714b6b491e821bfb18cd5f50eb5dd8
135,images/135.png,rfmid,,,a92aa313984f4fdd,0,0,0,0,1,0,0,0,0,0,0,0,0,0,0,0,0,0,0,0,9efd8f87efdfb6144c64c6588219a893dd6bd0cebb79e465312661f4ca19c340
1350,images/1350.png,rfmid,,,b7406372c6b567ca,0,0,0,1,0,0,0,0,0,0,0,0,0,0,0,0,0,0,0,0,334a9d17437f770015fae68cceafb59d477667ce32a19307babafe1147e53ebe
1351,images/1351.png,rfmid,,,6dc29e5688f81516,0,0,0,1,0,0,0,0,0,0,0,0,0,0,0,0,0,0,0,0,a986b6d36f0f2999536c83340be363b3f2812959c483c1403cd43e5570e9b3c7
1352,images/1352.png,rfmid,,,34dd9b73add48d4a,0,0,0,1,0,0,0,0,0,0,0,0,0,0,0,0,0,0,0,0,e84953f4724c7cc3228e68070937ab750861d396bb937745045c1e8eece1ec4a
1353,images/1353.png,rfmid,,,e32ebf2d31d73a63,0,0,0,1,0,0,0,0,0,0,0,0,0,0,0,0,0,0,0,0,3eb583a92b051344bbfc79a59ddddf53b6dc4508a9af84939fa45ecdf3b503d0
1354,images/1354.png,rfmid,,,d6f9f78bfc8bf1a7,0,0,0,1,0,0,0,0,0,0,0,0,0,0,0,0,0,0,0,0,4aac81ab5d60f1c566d6841140cab6dbb6f76abb546d6104154836ab71759cb0
1355,images/1355.png,rfmid,,,99a6cc356272c4f1,0,0,0,1,0,0,0,0,0,1,0,0,0,0,0,0,0,0,0,0,a82aa0a372117f74e46c76ab71d0d33da651bd88688e38ca406ac23e13ce00c1
1356,images/1356.png,rfmid,,,e1d54cda9f6b9b04,1,0,0,0,0,0,0,0,0,0,0,0,0,0,0,0,0,0,0,0,45eb87dcd8e1d84bb3480fa8ff7acc1a2ee9fdf8ae81aa5397b28d934d3a410c
1357,images/1357.png,rfmid,,,6f1baf2c8d3dd0c8,1,0,0,0,0,0,0,0,0,0,0,0,0,0,0,0,0,0,0,0,33f43ea5509692711732725f5d87e42f7dde1c0427d7fedae86ede74d9d94e6b
1358,images/1358.png,rfmid,,,a63777b0aa42e9a4,1,0,0,0,0,0,0,0,0,0,0,0,0,0,0,0,0,0,0,0,d628ffcafb5edf7336d2ba18c748bd856af705db0f5286d02e296a29d7661795
1359,images/1359.png,rfmid,,,e28deef957b4c396,1,0,0,0,0,0,0,0,0,0,0,0,0,0,0,0,0,0,0,0,3e54e386091910889258a4a98ca7bf72eb184e7c3d4a86c549f9e87faa7b7c6e
1362,images/1362.png,rfmid,,,d2697487e2e637c7,1,0,1,0,0,0,0,0,0,0,0,0,0,0,0,0,0,0,0,0,0013681b81ad72fc1c5b1d550ef8dd0dd3af3a5d7b7b51b6aa27bc07ac793408
1363,images/1363.png,rfmid,,,98687b4c87bab796,0,0,1,0,0,0,0,0,0,0,0,0,0,0,0,0,0,0,0,0,d8d35f7a20c9d41e4f08a16d41060f24638051754d78a34a4e4fa7f7aca219d1
1364,images/1364.png,rfmid,,,a443ca406beef224,1,0,0,0,0,1,0,0,0,1,0,0,0,0,0,0,0,0,0,0,04533c5271fe66248e415d49ee435ff6228471c17d4353d0b44ba163bcbd043f
1365,images/1365.png,rfmid,,,d58d6fe5dcefc10d,1,0,0,0,0,1,0,0,0,0,0,0,0,0,0,0,0,0,0,0,c7a7749b7502add34829e717b56b4c1aa98002646a9d2c853bde4c4333d11e55
1368,images/1368.png,rfmid,,,eb17ee7800a66114,1,0,0,0,0,0,0,0,0,0,0,0,0,0,0,0,0,0,0,0,138fe0576cb315e19004380bd1435e35a5e6b184486f5e5779ab521ed1a237b0
1369,images/1369.png,rfmid,,,70ec82f89e3117d2,0,0,1,0,0,0,0,0,0,0,0,0,0,0,0,0,0,0,0,0,358fcd2af994f24331518d3144e53d51c1e3db51e394ad4dbf41cf41ddbdec1a
1370,images/1370.png,rfmid,,,cbd41b374b0f90e9,0,0,1,0,0,0,0,0,0,0,0,0,0,0,0,0,0,0,0,0,90dc285a5d3b3e0d1bd85c42af0d5d066dfd5d8604f8e2b61702af9ab8f10e81
1372,images/1372.png,rfmid,,,f4d5f61800ae447e,0,0,1,0,0,0,0,0,0,0,0,0,0,0,0,0,0,0,0,0,0d88410a5f930e66f00ece74c96c17e7b9169cb92ce5098e7f273bb6b92a8502
1373,images/1373.png,rfmid,,,ae63cd2524f66bbc,1,0,0,0,0,1,0,0,0,0,0,0,0,0,0,0,0,0,0,0,ce73a012868bdcc5c72d725a3ccbbb5ac3e95b4ae059fcae2b82ced92e70c0f6
1374,images/1374.png,rfmid,,,002077f374b3830e,0,1,0,0,0,0,0,0,0,0,0,0,0,0,0,0,0,0,0,0,ebaad6ebbb5e5ccdeb070ebc645287fc6530df2bfe582d04f4e3e696f4da2653
1375,images/1375.png,rfmid,,,4725550df37fea53,1,0,0,0,0,0,0,0,0,0,0,0,0,0,0,0,0,0,0,0,f2b1142338e91f49afcc3683cb3bbf7168d2facff9e3c074135995f64dc65562
1376,images/1376.png,rfmid,,,e6c9bb8614e7a238,0,0,0,1,0,0,0,0,0,0,0,0,0,0,0,0,0,0,0,0,26118269215867b0a506272f5f992111a9f3d942a3d7511c317c0a855b69b6ac
1377,images/1377.png,rfmid,,,7c1ed631fac7c24c,1,0,0,0,0,0,0,0,0,0,0,0,0,0,0,0,0,0,0,0,8bf07367cd5ac4bef91f15eff8bac5670584a2caadb0e52fac51143306a01f64
1378,images/1378.png,rfmid,,,bec7a00b6a1ccc4c,1,0,0,0,0,0,0,0,0,0,0,0,0,0,0,0,0,0,0,0,050c19af51f8a7facd7d971a2c63c89e64786f9db910a9adc6d3d0751e29beab
1379,images/1379.png,rfmid,,,ce87d32bff5ac18a,1,0,0,0,0,0,0,0,0,0,0,0,0,0,0,0,0,0,0,0,3d0550fbe3899622084404a6cf0d65c0e6f2465541c6467302cb8b87c2af1863
138,images/138.png,rfmid,,,75ad98488788175a,0,1,0,0,0,0,0,0,0,0,0,0,0,0,0,0,0,0,0,0,5862f02c1222112e1f5bd5bf4ac4fab107a72f551c3cdd94c002ae33fd6ce8ea
1380,images/1380.png,rfmid,,,0602146cb85d2648,1,0,0,0,0,0,0,0,0,0,0,0,0,0,0,0,0,0,0,0,050ee4ec68a65a14f0d94f4d8036632b1008a01be0d448dab721405b21999a8a
1381,images/1381.png,rfmid,,,b91dd547769a7d75,0,1,0,0,0,0,0,0,0,0,0,0,0,0,0,0,0,0,0,0,9706fea38e94633b6b8e54e338b75839c870e3e4c6efb8cbd43774b991d4bbf9
1382,images/1382.png,rfmid,,,b435c9a6d039c11d,0,1,0,0,0,0,0,0,0,0,0,0,0,0,0,0,0,0,0,0,50392dd24b9199c622f3e16baf8097cf65fc3f45df0e3376c4b9fd08e6c45e17
1383,images/1383.png,rfmid,,,85ddc5d4a712a7fc,1,0,0,0,0,0,0,0,0,0,0,0,0,0,0,0,0,0,0,0,e3ddfa0eaaddd5b8ae5eed7c9f9ff820ee7c23a90e0925ae3fc597f64e60d4fa
1384,images/1384.png,rfmid,,,42a2bf1670498486,1,0,0,0,0,0,0,0,0,0,0,0,0,0,0,0,0,0,0,0,b119f2343a5f9a449382f9c9870ddd668945d939ea08fced1b6a1d10cc695839
1385,images/1385.png,rfmid,,,c38fa2050748f33a,0,0,1,1,0,1,0,0,0,0,0,0,0,0,0,0,0,0,0,0,f12c0e9a44e1f9fcb5b67ea3d57d5f3a4ab4e8631bacfa2433b51122916b9333
1386,images/1386.png,rfmid,,,c175c7a3998e1232,1,0,1,0,0,1,0,0,0,0,0,0,0,0,0,0,0,0,0,0,c1bc3f86de7bfcb6a5f45e18a92335aed11041278b1ab8a14af8428bb7c57981
1387,images/1387.png,rfmid,,,741f9def1dfc8382,1,0,0,0,0,0,0,0,0,0,0,0,0,0,0,0,0,0,0,1,5ab902494a1b01802009af235244bf5297fbbe5bee65430fdb2d6e6de7775b9f
1388,images/1388.png,rfmid,,,753e30462337276e,0,1,0,0,0,0,0,0,0,0,0,0,0,0,0,0,0,0,0,0,4e24455f3fbde8c734ff2c4cbc6fa45635938288a935231926e3799579c4db07
139,images/139.png,rfmid,,,bb9f8505d31b5d26,0,0,0,0,1,0,0,0,0,0,0,0,0,0,0,0,0,0,0,0,157924a4f032f73c229b97ec0c2a3bee40ea7b63cd0bfb733cd2aac7f98195c8
1391,images/1391.png,rfmid,,,f85f0329dc18181c,0,0,1,0,0,0,0,0,1,0,0,0,0,0,0,0,0,0,0,1,9331bba72e050bfb10a9c7606333ad1953d6ffb31f4911f7df2a0576157e0f12
1392,images/1392.png,rfmid,,,d0a24181321930c8,0,1,0,0,0,0,0,0,0,0,0,0,0,0,0,0,0,0,0,0,6dd971d77c15c533b735ee81208c77bff47745d1daa8944005031caf66f13d3f
1393,images/1393.png,rfmid,,,9a3368a32dafcc1c,1,0,0,0,0,0,0,0,0,0,0,0,0,0,0,0,0,0,0,0,48d630ee38b9a9f652ce19145a940788dc056d2e0efc45221d0124654ee589b2
1394,images/1394.png,rfmid,,,9da8cc3ed015cb64,1,0,0,0,0,0,0,0,0,0,0,0,0,0,0,0,0,0,0,0,bb8c9bb3a02cb5f10980d0ec78d38440e04ad128fde943abde2b142f02a3b5e5
1395,images/1395.png,rfmid,,,dfd2860cdcca5945,1,0,0,0,0,0,0,0,0,0,0,0,0,0,0,0,0,0,0,0,a7aebed6f549e5675573a5c814923141529ae0867a33cb5137a94876e566e0c5
1396,images/1396.png,rfmid,,2e12b374d2fb,6e04042e1193107e,1,0,0,0,0,0,0,0,0,0,0,0,0,0,0,0,0,0,0,0,fc9406a7dbaaeca87b13a6ac37cc41ca120339b6850e22720cdeb0206969348e
1397,images/1397.png,rfmid,,,0fa618c44934660e,0,0,1,0,0,0,0,1,0,0,0,0,0,0,0,0,0,0,0,0,13d851788d31f0347e312e6a7a6021ae6b805f00046902ce9d17a5927230e508
1398,images/1398.png,rfmid,,,885a73875a7561b0,1,0,0,0,0,0,0,0,0,0,0,0,0,0,0,0,0,0,0,0,56900db95584649fd3ba95af9d812f9835037df6965d3cbaf10db577b6b0f9db
1399,images/1399.png,rfmid,,,f4e2107a549b46e3,0,0,1,0,0,0,0,0,0,0,0,0,0,0,0,0,0,0,0,0,84eb31f7bac79c55d02c23c3d462429b52abd548f401f118676ef49e1fbd3c5e
14,images/14.png,rfmid,,,05673d32b5779769,0,0,0,0,1,0,0,0,0,0,0,0,0,0,0,0,0,0,0,0,ddb943a4c3c7e44b3bde7cc0a6e3624d8864bc1beb355502e7f5d7397dbab75b
1400,images/1400.png,rfmid,,,f8da73313e222012,0,0,1,0,0,0,0,0,0,0,0,0,0,0,0,0,0,0,0,0,06f47e63a8c9e55ad6acd6b6cd9ff98542a8490c25b295e647c92f5822cd9359
1401,images/1401.png,rfmid,,,b046eb5b4a072c2f,0,0,1,0,0,0,0,0,0,0,0,0,0,0,0,0,0,0,0,1,1a0595b08dc53b40dcaa6a1a05c5e5a93adce2c4d2f967cfce1714443a3c67c7
1402,images/1402.png,rfmid,,,71d1b42c18e34eef,0,0,1,0,0,0,0,0,0,0,0,0,0,0,0,0,0,0,0,1,0a5d19fe4742a9c3af5bc7d757c345738ee788138d750ca77899e84f205d0da9
1403,images/1403.png,rfmid,,,18f69c465b44ad8d,1,0,0,1,0,0,0,0,0,0,0,0,0,0,0,0,0,0,0,0,7c83e575d7cec353c1d656b7acd977719b9b1a20b2cee1a5b0eeb4f369cd7c72
1404,images/1404.png,rfmid,,,c249eb43d1e7324d,0,1,0,0,0,0,0,0,0,0,0,0,0,0,0,0,0,0,0,0,bde6755c600a13aac3a04f9477313754420eb6b0c65aad56fb23bd167334f9cf
1406,images/1406.png,rfmid,,,887002d5a927af37,1,0,0,0,0,0,0,0,0,0,0,0,0,0,1,0,0,0,0,0,d6431c551baa0f6f84ec19e5fdc2f0dbe826a853f46545464bb81f4b9c4cba3d
1408,images/1408.png,rfmid,,,1aab7b1448196d8e,1,0,0,0,0,0,0,0,0,0,0,0,0,0,0,0,0,0,0,0,58b906f357939b92871177a05bca95c9cc00b10cc72e656b6b75bd1b84582a4e
1409,images/1409.png,rfmid,,,48f283b37d1ec902,1,0,0,0,0,0,0,0,0,0,0,0,0,0,0,0,0,0,0,0,e0d496179fa2a8a108057aabb35760d2ab267a117162ddee5201bfe0079edaa6
1410,images/1410.png,rfmid,,,23400be98436fd86,0,1,0,0,0,0,0,0,0,0,0,0,0,0,0,0,0,0,0,0,441e58b0466ffa260d2a522d6bc390499690017c1b0fb414f7b0508aad946e80
1411,images/1411.png,rfmid,,,918509fdd1c06cd6,0,1,0,0,0,0,0,0,0,0,0,0,0,0,0,0,0,0,0,0,fbc42883892d574361d9f7ddd2a008e78ed3107b014fb3044ea6a7d0a66df1a2
1412,images/1412.png,rfmid,,,7d7c5375444d70e8,1,0,0,0,0,0,0,0,0,0,0,0,0,0,0,0,0,0,0,0,f4b309865983048bcff622664e500cd8a6e49f02c9d41a364f132411d0159a55
1413,images/1413.png,rfmid,,,2dfddbfcd4f53bdd,1,0,0,0,0,0,0,0,0,0,0,0,0,0,0,0,0,0,0,0,a55abe836149117ed2e1fc2a5a0b943a35fb06382163e2cae2f86a1d6bc079a1
1414,images/1414.png,rfmid,,,bbc46553851399e7,1,0,0,0,0,0,0,0,0,0,0,0,0,0,0,0,0,0,0,0,2de1cf859720be45b645d6dcc72ef0f5248960c06fa5788d9f2cd0d9f2069e96
1415,images/1415.png,rfmid,,,cb9c9730785a9c00,1,0,0,0,0,0,0,0,0,0,0,0,0,0,0,0,0,0,0,0,4b1f812bf3545c2df90b525f820a9a1c61ec90ef373f6f489c5f0cff99071dda
1416,images/1416.png,rfmid,,,6d066a4c717150b3,1,0,0,0,0,0,0,0,0,0,0,0,0,0,0,0,0,0,0,0,0cf3b2a91d3c64ff600c84ff635aa62037b977d7b98bec8b48c7aa9f972d2790
1417,images/1417.png,rfmid,,,3f4dc1365eea2c22,1,0,0,0,0,0,0,0,0,0,0,0,0,0,0,0,0,0,0,0,ed4b762c83ef4939ae29cd158641269c7c96b5913c91f667d9c79eaef44061c3
1418,images/1418.png,rfmid,,,582e32e834744cb9,1,0,0,0,0,0,0,0,0,0,0,0,0,0,0,0,0,0,0,0,b7d1bf29680e53a6a76e2963e672c5d63b3398abe9166f678d1f69e1b3d4ff66
1419,images/1419.png,rfmid,,,043ed7df2c5070cb,0,1,0,0,0,0,0,0,0,0,0,0,0,0,0,0,0,0,0,0,97fafe26e27239a8adca492ba87c44f80a608f3a9a88aa3b701ac14223ee7bfe
1420,images/1420.png,rfmid,,,5ed9ad309d399a8c,1,0,0,0,0,0,0,0,0,0,0,0,0,0,0,0,0,0,0,0,6d3af50dae6de8043569bf397a0f90b88e4a6c2181ad6b606a0c90e7af44485e
1429,images/1429.png,rfmid,,,dc321d8234c51fab,0,0,1,0,0,0,0,1,0,0,0,0,0,0,0,0,0,0,0,0,418f47069402be1f6d6c5bd2c803ae9826a654133b1f920e71818be5c9ac5be3
143,images/143.png,rfmid,,,8a66dc9e085e9dcf,1,0,0,0,0,0,0,0,0,0,0,0,0,0,0,0,0,0,0,0,180ba8985d809e3a3f05f1ab79d6753f99ce922532d0fe1f31627fccd6b93366
1431,images/1431.png,rfmid,,,23332c7be0d9bf13,0,0,0,1,0,1,0,0,1,0,0,0,0,0,0,0,0,0,0,0,153b5b50138cf229f92bc2b4b7e5955c57d9f075480024744eebec1d8c3215f7
1433,images/1433.png,rfmid,,,77261c2111dccc1a,0,0,1,0,0,0,0,0,0,0,0,0,0,0,0,0,0,0,0,0,8e706ad8a2f6710d1833dc66e5a9ba8572115f83110079f35cc81d87675bbc36
1435,images/1435.png,rfmid,,,9d270ad8e3690ee1,0,0,1,0,0,0,0,0,0,0,0,0,0,0,0,0,0,0,0,0,00422cb7e81b93ec25c9769f1b627975abbae42147a94dd1f077436d22a970d8
1436,images/1436.png,rfmid,,,733f6f091971aff5,1,0,0,0,0,0,0,0,0,0,0,0,0,0,1,0,0,0,0,0,c43ef53b2b06e04b2e017678c56e6a080031e64b0c37e8d73c9315bf22b3dbe8
1437,images/1437.png,rfmid,,d50581c4a59d,9811d8c237b09311,1,0,0,0,0,0,0,0,0,0,0,0,0,0,1,0,0,0,0,0,c7eca6cc3d26295b953bc5830ccab144664b5454fdceed282f951aa45d437941
144,images/144.png,rfmid,,,cf8538386f8e1ba7,1,0,0,0,0,0,0,0,0,0,0,0,0,0,0,0,0,0,0,0,9a3899224263d5256ef41c9f548b76fc808d8005b22c9777f5f6aa4d2bab182a
1444,images/1444.png,rfmid,,,b741cbf175836d11,0,0,1,0,0,0,0,0,0,0,0,0,0,0,0,0,0,0,0,0,2c14343cdca9616e324c5c764ca01227e6c5a1a0792de61560f0096b62bd10e3
1448,images/1448.png,rfmid,,,0815ee8ccd98eaed,0,0,1,0,0,0,0,0,0,0,0,0,0,0,0,0,0,0,0,0,cbad0cf37035ff5f7323e76cf81de904a10500d3802b2be42cc663735d8afcf2
1449,images/1449.png,rfmid,,,3e19dfeeab9faca5,0,0,1,0,0,0,0,0,0,0,0,0,0,0,0,0,0,0,0,0,55afc389f0ce63e270de0a0d09ad87c3ca94011b2335553328d295396e9a3686
145,images/145.png,rfmid,,,8d07dff3c1de2159,0,0,1,0,0,1,0,0,0,0,0,0,0,0,0,0,0,0,0,0,e7b9a4959fb70ad9ca3fe6e43c4b1416f95ca178bf12820d673e340923f18212
1450,images/1450.png,rfmid,,,372434ce49434e97,0,0,1,0,0,0,0,0,0,0,0,0,0,0,0,0,0,0,0,0,3fafc2d0b704bed7cdc2d7669474dd5292a472329789b47f6d8c097192351fe4
1451,images/1451.png,rfmid,,,de183377881b36fb,0,0,1,0,0,0,0,0,0,0,0,0,0,0,0,0,0,0,0,0,719d86d1378461d6f6ab5b9e4b5706e36c52ac52cc718bd862bd50b9cff2e896
1452,images/1452.png,rfmid,,,ee083c1f180cc595,0,0,1,0,0,0,0,0,0,0,0,0,0,0,0,0,0,0,0,0,d1900ea6db19383db01d04fd0d851dd1a0412da119ca464cba867be24704f359
1453,images/1453.png,rfmid,,,f9468ada609e06ae,0,0,1,1,0,0,0,1,0,0,0,0,0,0,0,0,0,0,0,0,a5f1e4ed5b8f634980212fe7cdfe24423dd7f1aa432fc2cee39f33eca63dc977
1454,images/1454.png,rfmid,,,01e7a2b58644e91b,0,0,1,0,0,0,0,0,0,0,0,0,0,0,0,0,0,0,0,0,9c299ddcf912f7c6934d58287ca581c08bbef028d41b26dbb555eef5fafdb7cf
1455,images/1455.png,rfmid,,,4d89f55d3d537472,0,0,1,0,0,0,0,0,0,0,0,0,0,0,0,0,0,0,0,0,62e555f029d94a9119c3e8bbb1b117cba1058bb30f7e195291f68692cd1395b4
1456,images/1456.png,rfmid,,,ecc2cf953b502a52,0,0,1,0,0,0,0,0,0,0,0,0,0,0,0,0,0,0,0,0,ff848b078e6cf9d366af1d6487ca1ec8e81728a94c40f624affd140d335833e3
1457,images/1457.png,rfmid,,,62e5e5b4fbca9598,0,0,1,0,0,0,0,0,0,0,0,0,0,0,0,0,0,0,0,0,4fb7bcbbe9201f6ec158d4407f20495f5664ada3534d6a11ca0cebdad02432bc
146,images/146.png,rfmid,,,c07b50be22bee8ac,0,0,1,0,0,1,0,0,0,0,0,0,0,0,0,0,0,0,0,1,929f704a092eb45a9d50668567373c66d4b8ecf3e0770195485d69ed331fa117
1462,images/1462.png,rfmid,,,54fd714b2fbce589,0,0,1,0,0,0,0,0,0,0,0,0,0,0,0,0,0,0,0,0,3b3c2c579cc4a8e0715c9afb8cfa1d9cd81e44f6e66aaa7b85f4347d4d9dabc5
1463,images/1463.png,rfmid,,,18823ca24b20977f,0,0,1,0,0,0,0,0,0,0,0,0,0,0,0,0,0,0,0,0,2102a870884513fc65976f27ccdf0deb0276b87b112ea8bc5bab3d3c449f639a
1464,images/1464.png,rfmid,,,15d846b82b9b6245,0,0,1,0,0,0,0,0,0,0,0,0,0,0,0,0,0,0,0,0,a60a56ef3e5ffcc23ac400e5e3234010c2fe1f6d04f6bc219a9d82f2364da9c5
1465,images/1465.png,rfmid,,,deb2e9875b02c19a,0,0,1,0,0,0,0,0,0,0,0,0,0,0,0,0,0,0,0,0,080e785c6cef750d6aedca19e3c4b9015cdcf2aac92fb1a3d2d762811ff49ddc
1466,images/1466.png,rfmid,,,24338c8ace6133cb,1,0,0,0,0,0,0,0,0,0,0,0,0,0,1,0,0,0,0,0,3844befa01ef494fb0600071977fff0346c78c173d3eae0dba3dbffea0eb0d07
1467,images/1467.png,rfmid,,,f0b54523c54deb66,1,0,0,0,0,0,0,0,0,0,0,0,0,0,1,0,0,0,0,0,283c69c8dc655f44c095ed5e52455eed53127604be5837a0afaafb76def9f4c2
1468,images/1468.png,rfmid,,,95ad07fcd7987762,0,0,1,0,0,0,0,0,0,0,0,0,0,0,0,0,0,0,0,0,0a060ccf13858daa8764a5063419bd3a55c86659087574812e1656c0e3e7de6b
1471,images/1471.png,rfmid,,,db9ed288b1cba80c,0,0,1,0,0,0,0,0,0,0,0,0,0,0,0,0,0,0,0,0,960ce1b0ec5ee5e3644b02661596fd08ba3b94b98799fb5ca5e3a3421daca671
1472,images/1472.png,rfmid,,,bec8ca96eb85978a,0,0,1,0,0,0,0,0,0,0,0,0,0,0,0,0,0,0,0,0,beea8e34ce08384720885b15ab7f4562a7c2cc14636632f89e513c413fa5fbcc
1473,images/1473.png,rfmid,,,f69d97d9dc696499,0,0,1,0,0,0,0,0,0,0,0,0,0,0,0,0,0,0,0,0,22a4e93c1d91d5e89fbe4842b08c3dcfd55db5e661dbd53051cfad02233e42d0
1474,images/1474.png,rfmid,,,4e1db4af9e7b589e,0,0,1,0,0,0,0,0,0,0,0,0,0,0,0,0,0,0,0,0,c001b0ae64a8801269609f00e1f80875732141864b7368db21885c76666bc6a7
1475,images/1475.png,rfmid,,,024cc615e88205cc,0,0,1,0,0,0,0,0,0,0,0,0,0,0,0,0,0,0,0,1,2d927be3ca9eff5f2d4fe1b4ef3d9b6ce8b73aaf7be3dff55c9bfbb297e28e16
1476,images/1476.png,rfmid,,,61ff249041d952e4,0,0,1,0,0,0,0,0,0,0,0,0,0,0,0,0,0,0,0,0,e66947fdc8383cb98bf840b93dc4f545940340252549a0cf81b8226466ba0a34
1477,images/1477.png,rfmid,,,ef4327cf032a98cf,0,0,1,0,0,0,0,0,0,0,0,0,0,0,0,0,0,0,0,0,3af9d628409a412a604e774de2c4d477e274dd5908939d07f25dfa39acd6b505
1478,images/1478.png,rfmid,,,15025141addc3206,0,0,1,0,0,0,0,0,0,0,0,0,0,0,0,0,0,0,0,0,61d02947ecc594e556dacb954cf68488be5bb092e6f46d49aa954f62264e49ee
148,images/148.png,rfmid,,,60b05a31352f0668,0,1,0,0,0,0,0,0,0,0,0,0,0,0,0,0,0,0,0,0,877d8b7b2e4cf70b030b26df9a453c21092df6bfa1726102c16f37f901073f35
1481,images/1481.png,rfmid,,,6b06d1b1efcf0f7f,0,0,1,0,0,0,0,0,0,0,0,0,0,0,0,0,0,0,0,0,50f8966976f9837cad8df1e888debe016a8efacae908cb1903c0c5c3c2e7a11c
1482,images/1482.png,rfmid,,,9adbe91c3ce4aa0e,0,0,1,0,0,0,0,0,0,0,0,0,0,0,0,0,0,0,0,0,c9e4f86dec33e254f688693d2ce0df90c454c3ecad715903ea4d1cbe8953701f
1484,images/1484.png,rfmid,,,e6d5965d2ba4b2d6,0,0,1,0,0,0,0,0,0,0,0,0,0,0,0,0,0,0,0,0,61e22bb940c893af36c0c34985ea7460804b9498738c5c80d8a9c672d9ccf84a
1485,images/1485.png,rfmid,,,900ce1c96e0336c3,0,0,1,0,0,0,0,0,0,0,0,0,0,0,0,0,0,0,0,1,c3869256beb713581863aced1d308e922574529be19e065a7fb58adddbb9817b
1486,images/1486.png,rfmid,,,85ef1c556ce2b3fd,0,0,1,0,0,0,0,0,0,0,0,0,0,0,0,0,0,0,0,1,8eeba2b5f73b846dbc42084f2c2a367480fa1594bbae48058e94ff33074f0fef
1487,images/1487.png,rfmid,,,e4fe154ab4817d53,1,0,0,0,0,0,0,0,0,0,0,0,0,0,0,0,0,0,0,1,620f2c52e84911f7089457942f7189846c832e418d2f916f9583b714f0931cc8
1488,images/1488.png,rfmid,,,649cd53458f4012a,1,0,0,0,0,0,0,0,0,1,0,0,0,0,1,0,0,0,0,0,bebe28716a6a45476787c47d2fc631a164796eda61d1c381ad04d42c9ab545af
1491,images/1491.png,rfmid,,,176b61f27360a8f5,0,0,1,0,0,0,0,1,0,0,0,0,0,0,0,0,0,0,0,0,3f6d4e3bf0c01038859440182e36e9f5a3152f1755b9e1e8f177fe56a8630e30
1493,images/1493.png,rfmid,,,c8ebefcc62a9cfa5,1,0,0,0,0,1,0,0,0,0,0,0,0,0,0,0,0,0,0,0,876c98a188e53e7fc9bce1bc8cd43d5f5c4437f25d0025caa1bec1da689730e3
1495,images/1495.png,rfmid,,,b9950cb515254735,0,0,0,0,1,0,0,0,0,0,0,0,0,0,0,0,0,0,0,0,3118fddafe35dcef7bc75a5bb7d24a769a9cb2b5782051fb16da8bdb833b5604
1497,images/1497.png,rfmid,,,fd06134bdc145f58,1,0,0,0,0,1,0,0,0,0,0,0,0,0,0,0,0,0,0,0,012f5970fe7bdbbd58b0d784d64cf548a05938d8c58145277e96ced2ca2a46d5
1498,images/1498.png,rfmid,,,324cdafd501a2e1f,1,0,1,0,0,0,0,0,0,0,0,0,0,0,0,0,0,0,0,0,e5602f7724456c6ff1f6db83f2486a735375e20015f383e3b561312e0aa1dd13
1499,images/1499.png,rfmid,,,54895ce55725ad5e,1,0,1,0,0,0,0,0,0,0,0,0,0,0,0,0,0,0,0,0,1352a7a40ff86b30ef07dce5b2700d553c8acf46c0adef513491311b6b3863fb
15,images/15.png,rfmid,,,1221de09b6e8a1f8,0,0,0,1,0,0,0,0,0,0,0,0,0,0,0,0,0,0,0,1,0b1838dccf35404d5218c57791e940b14b8b11d5bf9476a8f876bb633f80ea24
1502,images/1502.png,rfmid,,,f421a064c3c72103,1,0,1,0,0,0,0,0,0,0,0,0,0,0,0,0,0,0,0,0,a0476996d59634cbcabd769f7b37c56488ff21e9dfe1eec74839731fe8a1aa1c
1503,images/1503.png,rfmid,,,2864d47e65d5a108,1,0,1,0,0,0,0,0,0,0,0,0,0,0,0,0,0,0,0,0,b6fcdf18a727abc73be5568a72e0be949b5c57a9873a9580acc4fad2e34814f5
1504,images/1504.png,rfmid,,,8898c8c6e29c48b8,1,0,1,0,0,1,0,0,0,0,0,0,0,0,0,0,0,0,0,0,894814c484565b0bd180f616197ea743ec23e66cd5af22df5358928d3bef964b
1505,images/1505.png,rfmid,,,869f68c086c50447,1,0,0,0,0,1,0,0,0,0,0,0,0,0,0,0,0,0,0,0,aaea8819329137f4ee1967f121d3914ecdf5564806b1a345e9ca38ea9702a198
1506,images/1506.png,rfmid,,,5cbff2da0f83e8c8,0,0,0,1,0,0,0,0,0,0,0,0,0,0,0,0,0,0,0,0,825ba1e290c92c240f7b57439499da88eb3de759824a69f67b4f3ec4775e297a
1507,images/1507.png,rfmid,,,5bd0ff83b1587e8e,0,0,0,1,0,0,0,0,0,0,0,0,0,0,0,0,0,0,0,0,08043dcd43cc59912ed1c3703ecb86ee1cdcc72ae70957848c2e026952f9b0d7
1508,images/1508.png,rfmid,,,d49b094ec4bb285f,0,1,0,0,0,0,0,0,0,0,0,0,0,0,0,0,0,0,0,0,f12c79520d0c331fac4b10aa62a9feb273602bb8d2e0c25baf078d3747678608
1509,images/1509.png,rfmid,,,011a85aab77c9226,0,0,0,1,0,0,0,0,0,0,0,0,0,0,0,0,0,0,0,0,1f3b6febe31b5b1bd6cd3adc35eceeeebe15c888ee7b9cfaa1211e70fded800d
151,images/151.png,rfmid,,,4164fc781d69cab9,0,0,0,1,0,0,0,0,0,0,0,0,0,0,0,0,0,0,0,1,6f93a17f57cf5258ae856c60bbb4e4c909ac55434eef0c3b5ba64de3bfee6744
1510,images/1510.png,rfmid,,,81639f32d43d829c,0,1,0,0,0,0,0,0,0,0,0,0,0,0,0,0,0,0,0,0,7111406a243ce5dec0f1115edc719a13c767f861c46f63567c7c7776ac2ca704
1512,images/1512.png,rfmid,,,f9edaa486ad531b2,1,0,0,0,0,1,0,0,0,0,0,0,0,0,0,0,0,0,0,0,2f41c8b87bcbbcceeacfdd5be3c0455e5f3cfcc14305c49b4f1a1406f862dd37
1514,images/1514.png,rfmid,,,117e0e4e800071f8,1,0,0,0,0,0,0,0,0,0,0,0,0,0,0,0,0,0,0,0,b016cbb5680420fe7d6997eb2eb088568b881499d3fa7a6fa2b63f3ba36a4acc
1515,images/1515.png,rfmid,,,578ee90de82fa70d,1,0,0,0,0,0,0,0,0,0,0,0,0,0,0,0,0,0,0,0,f6c38fd77c4f91f03338762caafa857375495f2bb0e39bdd850cf4590c51c0ef
1516,images/1516.png,rfmid,,,f0192b56c4d5ce34,1,0,0,1,0,0,0,0,0,0,0,0,0,0,0,0,0,0,0,0,ca6b1346d5d7646ebc6194971dee9265b0949e51e0fcffd5d84a7a0843134515
1517,images/1517.png,rfmid,,,37ef6356edf6cc2b,0,0,0,0,1,0,0,0,0,0,0,0,0,0,0,0,0,0,0,0,da216b124f206b4d8e016cde06dbbd740f811e407dc5fb83085694889b2aa078
1518,images/1518.png,rfmid,,,369929eaf9709201,1,0,0,0,0,0,0,0,0,0,0,0,0,0,0,0,0,0,0,0,72c8f409ebd5965b0b5990cf7509bdfbcaa59723b4955891ed375bdb5ed81e3a
1519,images/1519.png,rfmid,,,cb0f1a1604fb0585,1,0,0,0,0,0,0,0,0,0,0,0,0,0,0,0,0,0,0,0,7aa71e84b2d9e0d3a3792cfd43e22d77207018a47e763078815c164bdd00b893
152,images/152.png,rfmid,,,9c586b3de49718c0,0,0,1,0,0,0,0,0,0,0,0,0,0,0,0,0,0,0,0,1,ba35e1502c9ca549986bc4f5d85bfd771adbb504e815753c1020a006f6c06e78
1522,images/1522.png,rfmid,,,dc2dd279cb68718f,1,0,0,0,0,0,0,0,0,0,0,0,0,0,0,0,0,0,0,0,70809240ee9c69215237a4d5ae95596e9e7d5faf476227747e1738f512fb57f8
1523,images/1523.png,rfmid,,,03253152b809ca0a,1,0,0,0,0,0,0,0,0,0,0,0,0,0,0,0,0,0,0,0,9cc65786a7c531fe9d44dc781222abde4b322ba018d4b5a95c95bd9cedd481e8
1524,images/1524.png,rfmid,,,3525cbf1426b18b5,0,0,0,1,0,0,0,0,0,0,0,0,0,0,0,0,0,0,0,0,fd0657f2f6898768e673e3c2c7b0ba930f52d20274ea06621f9a6a272f8f20e1
1525,images/1525.png,rfmid,,,0a836b5f4680da59,0,1,0,0,0,0,0,0,0,0,0,0,0,0,0,0,0,0,0,0,90e94c295ec7f5f7bd8f2304f9a5a3c17dd0d7d264aa94098da513791a40f3de
1526,images/1526.png,rfmid,,,e9d5a8117565a756,0,1,0,0,0,0,0,0,0,0,0,0,0,0,0,0,0,0,0,0,b43f11dfcd9f79cedee78a1113267fd44cd66c2f0ccf68eecadca54ba5a04c28
1529,images/1529.png,rfmid,,,6196ab6d7e4fd93f,0,0,0,0,1,0,0,0,0,0,0,0,0,0,0,0,0,0,0,0,af9bfb2dc6b14a52d77319e6eb4e30feba6edd1b0d0f16db4d160d4f721db2d6
153,images/153.png,rfmid,,,8c011dcf55eba6d0,0,1,0,0,0,0,0,0,0,0,0,0,0,0,0,0,0,0,0,0,8e606bf37dea2a9bd52355a8e992f9f203c69ec60b2dbef96033065e10d8c757
1530,images/1530.png,rfmid,,,0be5d33cb83ed775,1,0,0,0,0,0,0,0,0,0,0,0,0,0,0,0,0,0,0,1,eb20e89631c80b1ea925c8c74ffcdd784d424e8e1b9238eaf123627faf96d1c1
1533,images/1533.png,rfmid,,,3ff4a8d586800d2b,1,0,0,0,0,0,0,0,0,0,0,0,0,0,0,0,0,0,0,0,b3ebacc81049244e94db674ae76e7cf80e86875eb8c5a1391ab8b518003cf470
1534,images/1534.png,rfmid,,,c872359fb4d1a379,1,0,0,0,0,0,0,0,0,0,0,0,0,0,0,0,0,0,0,0,c6ba52b89a3c136563195225ca2378cab6280a395833c544c6c11ed54d65b1fc
1535,images/1535.png,rfmid,,,865a9f6f45eb60f4,0,1,0,0,0,0,0,0,0,0,0,0,0,0,0,0,0,0,0,0,eddb2de71ca17b8c5b42dc0ef09d60f2c32420102fb61884e7d0df192107865c
1537,images/1537.png,rfmid,,,8145a1ca29708a48,1,0,0,0,0,0,0,0,0,0,0,0,0,0,0,0,0,0,0,0,3469b3f45d0b32a336b3deaef1d6c307f5aaa5babc00abc25d058c622a54ca1f
1538,images/1538.png,rfmid,,,c62cbc516581eae4,1,0,0,0,0,0,0,0,0,0,0,0,0,0,0,0,0,0,0,0,ea5bfbb80c989ddbb58ea7d4542de282afa46a5dd3cf3e54833905d9a81a107f
1539,images/1539.png,rfmid,,,a2a7fbb48be0466b,0,0,0,0,1,0,0,0,0,0,0,0,0,0,0,0,0,0,0,1,8f435fb88946fd2878aa49562f65b7c4663b934de2ae44c0f59a59b7f37d82ee
154,images/154.png,rfmid,,,7a02a09d7456666f,0,1,0,0,0,0,0,0,0,0,0,0,0,0,0,0,0,0,0,0,18c7742f9874867d90faff7e49c3870e20579201b027ddd37da83dc78e9aa270
1541,images/1541.png,rfmid,,,9818f12180f2e4b6,1,0,0,0,0,0,0,0,0,0,0,0,0,0,0,0,0,0,0,0,a6e9d3c340c93fb22c3d10c3a66ce99096bed2af1ec6d316868f701c45687bf4
1542,images/1542.png,rfmid,,,25e3d65ebdac858a,1,0,0,0,0,0,0,0,0,0,0,0,0,0,0,0,0,0,0,0,0e307d5281ae7b6468bd39d01432a09fc1b6538c70a04f463621172ea1ddfa92
1543,images/1543.png,rfmid,,,90018a1eb8eec52b,0,1,0,0,0,0,0,0,0,0,0,0,0,0,0,0,0,0,0,0,b3ee3b172d611e8ac8c13a80e9ef08b348fe57b73d787c34f6d92ac4e6999dbc
1544,images/1544.png,rfmid,,,9a51c30eab0f063e,0,1,0,0,0,0,0,0,0,0,0,0,0,0,0,0,0,0,0,0,2bed811caaee2904ae58ea814d7d983f468974d0d6c9ce5943b7f8a18b9905e7
1545,images/1545.png,rfmid,,,34ec061be3a19143,0,0,0,1,0,0,0,0,0,0,0,0,0,0,0,0,0,0,0,0,8ed9764f45d61c29961904cabb07f465aef65b8b76428966edc57407f7a369dd
1546,images/1546.png,rfmid,,,223eb2cf52ddfa8d,1,0,0,0,0,0,0,0,0,0,0,0,0,0,0,0,0,0,0,0,587d90e57bf3730718058f4865f1a70b90771ccef0dd2fd5c3534097a9b3b05e
1548,images/1548.png,rfmid,,,f9fe2f842c98bd94,1,0,0,1,0,0,0,0,0,0,0,0,0,0,0,0,0,0,0,0,3178b1c47d6fae707ba779cec0fafebf3cca9da5f5f6ddef9ef6419c6b15b179
1549,images/1549.png,rfmid,,,d661aa529db6cbf0,0,0,0,1,0,0,0,0,0,0,0,0,0,0,0,0,0,0,0,0,ed4a10ccecdf182818d1838c31d7777d56674e1a5aa2fcea8a91b2a7435b0b16
1550,images/1550.png,rfmid,,,178740c7490094c1,0,0,1,1,0,1,0,0,0,0,0,0,0,0,0,0,0,0,0,0,26dd482a9cca251b8531ca5e934d67a9aac79ad1deb8b4173ba0b597f1152c0b
1551,images/1551.png,rfmid,,,804249c491343ccc,1,0,1,0,0,0,0,0,0,0,0,0,0,0,0,0,0,0,0,0,dea787ac1e6a58f2180836bee75efc979a1cd1400ae1538efd9e803ff497910c
1553,images/1553.png,rfmid,,,7cf8e93fedb91d41,0,1,0,0,0,0,0,0,0,0,0,0,0,0,0,0,0,0,0,0,bd0b1148b014617e69465f289671c0ed456f96014a54cd92771ecc0f22b466f5
1554,images/1554.png,rfmid,,,ed67d4545352d2d1,0,1,0,0,0,0,0,0,0,0,0,0,0,0,0,0,0,0,0,0,9f1cc5413d6e879265351291750c70cab8887700e9cfb869c55c5185fdb3cb24
1555,images/1555.png,rfmid,,,91965d9d19db54ce,0,1,0,0,0,0,0,0,0,0,0,0,0,0,0,0,0,0,0,0,476841e50deeb876d86e38a05e02e3fdd52d37b222570667b2e032b5d3717ecb
1558,images/1558.png,rfmid,,,59083e95ddae3211,0,1,0,0,0,0,0,0,0,0,0,0,0,0,0,0,0,0,0,0,a092afd59ebc90d5669a351948b635e95324802bc866d237811f01b97c55dff3
156,images/156.png,rfmid,,,cb4d0da0560c242b,0,0,1,0,0,0,0,0,0,0,0,0,0,0,0,0,0,0,0,0,2267b152051cb28944d3b1a72e8be28c47ca89e7b67d97b5bdaab81cc27c97e1
1561,images/1561.png,rfmid,,,7d9055f3f4b4a6b2,1,0,0,0,0,0,0,0,0,0,0,0,0,0,0,0,0,0,0,1,845b8c0f296392009527dace2b0e4a1d2fbc94619d86b2c9b37eaa18fb433d32
1562,images/1562.png,rfmid,,,1e0014d8ffd9a6cf,0,1,0,0,0,0,0,0,0,0,0,0,0,0,0,0,0,0,0,0,4b7e1921c71d5a42e6a5855621692e2314a6e976673c3c248a7a0afcd3e9812c
1563,images/1563.png,rfmid,,,ac08d382071c3cf1,1,0,0,0,0,0,0,0,0,0,0,0,0,0,0,0,0,0,0,0,1b51eff3b70c57d4989229c4b99b09e0e740c996ad1e720d821be7eb199414b2
1564,images/1564.png,rfmid,,,0c2e65003cd3804e,0,0,0,0,1,0,0,0,0,0,0,0,0,0,0,0,0,0,0,1,500e17abf218a19d1f85a5aa2e19736e46909b126d4b07e423b5a8fd9d82d4fc
1565,images/1565.png,rfmid,,,06f23ba7543f8cbb,0,0,0,0,1,0,0,0,0,0,0,0,0,0,0,0,0,0,0,1,2da0d1382fccb228fe56eea9db44730454fe6e5d2adf7c500308bd26971e62f5
1569,images/1569.png,rfmid,,,30979723b85f9630,1,0,0,0,0,0,0,0,0,0,0,0,0,0,0,0,0,0,0,0,e3b60f72967812d58beafebbf9787f9cbbaa06984f5429a3fba33d7a07d58f6b
1570,images/1570.png,rfmid,,,f8d79956e96392c4,1,0,0,0,0,0,0,0,0,0,0,0,0,0,0,0,0,0,0,0,fc25ac4d53a7b69f92d2b5edc579b3c28319651fe63f7eb69786e1717d16e4f5
1582,images/1582.png,rfmid,,,ae1f994c6ae1e9eb,1,0,0,0,0,0,0,0,0,0,0,0,0,0,0,0,0,0,0,0,5e0b4948059c7748a62603e3cd33908eb1161e7ecca96631231e8d661c2d9eda
1584,images/1584.png,rfmid,,,8d2df03d62d37344,0,0,0,0,1,0,0,0,0,0,0,0,0,0,0,0,0,0,0,0,5131e8612d6454885bc769f889c9d3a338806f559f464560b19d82f34e25bd18
1586,images/1586.png,rfmid,,,06a8a9b7ba176683,0,1,0,0,0,0,0,0,0,0,0,0,0,0,0,0,0,0,0,0,546707de35f0c1ad4beeb0b76dc102b03640afc07229383bce9c0874aad7dc8b
1587,images/1587.png,rfmid,,,c2b7a39c18961867,0,1,0,0,0,0,0,0,0,0,0,0,0,0,0,0,0,0,0,0,f3fc6dc3f9ef677c2bd06dde65d823a34e947996bb37ee9af2e1d67e7b5d90b0
1588,images/1588.png,rfmid,,,0f8ebdb5000799db,0,1,0,0,0,0,0,0,0,0,0,0,0,0,0,0,0,0,0,0,5a196f0b9fdcc4b4300eb8be4d0781e85f8aab581b08232f92c6f829058d6e9f
159,images/159.png,rfmid,,,64540e7a85c07ccd,0,1,0,0,0,0,0,0,0,0,0,0,0,0,0,0,0,0,0,0,2ce9897e6f007fecdafc80c39f2e17de31f5b3f474cd96ebca2ad39a3feb5a92
1591,images/1591.png,rfmid,,,c9afbef4b7b3af06,0,0,0,0,1,0,0,0,0,0,0,0,0,0,0,0,0,0,0,0,e64e986899e86f5d3a03f71d9fdbb7bf97ef83837dbec5fcf9099cc8429b09e9
1593,images/1593.png,rfmid,,,839220ce235f4650,1,0,0,0,0,0,0,0,0,0,0,0,0,0,0,0,0,0,0,0,37ce4b9944d259b450f856a813eabe56eeb6c0ca206f8c09d707c1cee1383988
1594,images/1594.png,rfmid,,,52002c9ff5769c54,1,0,0,0,0,0,0,0,0,0,0,0,0,0,0,0,0,0,0,0,6a1172186092df3314b5a7b2d8d9f2e6006d63a7cb361d14ea23ee3bfc20c9a9
1596,images/1596.png,rfmid,,,850adfeea580ce0a,1,0,1,0,0,0,0,0,0,0,0,0,0,0,0,0,0,0,0,0,5b8c6c84829d91163e4d10d45ace4593237f6668e75aa5c314db87006cb0565f
1597,images/1597.png,rfmid,,,510a671fa8f42b7e,1,0,1,0,0,0,0,0,0,0,0,0,0,0,0,0,0,0,0,0,0463149e8c6949c70429faeb9924e6a1f3886dc85df6cbac9452e7d197753090
16,images/16.png,rfmid,,,ff46acae6126ec4c,0,1,0,0,0,0,0,0,0,0,0,0,0,0,0,0,0,0,0,0,e061545a49cdfc16058957a4f4cac58c38e4dd830f4ec512b0b1fd5a3cc23f16
160,images/160.png,rfmid,,,6b274d7738f6885c,0,1,0,0,0,0,0,0,0,0,0,0,0,0,0,0,0,0,0,0,417ba178095f4baca951c27560b8b9dcb9522e7d54af7e506176c9fde3748d84
1601,images/1601.png,rfmid,,,006c3c7c890e64ae,0,1,0,0,0,0,0,0,0,0,0,0,0,0,0,0,0,0,0,0,ddb4cdc5a8c78e56eba9f80ab414b3bfe07eee4b6a94cdf0004efd48f2ffb48e
1602,images/1602.png,rfmid,,,5576e3d82153f077,1,0,0,0,0,0,0,0,0,0,0,0,0,0,0,0,0,0,0,0,7ad06719aaecf286c44b2e1565358313da219272fe771e5a0353dba85552c6d9
1603,images/1603.png,rfmid,,,590fe1cc18cb75e8,1,0,0,0,0,1,0,0,0,0,0,0,0,0,0,0,0,0,0,0,bc8e43df61697ba261307587ababcce9b2eae02804ba7987141d7cc0b0c4eb9a
1604,images/1604.png,rfmid,,,e0fde7a402702ae0,0,0,0,0,1,0,0,0,0,0,0,0,0,0,0,0,0,0,0,0,fd827f280d11a3e4c6560f5856715a5a713e1e1d73d152019c52360a0deda1d8
1608,images/1608.png,rfmid,,,d316bc61b7f6e206,1,0,0,0,0,0,0,0,0,0,0,0,0,0,0,0,0,0,0,0,0ac9eb2dd54d175534d0bae95a43f09b0932bb3567b193a4b82abc6db372eeec
1610,images/1610.png,rfmid,,,0c2827ff2ad3cb0e,1,0,0,0,0,0,0,0,0,0,0,0,0,0,0,0,0,0,0,0,671d346c28fe5138fb2fa50404bac748de95b48f8ef811dcfd26ee839024837e
1612,images/1612.png,rfmid,,,d1df1f13a2be2d84,1,0,0,0,0,0,0,0,0,0,0,0,0,0,0,0,0,0,0,0,be462ce8c8e5e82348c12cdc59342b160bfca2f3a1760307af6c34c900bd3418
1614,images/1614.png,rfmid,,,ac68239dc36741b4,0,1,0,0,0,0,0,0,0,0,0,0,0,0,0,0,0,0,0,0,ab4cc63f1eb452d588142eb7092ef4af682987b328302d98fe4a5cb6b7f7d44c
1616,images/1616.png,rfmid,,,9de15c22ee1ab210,1,0,0,0,0,0,0,0,0,0,0,0,0,0,0,0,0,0,0,0,87176592fe9b42b5efd977a6c4b497a745cf8f061f49aaa02ee6ca5b14bbd42e
1623,images/1623.png,rfmid,,,1b270c5e3144e9b5,1,0,1,0,0,0,0,0,0,0,0,0,0,0,0,0,0,0,0,0,7f4c0e4682b290f6341aed427a93064bc7629b83903af6bda525ab37ca81389a
1624,images/1624.png,rfmid,,,c30ed396c0634d6f,1,0,1,0,0,0,0,0,0,0,0,0,0,0,0,0,0,0,0,0,273bf934eb1b280d3b1f532b3e81d4d2b20800c3ea68fb05375d996877b014d6
1626,images/1626.png,rfmid,,,4f9df72bdf22e9a6,1,0,0,0,0,0,0,0,0,0,0,0,0,0,0,0,0,0,0,0,c960b3444595328c000d6572d2fb3e9b83b8ddc7fbd7a109a4adcbcf7da7bc42
1627,images/1627.png,rfmid,,,a7eb62bcea7323a6,1,0,0,0,0,0,0,0,0,0,0,0,0,0,0,0,0,0,0,0,e66bd2295fe5b91886f28410fa2ff39ce065f5273657170cf4253a749d50f190
1628,images/1628.png,rfmid,,,807ebe1116fbfc93,1,0,0,0,0,0,0,0,0,0,0,0,0,0,0,0,0,0,0,0,10c88cb12c88c90a64cf1a2821781388e74f6d5ad2cd8f3a3cc80f8ea01ae03d
1629,images/1629.png,rfmid,,,346c36bbba49f2a9,1,0,0,0,0,0,0,0,0,0,0,0,0,0,0,0,0,0,0,0,9d81bb53f8216dfe96d42cd423dc70878c028d0dc77c160d52c5865ec053938e
1636,images/1636.png,rfmid,,,f3df7b7b43f322a3,1,0,0,0,0,0,0,0,0,0,0,0,0,0,0,0,0,0,0,0,fc33b01aabb3b004ad9c7a64043333b70da5a1a94cab59ed8b7b9a2c846676d1
1637,images/1637.png,rfmid,,,b719d1ff52823ae2,1,0,0,0,0,0,0,0,0,0,0,0,0,0,0,0,0,0,0,0,d00335c14bc125e74877caff955d22bc06d2b42252a769ea33bb4c147e330150
1638,images/1638.png,rfmid,,,1aeed5ca3f1ccc07,1,0,0,0,0,0,0,0,0,0,0,0,0,0,0,0,0,0,0,0,c70ed7ae741ccb8e2a71f40b569586f604f2a4c65546fdb850773431329ba8ad
1639,images/1639.png,rfmid,,,62cb7bad9abb2c5e,1,0,0,0,0,0,0,0,0,0,0,0,0,0,0,0,0,0,0,0,f04ae0afc6305bf236b85ac1ad07d2e79686e3da2296cdcec3bc7b6a8c766e6c
1640,images/1640.png,rfmid,,,391ba4f2589d5f9f,0,0,0,1,0,0,0,0,0,0,0,0,0,0,0,0,0,0,0,0,4bd0e1359c1ab928467ecb56237df9d03722d0fd5d640095d44f01cc1908114d
1642,images/1642.png,rfmid,,,662f125bacfe1ea1,1,0,0,0,0,0,0,0,0,0,0,0,0,0,0,0,0,0,0,0,63cbc698e5a69cf85a9a8ec14f82bbed2463623f23a62804b303d3e4d1c647ba
1643,images/1643.png,rfmid,,,1283485fa350ce92,1,0,0,0,0,0,0,0,0,0,0,0,0,0,0,0,0,0,0,0,472eab211312a282cb54cafcf823702907bdaee51e7888ed24f29b1fa62db28b
1644,images/1644.png,rfmid,,,08ad006431fb3b41,0,1,0,0,0,0,0,0,0,0,0,0,0,0,0,0,0,0,0,0,ed5f8b7b7b80b7880821c1b64c0befd9d67a3f6d45bd61e20cad2f9fd36c2aa5
1645,images/1645.png,rfmid,,,ccf4ad9b90da1ba4,1,0,0,0,0,1,0,0,0,0,0,0,0,0,0,0,0,0,0,0,5456e78859de406672b4fcb3f4e1545d703119164385b2d3b616ba9927f68515
1646,images/1646.png,rfmid,,,c094e469abd18995,1,0,0,0,0,0,0,0,0,0,0,0,0,0,0,0,0,0,0,0,48a487616102cb1d6a5f48d7e61c9c41963819492a4033ed9810669d96b46346
1647,images/1647.png,rfmid,,,3e9d6359df8ecc0d,0,1,0,0,0,0,0,0,0,0,0,0,0,0,0,0,0,0,0,0,ae235e166d90a36503356a9c803845359f0d6ee70b4d56f15db1724322c9e827
1649,images/1649.png,rfmid,,,a022a317e1c4f126,1,0,0,0,0,0,0,0,0,0,0,0,0,0,0,0,0,0,0,0,b361f7a1c8f7c81222b14844b373375ac3dc179d8c52055f3f1ca649d557de8b
165,images/165.png,rfmid,,,13ea850388bac066,0,0,0,1,0,1,0,0,0,0,0,0,0,0,0,0,0,0,0,0,493f1b7e90177dc3b57047fdef0823411837ffcf6d3704133922782742706833
1650,images/1650.png,rfmid,,,313940f54a595e54,1,0,0,0,0,0,0,0,0,0,0,0,0,0,0,0,0,0,0,0,f9eb20fddbbf8a0b3ca34eb2805b29b04ffcd839528e72836b9761148fedca15
1654,images/1654.png,rfmid,,,7875a17315d52a16,0,0,0,1,0,0,0,0,0,0,0,0,0,0,0,0,0,0,0,0,df2588be0c3050dac215d37e04d7503621009846a734ca8fd9460f0480b705e6
1657,images/1657.png,rfmid,,,21bc245f5a8c79f0,0,1,0,0,0,0,0,0,0,0,0,0,0,0,0,0,0,0,0,0,db66f99c0e5fa876547950a1eb729a08e0a6c916a1e0870f3fdeec91a380e089
1659,images/1659.png,rfmid,,,fb82b1b4b51753b1,0,1,0,0,0,0,0,0,0,0,0,0,0,0,0,0,0,0,0,0,d683a68ca3be8ecb29521b837c4b471fa187ad5604b4954a899f2069e9b98b6f
166,images/166.png,rfmid,,,93ba9137f993854a,1,0,0,0,0,1,0,0,0,0,0,0,0,0,0,0,0,0,0,0,1c6161fa362566557dcf7aca372855b7ecdbc581b2d911e22848cb09e0637a64
1660,images/1660.png,rfmid,,,5697c210bbfcbc9a,1,0,0,0,0,0,0,0,0,0,0,0,0,0,0,0,0,0,0,0,22d26e12b3ae604309039555ab1385115ebb70606301eb2c74c70f4ddc520f95
1661,images/1661.png,rfmid,,,7c64d5811acd66be,1,0,0,0,0,0,0,0,0,0,0,0,0,0,0,0,0,0,0,0,fd4fc16e804bcc728b05ede9dcbb5d6b06613bf8c7b479c4c199b84e64fa7bb2
1662,images/1662.png,rfmid,,,ec99313cc85f49c1,1,0,0,0,0,0,0,0,0,0,0,0,0,0,0,0,0,0,0,0,4012d744736f26dd9fa60fb498900f8267da4357395b09386b564092774aad3e
1663,images/1663.png,rfmid,,,1ab6915bf831e0ad,0,1,0,0,0,0,0,0,0,0,0,0,0,0,0,0,0,0,0,0,d944f0dbbe316f83274dbb87b685791bf6e434e37c51cccdb8ec67e12781d38b
1665,images/1665.png,rfmid,,,9d48f1cf3094f509,1,0,0,0,0,0,0,0,0,0,0,0,0,0,0,0,0,0,0,0,ca871895e1455fc5e4eb414c0c886f1c05c74bd76a9924349fe0bb0c7a88b4ab
1666,images/1666.png,rfmid,,,a691b92b2cc577ad,1,0,0,0,0,0,0,0,0,0,0,0,0,0,0,0,0,0,0,0,928cd65e9c653941e81dc7d2ef91cd3416f66f6ed469b6177a482a2e554d48ee
1667,images/1667.png,rfmid,,,f88a5b86d8b43213,1,0,0,0,0,0,0,0,0,0,0,0,0,0,0,0,0,0,0,0,5dd5822b530a42bdd295b746c6023d766844500a927696899d346b94d5163eaa
1668,images/1668.png,rfmid,,,7714e419eec9264d,1,0,0,0,0,0,0,0,0,0,0,0,0,0,0,0,0,0,0,0,a0e5041449ae97fa3a8f722ab703a02a6c8e531b03c6d767bded6759b9351cb7
167,images/167.png,rfmid,,,9f959c0ba1564bb2,0,1,0,0,0,0,0,0,0,0,0,0,0,0,0,0,0,0,0,0,39c972032cbc258c74c300db2949f7b16b1d5f671c5870478b40ed09d0c911be
1670,images/1670.png,rfmid,,,e12a8fbd73009eda,0,0,0,0,1,0,0,0,0,0,0,0,0,0,0,0,0,0,0,0,1eefa2fe3bf07665db888ce6e70f6600eea79ca4f9a5c0686858830866b567b6
1674,images/1674.png,rfmid,,,bf568fac25bdfc74,0,0,0,0,1,0,0,0,0,0,0,0,0,0,0,0,0,0,0,1,b79532b9b267651f38188fe601b8acf3684416ca2de95e1d2d89c306e8acb025
1675,images/1675.png,rfmid,,,05ddd495aa137d41,0,1,0,0,0,0,0,0,0,0,0,0,0,0,0,0,0,0,0,0,14d418d6afd288acae713c58e37ba210f242c8843bd49ea30d6a1bf905fee57e
1681,images/1681.png,rfmid,,,caa30eecbbf8000b,1,0,0,0,0,0,0,0,0,0,0,0,0,0,0,0,0,0,0,0,6b2ff9eabe8b9579b305ad54b1a7e22cc048ebccc04fdc11de81ce0c016e6a44
1682,images/1682.png,rfmid,,,e6e184e5f00dc38c,1,0,0,0,0,0,0,0,0,0,0,0,0,0,0,0,0,0,0,0,62c2f10777d3fbb4fe625986d352517cb574ec125027f712dcf1b0775e228c52
1684,images/1684.png,rfmid,,,d23e3eb55136e0e4,0,1,0,0,0,0,0,0,0,0,0,0,0,0,0,0,0,0,0,0,76a54847852facae05027ae7d7cf839ba7dacdb03dfc4d887b76f00a1df5682a
1687,images/1687.png,rfmid,,,2603708825b90763,1,0,0,0,0,0,0,0,0,0,0,0,0,0,0,0,0,0,0,0,fdf24f1aab40e9a82e270c74a2fd847a91be59d72cb2f739cdf752e75dc3216d
1689,images/1689.png,rfmid,,,067d461bac031e9d,0,0,1,0,0,1,0,0,0,1,0,0,0,0,0,0,0,0,0,0,22926fe7d603d4057248fe429a6cd096853a6a48c7f456d583d8ae4b84474438
1690,images/1690.png,rfmid,,,553cb67e7fa28373,0,0,0,1,0,0,0,0,0,0,0,0,0,0,0,0,0,0,0,0,233c2c7ec359a67f99a1ac0f6b12b9deb18d83477c51c51380e18691d32f228d
1691,images/1691.png,rfmid,,,0d1f5bccba159d0c,0,1,0,0,0,0,0,0,0,0,0,0,0,0,0,0,0,0,0,0,8f74e8382da1b82fd014ccd193289b4f69ce715ae33bcac26116cb3026981a4d
1693,images/1693.png,rfmid,,,17a5b3a222cec5e3,1,0,0,0,0,0,0,0,0,0,0,0,0,0,0,0,0,0,0,0,c200dd4fa5da23f9cbaad334deab94c27e7f13e2befa7b20956edc272e57cf40
1695,images/1695.png,rfmid,,,a2f2552b2dcbc06c,0,0,0,0,1,0,0,0,0,0,0,0,0,0,0,0,0,0,0,0,db4354ae45c2efae5dc7240aec05acd7abf94e7836fbe4fe65e82b60be600087
1696,images/1696.png,rfmid,,,13ca5a75aeff05ea,0,1,0,0,0,0,0,0,0,0,0,0,0,0,0,0,0,0,0,0,0c51b20979ddd8abece8927e9c640b38a37255745afbd289a1a3b2a055a7f5a3
1699,images/1699.png,rfmid,,,2c95917e456b5487,0,1,0,0,0,0,0,0,0,0,0,0,0,0,0,0,0,0,0,0,0322b9831e9884a2545aa0e6add74aa561981b5e17eda8c16217296e3bd9a226
17,images/17.png,rfmid,,,9902a675e74478ea,0,1,0,0,0,0,0,0,0,0,0,0,0,0,0,0,0,0,0,0,16dd9010b6c5442a740aac48726248f1031fa32f38e73cd69154082f73a49adf
170,images/170.png,rfmid,,,a58344d8a4d4477a,1,0,0,0,0,0,0,0,0,0,0,0,0,0,0,0,0,0,0,0,40c652526800bbafacdd111fd0cf5bec06747587a11a2a98703adf07c7e23e47
1701,images/1701.png,rfmid,,,9bac45660d4b6254,0,1,0,0,0,0,0,0,0,0,0,0,0,0,0,0,0,0,0,0,b08166f081b9f1fd8366b5a11ecd1db345715f40f85ae2279566b5626cf4c72b
1703,images/1703.png,rfmid,,,0ebb711e6bc04c56,0,1,0,0,0,0,0,0,0,0,0,0,0,0,0,0,0,0,0,0,fe47d73c569e09603c27185d4ac6a20b93783506ae4926d4b5fcd94114393726
1704,images/1704.png,rfmid,,1f45dbb49f9f,c43135ca64270bf4,0,1,0,0,0,0,0,0,0,0,0,0,0,0,0,0,0,0,0,0,7695a3d2a2507c53c986ebd2e2eb4f0a3591fc0f133994db9ccc4b8fd8683f39
1705,images/1705.png,rfmid,,,ecc11c5182a91c48,0,1,0,0,0,0,0,0,0,0,0,0,0,0,0,0,0,0,0,0,a5915ff757ea7e5bc96292c5b1ec50868282d28b598213236e10e7a993ca1fa4
1706,images/1706.png,rfmid,,,c575923c0c53964a,0,1,0,0,0,0,0,0,0,0,0,0,0,0,0,0,0,0,0,0,397f17116f0e82daa18ad3736ed2725fe9f396af98b4801e4e676ee293f53650
1707,images/1707.png,rfmid,,,451c56176795c359,0,1,0,0,0,0,0,0,0,0,0,0,0,0,0,0,0,0,0,0,2feb1d6ee55d4c8d5d2626ccbfecfe1de01d2e0ba357165e3c09528988e8da54
1708,images/1708.png,rfmid,,,080e972a04528b38,0,0,1,0,0,0,0,0,1,0,0,0,0,0,0,0,0,0,0,0,240ef8cf99e30bfa7bdeaf2922146e04b3a9347a730c02a1b7069b9fbd03949d
1709,images/1709.png,rfmid,,,55571eb0dce3602b,0,1,0,0,0,0,0,0,0,0,0,0,0,0,0,0,0,0,0,0,82ab54f19a5aedbc09ef26c7ff957413d8db35aabf0b0bd9be9b818bbab1ca55
171,images/171.png,rfmid,,,67eae5890590123f,0,0,1,0,0,0,0,0,0,0,0,0,0,0,0,0,0,0,0,0,3f645e82fb07bb249360be87744ecfd59edd53bb1a0abc7ff5a840ea95162305
1714,images/1714.png,rfmid,,,e9bb52e4f24bbdfc,0,1,0,0,0,0,0,0,0,0,0,0,0,0,0,0,0,0,0,0,a838409e20e3d47ddf8df4d60947bf6c486aff75825d6aa43202f9e13c38a993
1715,images/1715.png,rfmid,,,662ac840323641dc,0,1,0,0,0,0,0,0,0,0,0,0,0,0,0,0,0,0,0,0,8f06ad221d05eb7fc099288f9136dcfa476bc399d42b1f1b1db4c51a2ae5e7ff
1716,images/1716.png,rfmid,,,0d026b35b17ef7a2,0,1,0,0,0,0,0,0,0,0,0,0,0,0,0,0,0,0,0,0,af9f5024b86827c76a3ae0b32b0ad292eeb998a0ee5e1843cb0408908805309e
1717,images/1717.png,rfmid,,,ce6bddb6ad479e0d,0,1,0,0,0,0,0,0,0,0,0,0,0,0,0,0,0,0,0,0,14298ea2eaed606509c5e64fb667edb967135aa4e3e6cbe8f9a88e6a38a36cb9
1719,images/1719.png,rfmid,,,0507377c81626f03,0,1,0,0,0,0,0,0,0,0,0,0,0,0,0,0,0,0,0,0,750be151b753c0d9f125b6d39be290187d5d0672fcbe58e7cb3f24b1e2197c79
1726,images/1726.png,rfmid,,,707684b4edbe91ec,1,0,1,0,0,1,0,0,0,0,0,0,0,0,0,0,0,0,0,0,573eab6754598a0d768d2b8beb759fba73a5b7676872735b6e1c7e97d7c4c37a
1727,images/1727.png,rfmid,,,08079a5152f025fc,0,1,0,0,0,0,0,0,0,0,0,0,0,0,0,0,0,0,0,0,aab6387947c4360fbf759a8f59366f1ed67343fcd4a8de3fdac3018384cfc2a3
1728,images/1728.png,rfmid,,,cc2101351d4ee657,0,1,0,0,0,0,0,0,0,0,0,0,0,0,0,0,0,0,0,0,31e94b6ddf176abdcdd54622f7a5020c3281ea687b2a57c551d280bf5f8c196d
1729,images/1729.png,rfmid,,,9bde2ef2c28a957c,0,1,0,0,0,0,0,0,0,0,0,0,0,0,0,0,0,0,0,0,4c6b0dc97d036fa56567d2ff5a6f7cee4ec5845c8cc296e6bd5fc6ccfaad75f3
1730,images/1730.png,rfmid,,,4e108805444d8b2d,0,1,0,0,0,0,0,0,0,0,0,0,0,0,0,0,0,0,0,0,0aa97b428207ddc4d6cfde21ffde6b67556d3238cfd0927570654acc52a3ef4e
1731,images/1731.png,rfmid,,,5f1983994b7da028,0,1,0,0,0,0,0,0,0,0,0,0,0,0,0,0,0,0,0,0,f225eca9d92ffae73a94c30c4abe996c4c5217a6abef6acc209407b4286521b5
1732,images/1732.png,rfmid,,,f3bb7e48dca0d545,0,1,0,0,0,0,0,0,0,0,0,0,0,0,0,0,0,0,0,0,b8ece260b39408b93714f817bd7ff789e42e65dd286b4dac72b8a8149e8e010b
1733,images/1733.png,rfmid,,,f89fc8f3d4363fd5,0,1,0,0,0,0,0,0,0,0,0,0,0,0,0,0,0,0,0,0,b156ac4c1b43cb84451546cf1a3d04295cdeab273c76dd913c95ea0464032455
1734,images/1734.png,rfmid,,,08fd9922d28dfd97,0,1,0,0,0,0,0,0,0,0,0,0,0,0,0,0,0,0,0,0,1485aaaf892777ad8f6906f8f629b3850b2ca4d37a4395467130dd9abcc685ac
1735,images/1735.png,rfmid,,,d6ee2375b8df2761,0,1,0,0,0,0,0,0,0,0,0,0,0,0,0,0,0,0,0,0,e4193a8b63768558d203ef192e16fa4ab0733f16cb8b45bb3cbfc4ba1717c841
1736,images/1736.png,rfmid,,,2dbadf24124b7b62,0,1,0,0,0,0,0,0,0,0,0,0,0,0,0,0,0,0,0,0,2a2c67a59ba3ee03f285feb649a93dd0a895340325141953f57b96f119e1f2f1
1737,images/1737.png,rfmid,,,a02fcbb400531d05,0,1,0,0,0,0,0,0,0,0,0,0,0,0,0,0,0,0,0,0,a09eddf33fe675dbbfa6d40ab1c4886af3df7ca774f889e85d54758ba34927f4
1738,images/1738.png,rfmid,,,b65f88b69fcc9a12,0,1,0,0,0,0,0,0,0,0,0,0,0,0,0,0,0,0,0,0,7582c94830f31487d12ae93ae090d69d1f1691eeaa807c70d224ca5f13b93164
1740,images/1740.png,rfmid,,,492e51a95c0b295c,0,1,0,0,0,0,0,0,0,0,0,0,0,0,0,0,0,0,0,0,9edc32efea07669a3c28d27488a801497fe7e44dc7ff31f6fd374cee6139ae8c
1741,images/1741.png,rfmid,,,dc6162f4a38e5230,0,0,0,1,0,0,0,0,0,0,0,0,0,0,0,0,0,0,0,0,c2fef45e204d71c32791a1d2dceaa5bfa598e21f47b0042ae7ebc1d83b9efa5e
1742,images/1742.png,rfmid,,,59aae8da4ae69b6e,0,1,0,0,0,0,0,0,0,0,0,0,0,0,0,0,0,0,0,0,26a76accba2bdd169e015cccc5cdc06acb692594ea20b824ce78513741300cc5
1743,images/1743.png,rfmid,,,43f67f8166e082b7,0,1,0,0,0,0,0,0,0,0,0,0,0,0,0,0,0,0,0,0,b86685d8f90b9954882579dc6d4cd078f4fb93da7c96a68273b5d9085bd8e428
1744,images/1744.png,rfmid,,,8d7de4b0462ed60d,0,1,0,0,0,0,0,0,0,0,0,0,0,0,0,0,0,0,0,0,c02e616c5335ab82c35bd68675c07c575ba1267de3d9cb37bf43d25e04aae40d
1745,images/1745.png,rfmid,,,415bb78fa522ab8c,0,1,0,0,0,0,0,0,0,0,0,0,0,0,0,0,0,0,0,0,d435f2808059c8f7076f38cf6299ce978d1b52efb986e2c6d427803d424cf789
1746,images/1746.png,rfmid,,,ba0cfd8de6e3a4a3,0,1,0,0,0,0,0,0,0,0,0,0,0,0,0,0,0,0,0,0,b1e0f6000d186fd070120c90c9fc3cc77ba0a9aa132695f038446b7d52093113
1747,images/1747.png,rfmid,,,e9fa6a2103a5cc40,0,0,0,0,1,0,0,0,0,0,0,0,0,0,0,0,0,0,0,0,a5c2cc6f575dec5a5a350076029d7e2f89a13a538d6b0785187fec3c56ddcd80
1748,images/1748.png,rfmid,,,d4e74fd03f678180,0,1,0,0,0,0,0,0,0,0,0,0,0,0,0,0,0,0,0,0,6987b5a262b1dd112d9b232eb51fd3fb8c0a262caba6b92ee19fc5373f9f41a8
175,images/175.png,rfmid,,,61cdf6f51289f278,0,1,0,0,0,0,0,0,0,0,0,0,0,0,0,0,0,0,0,0,e67a07a2f1fbe94fb474e0df3d1ca5437485b3f4f48ce13f0e6ba330db0072b7
1750,images/1750.png,rfmid,,,65edba17b0dfc545,0,0,1,0,0,0,0,0,0,0,0,0,0,0,0,0,0,0,0,0,3a01ea9e9169626b1ed6269faebb41d4340c9b7adcbeb8d38474d16c8eb51d55
1751,images/1751.png,rfmid,,,0ff6ed9230e8504d,0,1,0,0,0,0,0,0,0,0,0,0,0,0,0,0,0,0,0,0,3cd7837a6402bce08f1116f679d391da2bb21166f3c5cc334f769e7b7bdda33c
1752,images/1752.png,rfmid,,,2644d96d33f12f52,0,1,0,0,0,0,0,0,0,0,0,0,0,0,0,0,0,0,0,0,9ba92a528e0c431961340941d2f292e36767316059d5e6ca5cf903005f1546d9
1753,images/1753.png,rfmid,,,842e205347ecb630,0,0,1,1,0,0,0,0,0,0,0,0,0,0,0,0,0,0,0,0,1951b9b6b4b4f1ed3419c226e5f96e6de2cc73a42c41ffb8ae66687fc9b0662f
1754,images/1754.png,rfmid,,,c3c15638856c020c,0,1,0,0,0,0,0,0,0,0,0,0,0,0,0,0,0,0,0,0,51f7da2c77e8ffa074e1b1feed2e7777fbf5e112018511abcf072d2605012b1a
1755,images/1755.png,rfmid,,,68f82e0a280142b4,0,0,1,0,0,0,0,0,0,0,0,0,0,0,0,0,0,0,0,0,0541ffb22d4d933c440ce3e3a61a0f084722c2bd4e081107da08b3c980b52d86
1756,images/1756.png,rfmid,,,05052f6602a124b7,0,1,0,0,0,0,0,0,0,0,0,0,0,0,0,0,0,0,0,0,8de8e0913150bc78b42e808e70de3e0bce98909b49a5e0eeb254e9ed6ee59ffd
1757,images/1757.png,rfmid,,,535ac7e5cb59c254,0,1,0,0,0,0,0,0,0,0,0,0,0,0,0,0,0,0,0,0,547422002df983b460010ef680facdfc1dd397559add7f8d3e3c88510189fdc1
1759,images/1759.png,rfmid,,,853c06bec1a56048,0,1,0,0,0,0,0,0,0,0,0,0,0,0,0,0,0,0,0,0,bb0be250aa780817762db1f2987cd4840ae96dbd2e9e0a75fa1e2d741c9f793d
1760,images/1760.png,rfmid,,,6b63abc6fecb5766,0,1,0,0,0,0,0,0,0,0,0,0,0,0,0,0,0,0,0,0,f2db44843e97ff8b3e44bcddbd3facc3ff286106ac743aec07242cb0afc6fafc
1761,images/1761.png,rfmid,,,5ec5b9b0e67cbf8a,0,0,1,0,0,0,0,0,0,0,0,0,0,0,0,0,0,0,0,0,145b43bf6e0cfcd7d8be837cbd896787436f91f12940e6043fdf4a67ccc86052
1762,images/1762.png,rfmid,,,7fa6997bcf7d0b05,0,0,0,1,0,0,0,0,0,0,0,0,0,0,0,0,0,0,0,0,d3f6e09f39446900659bda0214d835001c5bb909f45c935151a24214d57ecb04
1763,images/1763.png,rfmid,,,bfb595f837313728,0,0,0,1,0,0,0,0,0,0,0,0,0,0,0,0,0,0,0,0,665e0e2677a92675e1340309e689a18908e61df493d1017c039ab376bb2d4bfa
1764,images/1764.png,rfmid,,,29c5bfce20c4d5cf,0,1,0,0,0,0,0,0,0,0,0,0,0,0,0,0,0,0,0,0,224a8337edf95dc3de624c0e5d5c8e346a5c23853f879085242f5264c1e62ce5
1765,images/1765.png,rfmid,,,1a58567cfe6ac33a,0,1,0,0,0,0,0,0,0,0,0,0,0,0,0,0,0,0,0,0,b12d823e9c03c36011893ec062bfc9731f038ba9998293d01575d4877a608fbe
1766,images/1766.png,rfmid,,,89c9dd26999d8639,0,1,0,0,0,0,0,0,0,0,0,0,0,0,0,0,0,0,0,0,900b1df4ca44317869062c2dd1fa7b7fbd9e1b1df5654cda10a137935aece4ea
1767,images/1767.png,rfmid,,,425226bd99c26283,0,1,0,0,0,0,0,0,0,0,0,0,0,0,0,0,0,0,0,0,51ceeee7fa21dd6800e080c4f6e972c5ecdf7ba7d31ccfe822b98a4a7df96d19
1768,images/1768.png,rfmid,,,9c199edb1b08bcde,0,1,0,0,0,0,0,0,0,0,0,0,0,0,0,0,0,0,0,0,89d8be5037315b03ccf5c4cb59a3e6688e9bea2b7ac356b69d9665deacf89acc
1769,images/1769.png,rfmid,,,8c3279e5439f047c,0,0,0,1,0,0,0,0,0,0,0,0,0,0,0,0,0,0,0,0,8b90b6f69a7e5795bf9d46d8c238a2da5c91762c3d83a8a3ddc2d6bece2edcda
177,images/177.png,rfmid,,,f0ed0881835b0273,0,0,0,1,0,0,0,0,0,0,0,0,0,0,0,0,0,0,0,0,b133e64d3b5807393d18369e3036f8401a8bfcbbc18fd19f9f083e78da989749
1770,images/1770.png,rfmid,,0c8d6de681b9,e7e80d5c7420399f,0,0,0,1,0,0,0,0,0,0,0,0,0,0,0,0,0,0,0,0,4b5ee50bc824db3dce58cef86f82d32a14aa749e4ee029d6515b8897186a5a1c
1771,images/1771.png,rfmid,,,b4d5c035e6f77910,0,1,0,0,0,0,0,0,0,0,0,0,0,0,0,0,0,0,0,0,dbccaeb379f6a3d29cf843c65fe209652bca4455b5b97c2de9b1e2f6d109e8b4
1772,images/1772.png,rfmid,,,2d3486763ee595af,0,0,0,0,1,0,0,0,0,0,0,0,0,0,0,0,0,0,0,0,2304493cb4a6569031667ddb4006f9082a0256ac556b626172f20e444342996b
1773,images/1773.png,rfmid,,,5a82ec92c292ddf1,0,1,0,0,0,0,0,0,0,0,0,0,0,0,0,0,0,0,0,0,ce2769b84b7e9fbb4e7c8c16cc393ea886911bb6973f305bcf0bd97020e0ad65
1774,images/1774.png,rfmid,,,503487fbcd70b693,0,0,1,0,0,1,0,0,0,0,0,0,0,0,0,0,0,0,0,0,e0159aef650cc8fd0cdf275a622db9abda116bc4897f1719dc1f4f4674c4d36a
1775,images/1775.png,rfmid,,,639dd96a78904101,0,1,0,0,0,0,0,0,0,0,0,0,0,0,0,0,0,0,0,0,327df2c9b50d3fbc1cdbe055abf20b86a36f55aa1977efb998fc91861bb501ce
1776,images/1776.png,rfmid,,,0cf4a730db7c5d9d,0,0,1,0,0,0,0,0,0,0,0,0,0,0,0,0,0,0,0,0,cec4cbaf6fe399b925b8764ef54aa21f1fa3dd42aeb0f42ba04d67ffaca87de1
1777,images/1777.png,rfmid,,,038aed26851c10c8,0,1,0,0,0,0,0,0,0,0,0,0,0,0,0,0,0,0,0,0,8aa90d5b11c69d255aadd7dab83deb71bd22f386fe6435290b85444c835d708d
1778,images/1778.png,rfmid,,,4eab2c2c51622be5,0,0,0,1,0,0,0,0,0,0,0,0,0,0,0,0,0,0,0,0,d115e8f5db2baa0b701f45625d5dbb59b369ae66ee0059c7601843c781a6f10e
1779,images/1779.png,rfmid,,,631cbf8146b0f1c8,0,0,1,0,0,0,0,0,0,0,0,0,0,0,0,0,0,0,0,0,3dcf67a3b3e2fab224a5b74c08ca609a52bf5a843401f8c79a5ac387a644a8b6
178,images/178.png,rfmid,,,962fcf77ebb6132f,0,0,1,0,0,0,0,0,0,0,0,0,0,0,0,0,0,0,0,1,2571b83fb92c46d396d9fc531fe1c1045b1852bc311fb2e490a090b33b3faefb
1780,images/1780.png,rfmid,,,ea2a25662d306f23,0,1,0,0,0,0,0,0,0,0,0,0,0,0,0,0,0,0,0,0,190636247ec0777aab44c81591d887c3222b0714483a1f808220ed08e8df5e0b
1781,images/1781.png,rfmid,,,c24156f21dc0490b,0,1,0,0,0,0,0,0,0,0,0,0,0,0,0,0,0,0,0,0,0ac24f5a393a1a15940f278b65339103da1570a293eb0d0d323be7fe09b539eb
1782,images/1782.png,rfmid,,,8527c083dcd80f32,0,1,0,0,0,0,0,0,0,0,0,0,0,0,0,0,0,0,0,0,9c7df47b87f2279cdfd750c2c993cb0cf0ff4415fca95dc45ba24bfc583e8fb8
1783,images/1783.png,rfmid,,,2abdf73394eb06cd,0,0,1,0,0,0,0,0,0,0,0,0,0,0,0,0,0,0,0,1,eacfa7f37a28fa89f718111db50298b43e14532759d21c6323f30766ed70762b
1784,images/1784.png,rfmid,,,0e66d71831a87afe,0,0,1,0,0,0,0,0,0,0,0,0,0,0,0,0,0,0,0,0,b306b373bda8f3b54fef8c6b051f0af305d92b4e22ed1995b1af9747d2a9b9d2
1785,images/1785.png,rfmid,,,1df9dcefc859fca4,0,1,0,0,0,0,0,0,0,0,0,0,0,0,0,0,0,0,0,0,c3186a750c75cb9992c044237fc675ac3767fb9794bba9c67630d03c819558d4
1786,images/1786.png,rfmid,,,617888ca9718715f,0,1,0,0,0,0,0,0,0,0,0,0,0,0,0,0,0,0,0,0,3489ad3429853117d036a8bfe1b0cf27c36ccb4dbf0272b90a1bf1348d1a7716
1787,images/1787.png,rfmid,,,c6f0a55e76c6de0b,0,1,0,0,0,0,0,0,0,0,0,0,0,0,0,0,0,0,0,0,38ba44f40aea65950dfb49480faaf580f3840d53d473693f2431b52c5898f92f
1788,images/1788.png,rfmid,,,bc48dfd53d7589c3,0,1,0,0,0,0,0,0,0,0,0,0,0,0,0,0,0,0,0,0,aa80a7d1c1e32c431b0240abd6d06d104b40f3831ccc5003e475306eb5fd6399
1789,images/1789.png,rfmid,,,21b4db9db2da3c1a,0,0,0,1,0,0,0,0,0,0,0,0,0,0,0,0,0,0,0,0,9578bc3c5fd38c3003b1dcdd91674c1298fa3238b670055272c8daf60b8dd129
179,images/179.png,rfmid,,,24161116bd077110,0,1,0,0,0,0,0,0,0,0,0,0,0,0,0,0,0,0,0,0,43b3ccd047d0f41d2798ba1e2582b9b57603683a1797183f6b080aced97e251f
1790,images/1790.png,rfmid,,,5a5be5f5cb6e67ea,0,1,0,0,0,0,0,0,0,0,0,0,0,0,0,0,0,0,0,0,9e5e05a0850590c1f76699cffd9f202470a4ad52b44171d885d6a4074ba494a2
1791,images/1791.png,rfmid,,,4763da86015e47a3,0,1,0,0,0,0,0,0,0,0,0,0,0,0,0,0,0,0,0,0,90e5cf62778d871c2b460971b01d14987472c6454dc02061cd4cc1deaa2c2aab
1792,images/1792.png,rfmid,,,c4364bce64b04263,0,1,0,0,0,0,0,0,0,0,0,0,0,0,0,0,0,0,0,0,a4acb49336ae04f8dd99136c8a9ddda3672b6fed25a430d6fca4b703dcf721df
1793,images/1793.png,rfmid,,,d6ef09453b606268,0,0,1,1,0,0,0,0,0,0,0,0,0,0,0,0,0,0,0,0,1a3ccda6d7ae068d5415f194676094e912bba9c31d6e68cf8fa9f686975f8a32
1794,images/1794.png,rfmid,,,f5607eb913537dd3,0,1,0,0,0,0,0,0,0,0,0,0,0,0,0,0,0,0,0,0,74931f6b6c0ae0534d1c7e8b17ef9bd98d54fcbb2adb0ab6b03b475df31062ad
1795,images/1795.png,rfmid,,,34d7607517e428b2,0,1,0,0,0,0,0,0,0,0,0,0,0,0,0,0,0,0,0,0,e25a072c9418271f8996599758d6d6195f8e7f0e8f77c0d749ae301d38f3b16b
1796,images/1796.png,rfmid,,,73bbd3cca79c6b8c,0,1,0,0,0,0,0,0,0,0,0,0,0,0,0,0,0,0,0,0,8a17e2bbb088da32d03d7b6c0d31a5805732cb63abf34f8dbd4fec1e9389997d
1797,images/1797.png,rfmid,,,43ee7d71f7380d4b,0,1,0,0,0,0,0,0,0,0,0,0,0,0,0,0,0,0,0,0,215d8f7e8a9f71f54e6cd35cbec11f5b655a524979a287b86076b21fbf505d51
1798,images/1798.png,rfmid,,,7002ceb2794ce8d0,0,0,0,0,1,0,0,0,0,0,0,0,0,0,0,0,0,0,0,0,2d3b81aa806f47e79852c550aa36e5651ce0cf91fa45f7a81ca88ea70b27db19
18,images/18.png,rfmid,,,ed123075240cfae5,1,0,0,0,0,0,0,0,0,0,0,0,0,0,1,0,0,0,0,1,0b1d728e450e28a00983ee269674efb325607d3aad9f15072f9db15a8b646e6d
1800,images/1800.png,rfmid,,,5ce09053cb78fe29,0,1,0,0,0,0,0,0,0,0,0,0,0,0,0,0,0,0,0,0,fa2114d652611b480238829ff4882c33c9bc34093d51aee2479ed4bf4bd35ffb
1801,images/1801.png,rfmid,,,21cebb89c8acd30a,0,1,0,0,0,0,0,0,0,0,0,0,0,0,0,0,0,0,0,0,d21739e31e664dc266000ed246378de82737f4ff9f3ef8c244d75d1f2f182bc9
1802,images/1802.png,rfmid,,,17c2f7cc4eb596fd,0,1,0,0,0,0,0,0,0,0,0,0,0,0,0,0,0,0,0,0,714c531ca17f2f652b2af547c3113e4cc9e9828e9751936adde56334a3484d7b
1803,images/1803.png,rfmid,,,d1619c5903c8909a,0,0,1,0,0,0,0,0,0,0,0,0,0,0,0,0,0,0,0,0,65fb29fe8be5f20910b3ee94a6b98544b736122db62d5e543508499d40f93faa
1804,images/1804.png,rfmid,,,2fc55291acd123d1,0,0,1,0,0,0,0,0,0,0,0,0,0,0,0,0,0,0,0,0,2d2b0c59db87b08d68f9a6bb316ad8e411a3bf86570af56ab870d94adbc2c1b3
1805,images/1805.png,rfmid,,,7effe69c834cde50,0,1,0,0,0,0,0,0,0,0,0,0,0,0,0,0,0,0,0,0,e3647563c91b8ce7ca30411b46019d9cacb791963a94eadd41df5aa2573ca8ce
1806,images/1806.png,rfmid,,,f1599681bdba4b58,0,0,1,0,0,0,0,0,0,0,0,0,0,0,0,0,0,0,0,0,7723253eb0c65dc78641a002f715b38a5502395e2036bc49ec2e6caff81097e4
1807,images/1807.png,rfmid,,,e5a058e75b24f374,0,1,0,0,0,0,0,0,0,0,0,0,0,0,0,0,0,0,0,0,2d07a778198f996ebfc378c76af6c9c01d56d4d22289d27e246dcc350ccbd303
1808,images/1808.png,rfmid,,,a2f0107d58f9cadb,0,1,0,0,0,0,0,0,0,0,0,0,0,0,0,0,0,0,0,0,b010eab01b36e5c8824086984ab971505d34209927837ae59e390843b9fe9ca0
1809,images/1809.png,rfmid,,,9315b44c036829d0,0,1,0,0,0,0,0,0,0,0,0,0,0,0,0,0,0,0,0,0,8bbd2203edff77a2c941dc08a3081dbd50c606f847b89e0439d7fc661c025552
181,images/181.png,rfmid,,,bf01c72e444e190b,0,0,0,0,1,0,0,0,0,0,0,0,0,0,0,0,0,0,0,0,100cca6ae8c35b41b705237cbf53cdd3f1f86aea10a478c8f6b7387019096969
1810,images/1810.png,rfmid,,,b5f11864f95eb4d8,0,1,0,0,0,0,0,0,0,0,0,0,0,0,0,0,0,0,0,0,60d2ba525d4d5104354ed89145da0f8e6e2eec34d790540edd594c4e45114c4b
1811,images/1811.png,rfmid,,,d10d9ab43acabf74,0,1,0,0,0,0,0,0,0,0,0,0,0,0,0,0,0,0,0,0,1f89ecbd3ece8db0e6c36591b140f0dae4271bc2670eda5e07ee1b22a74d07dc
1812,images/1812.png,rfmid,,,1fb6b2079a8f8e6e,0,1,0,0,0,0,0,0,0,0,0,0,0,0,0,0,0,0,0,0,1b88caf54573e0b2fb6798ffdd19104c285205e556b7c6d938d97f345694409e
1813,images/1813.png,rfmid,,,b6f9beda02209b70,0,1,0,0,0,0,0,0,0,0,0,0,0,0,0,0,0,0,0,0,25c10560ae6bfdcd12c02ef1c39bcc75918f2834ef39c9d3e9f0a4a61797e863
1814,images/1814.png,rfmid,,,3c7efd1d439bb354,0,1,0,0,0,0,0,0,0,0,0,0,0,0,0,0,0,0,0,0,71bd01d632e9fd3cf8dc320ceb59299f35c436ce8bf2e1c5eac6c935594abf0a
1815,images/1815.png,rfmid,,,4536f8231ce3d66e,0,1,0,0,0,0,0,0,0,0,0,0,0,0,0,0,0,0,0,0,6599fa769ac5aed1e876f009b4d1bd14fafa3700cfdab10b35f8b1a8288b910c
1816,images/1816.png,rfmid,,,03c6c4c9f5ded85f,0,1,0,0,0,0,0,0,0,0,0,0,0,0,0,0,0,0,0,0,4c181cce955168ac1e64d8d4d0e29199159748b17997f4141beb04488254380b
1817,images/1817.png,rfmid,,,ba56057b909c9e9d,0,1,0,0,0,0,0,0,0,0,0,0,0,0,0,0,0,0,0,0,8fd5a76300dc02798378b07c6354eeff1d48c0a83f2ed6a5b5858f116b9a73f7
1818,images/1818.png,rfmid,,,51ab4252ec8bf09d,0,0,1,0,0,0,0,0,0,0,0,0,0,0,0,0,0,0,0,0,cdb6cc43bca937a3a77655c8e8daf6c0f73e53ebcd4b1b73d61cd913fcb0abc7
1819,images/1819.png,rfmid,,,43be78b19fdb5c13,0,1,0,0,0,0,0,0,0,0,0,0,0,0,0,0,0,0,0,0,3b83ac8e6825026c0b64399f244446066c3623efed47f2e203085b0d54316d0e
182,images/182.png,rfmid,,,608868064ed1bca3,0,0,0,0,1,0,0,0,0,0,0,0,0,0,0,0,0,0,0,0,1d5908d3d612f41d3a2b19f16eaaafff566dc4ea400b3de68f91bc05b6c82de4
1820,images/1820.png,rfmid,,,62aa0301e81ced5c,0,1,0,0,0,0,0,0,0,0,0,0,0,0,0,0,0,0,0,0,d1c2650d3edfbf2567601bf992735fb6716066ef20e7ca3de397c149585d4654
1821,images/1821.png,rfmid,,,dc8eec8c27937a2c,0,1,0,0,0,0,0,0,0,0,0,0,0,0,0,0,0,0,0,0,ef65af7441024c5f89498796320a6963875058fad51609326b66b3e8f9dcd9bd
1822,images/1822.png,rfmid,,,a2e2f66217a7e12f,0,1,0,0,0,0,0,0,0,0,0,0,0,0,0,0,0,0,0,0,8d1923fd821887ce4712524be3e90a0c1c2262a4e619789f8db851f895c8d847
1823,images/1823.png,rfmid,,,5bd7bf35f2986224,0,1,0,0,0,0,0,0,0,0,0,0,0,0,0,0,0,0,0,0,9d03f925df53ba0bff9f2b6aed5d1450c60bb4ff09f5467bc44af6028efa4599
1824,images/1824.png,rfmid,,,92a48331cc5b4fa6,0,1,0,0,0,0,0,0,0,0,0,0,0,0,0,0,0,0,0,0,c3f6c2e5e75aadbe71ce51a0ae5693a9bd062c06b7637f8249f824140b1cc671
1825,images/1825.png,rfmid,,,3d69eda40cc3a818,0,0,0,1,0,0,0,0,0,0,0,0,0,0,0,0,0,0,0,0,a62ce913c8bd779622b2458baef24d8f8070ecfc8d200b7015f7ef2059b8a30f
1826,images/1826.png,rfmid,,,7ba8df85001614c6,0,0,0,1,0,0,0,0,0,0,0,0,0,0,0,0,0,0,0,0,162184481ba9dfc6950e8066daab82ce33813468eedebc90806e67ac0aa92e6b
1827,images/1827.png,rfmid,,,43540e00352e8670,0,1,0,0,0,0,0,0,0,0,0,0,0,0,0,0,0,0,0,0,2ffaceba2586e5753e0e0a8054a031ab504fb4a36ceddeb14163bd21adf4d3cf
1828,images/1828.png,rfmid,,,45b9a735f7adf3ab,0,1,0,0,0,0,0,0,0,0,0,0,0,0,0,0,0,0,0,0,f9dcbbf479a4e2f19ab80b7ec2f2e66854389e550f760b16ac547ebea586425b
1829,images/1829.png,rfmid,,,1a1345287bb15654,0,1,0,0,0,0,0,0,0,0,0,0,0,0,0,0,0,0,0,0,6a7b358ebc0e5d63b00c9d3ad9e07ebc71a1402fbe03e404ad589bf3388fe2f6
1830,images/1830.png,rfmid,,,efa0fbf9df31cd15,0,1,0,0,0,0,0,0,0,0,0,0,0,0,0,0,0,0,0,0,bbf7e12be481e0c9d86ef394d7fa04ef82b93ba14a6058747d28e5c03c32c1db
1832,images/1832.png,rfmid,,,fb47ca375de2c9e6,0,1,0,0,0,0,0,0,0,0,0,0,0,0,0,0,0,0,0,0,530309fdbaf3f6ff1c63e6484d2b1e820a939fc74d0f8e40e75c57d46cebcc7a
1833,images/1833.png,rfmid,,,f8b4b3e5b9571bad,0,1,0,0,0,0,0,0,0,0,0,0,0,0,0,0,0,0,0,0,cbb29452a33351b801914118df69eced219136e14aa136712810076ea4d36253
1834,images/1834.png,rfmid,,,8dc2721d7f475f23,0,0,0,0,1,0,0,0,0,0,0,0,0,0,0,0,0,0,0,0,349bffa1572ae4318239174f9e769408d27b174d7e1e00df94c2c822b523b731
1835,images/1835.png,rfmid,,,97d5a03722443613,0,0,1,0,0,0,0,0,0,0,0,0,0,0,0,0,0,0,0,0,7f6eca63de7607f26353d228b307e421ada03af0e37cf07bded86e974bec98b5
1836,images/1836.png,rfmid,,,f26bb3675948a440,0,0,0,1,0,0,0,0,0,0,0,0,0,0,0,0,0,0,0,0,18bf7476fb66516fbfba9848306c348ec12b5df807ba500e13de01dd1a8b26b8
1837,images/1837.png,rfmid,,,960b728b88d0e4fc,0,1,0,0,0,0,0,0,0,0,0,0,0,0,0,0,0,0,0,0,4a6110c487a61161042bef25b66dec5ac7dc5ae13259934f38575c8d49a19169
1838,images/1838.png,rfmid,,,eb6e26e88d99026e,0,1,0,0,0,0,0,0,0,0,0,0,0,0,0,0,0,0,0,0,f369b378ba46f3711ce06b8178960dda073365fc5bb077d0a95905da0d021d5f
1839,images/1839.png,rfmid,,,aa069a60896ce092,0,1,0,0,0,0,0,0,0,0,0,0,0,0,0,0,0,0,0,0,6358ed6872833e286fc2b19a4824aacc1902a5bfd7408453d6236028b734518e
184,images/184.png,rfmid,,,0303264be2da1a27,0,0,1,0,0,1,0,0,0,0,0,0,0,0,0,0,0,0,0,0,441ef5088bb35bceea88f2fa38feacaa3d6f5bcd533e0b39c0512d18036e8f93
1840,images/1840.png,rfmid,,,67b9466d3825fab2,0,1,0,0,0,0,0,0,0,0,0,0,0,0,0,0,0,0,0,0,dc81fa776cf31d5bfe66005e07f8f2929d7d355357cfaf72edb559d46a8cec8f
1841,images/1841.png,rfmid,,,45c098ca00dd0deb,0,1,0,0,0,0,0,0,0,0,0,0,0,0,0,0,0,0,0,0,0998716ea10419f3ea309587f7127e524adbe41c0de35f0e9d8aa8ea6d70fbe1
1842,images/1842.png,rfmid,,,68e3ec54c3222efd,0,0,1,0,0,0,0,0,0,0,0,0,0,0,0,0,0,0,0,0,cdb16d94463880abe4c879b8dcdabe7ac890be171bc6eaa4ab471120366fb1fa
1843,images/1843.png,rfmid,,,0fb0e4e5646610c0,0,0,1,0,0,0,0,0,0,0,0,0,0,0,0,0,0,0,0,0,381414fabf455b9ac505e4630c23240128cdb7483d8ce11683952875a586f5a3
1844,images/1844.png,rfmid,,,017404f3bf0d787f,0,1,0,0,0,0,0,0,0,0,0,0,0,0,0,0,0,0,0,0,c6aaade7313e4de2fd14ea17b63dc01da90ab1d9a6458db6ec4423d923da1b21
1845,images/1845.png,rfmid,,,cf29959c0d2b7f73,0,0,0,1,0,0,0,0,0,0,0,0,0,0,0,0,0,0,0,0,c9c7c5a81f330f6d265218faec0de9333ed618494455759a4884443942fbcb97
1846,images/1846.png,rfmid,,,6faf2c7e3346506f,0,0,1,0,0,0,0,0,0,0,0,0,0,0,0,0,0,0,0,0,555fa1973cebc2faa80b4a73f052f1420e0e339ff845e1d903b1c65dd8a72a11
1847,images/1847.png,rfmid,,,aae45f85c2d502a8,0,0,0,1,0,0,0,0,0,0,0,0,0,0,0,0,0,0,0,0,aefa88ed15b4e04bf4369e075fa97105386c77f5837fff2604bd482fb0bbd723
1848,images/1848.png,rfmid,,,0ad37b89f2341200,0,1,0,0,0,0,0,0,0,0,0,0,0,0,0,0,0,0,0,0,997b40134601a547102ca4815d72c457cf8c86b9eb83aa1281a3df54c3a1a209
1849,images/1849.png,rfmid,,,9bc7eed3ec15a058,0,1,0,0,0,0,0,0,0,0,0,0,0,0,0,0,0,0,0,0,bf199cd1030c76449a244625fb29d8902d3285ef16fea2f9f0ba57cf9239b75f
185,images/185.png,rfmid,,,826b573d47ed80e5,0,0,1,0,0,0,1,1,0,0,0,0,0,0,0,0,0,0,0,0,2fedd14f2842f622574a3cc7b5c864ec027a5c2eb55eb57a31beb4444bb3dd67
1850,images/1850.png,rfmid,,,ead5e7ac8208424d,0,1,0,0,0,0,0,0,0,0,0,0,0,0,0,0,0,0,0,0,2838a14763beb70d4a8969bbbf255d9a61b1d926a589e74d9fb9e42c633d03da
1852,images/1852.png,rfmid,,,2d501fe340e84346,0,1,0,0,0,0,0,0,0,0,0,0,0,0,0,0,0,0,0,0,04ca862397c043bd1b90e86973e054d3a2a54c4150041e44eda542790d7ada32
1853,images/1853.png,rfmid,,,2c6d373ce86ba1fa,0,1,0,0,0,0,0,0,0,0,0,0,0,0,0,0,0,0,0,0,9075361203b9b7943300aa6fc039067ddcfd1cd483859f333567ae8d8921042d
1854,images/1854.png,rfmid,,,7cdad4a72329891a,0,0,1,0,0,0,0,0,0,0,0,0,0,0,0,0,0,0,0,0,6274d16df9ad884b66d98bb554b9de2b3a726d285e2323d995a9cc9800244b3f
1855,images/1855.png,rfmid,,,3f429e34b4d95c45,0,1,0,0,0,0,0,0,0,0,0,0,0,0,0,0,0,0,0,0,150c45adb7a46cba72dfbb7bbe4f7220cfdbdb66f3b2af27318a41625ec0bcd7
1856,images/1856.png,rfmid,,,f1f12885374a5932,0,1,0,0,0,0,0,0,0,0,0,0,0,0,0,0,0,0,0,0,c245f6ac0ceced098ad9640515c916766e85bf482f79dc8c6c170c99ac851fad
1857,images/1857.png,rfmid,,,7b012e27d74f88f7,0,0,1,0,0,0,0,0,0,0,0,0,0,0,0,0,0,0,0,0,9be93818e32588def5e96b1e264edd699310d19dbddae2e4dfd03da4d1448ee6
1858,images/1858.png,rfmid,,,bccd7639edfc5610,0,1,0,0,0,0,0,0,0,0,0,0,0,0,0,0,0,0,0,0,38bd89f37edc5e9df34e474fa61050f299619f6cb6fcddfeeee23f49022965ff
1859,images/1859.png,rfmid,,,eec8143845f3053b,0,1,0,0,0,0,0,0,0,0,0,0,0,0,0,0,0,0,0,0,85eb70799500769fda97cd1803460b42b15aa955ae6baeead70c09e79ab159c5
1860,images/1860.png,rfmid,,,222f37cb87cf74af,0,1,0,0,0,0,0,0,0,0,0,0,0,0,0,0,0,0,0,0,5f5c02002b8bd878b3852f50e7c9e653fba3f4354c63363fbbee0be42bc81f1a
1861,images/1861.png,rfmid,,,bf2657748c1c4922,0,1,0,0,0,0,0,0,0,0,0,0,0,0,0,0,0,0,0,0,746545ce62694ac99883c8766f96cd1c155ec74330ed0a8e8a3beadd9af607b2
1862,images/1862.png,rfmid,,,e991fef241e0e76c,0,1,0,0,0,0,0,0,0,0,0,0,0,0,0,0,0,0,0,0,9a9bd7b11df6cba27373642466b045577323df67662b0490e7c352e38c35993f
1863,images/1863.png,rfmid,,,b92875f587ff26b1,0,1,0,0,0,0,0,0,0,0,0,0,0,0,0,0,0,0,0,0,6ee2502ffc6c14865460d8fb8b483799637ac706258bf6d133e4bc9179987078
1864,images/1864.png,rfmid,,,1568ab90ce35de73,0,1,0,0,0,0,0,0,0,0,0,0,0,0,0,0,0,0,0,0,76eb9756d0b95adf743d357e45be6ca2080a49ad59254097e47f2031563c1869
1865,images/1865.png,rfmid,,,5a7a23eb46cac739,0,1,0,0,0,0,0,0,0,0,0,0,0,0,0,0,0,0,0,0,5b01979704b735ebc73f020451ce2f0d45cce0f9f228d02bc721f32b451008ca
1867,images/1867.png,rfmid,,,383860edd58b8fec,0,0,1,0,0,0,0,0,0,0,0,0,0,0,0,0,0,0,0,0,d2665163663e438df15be38406933a67ca875824a851c119f218171df06e8a8d
1868,images/1868.png,rfmid,,,daf5d2ceecb38078,0,1,0,0,0,0,0,0,0,0,0,0,0,0,0,0,0,0,0,0,dd5fd0e87300362839ee09d6dc5053ce46f4519e99a295abd7d05f067e8003da
1869,images/1869.png,rfmid,,,22cdda81c01efc24,0,1,0,0,0,0,0,0,0,0,0,0,0,0,0,0,0,0,0,0,4703d77460a441cecf11421e640a52ab95a64b27976b3c92a7656a9ae9717c51
187,images/187.png,rfmid,,,ae39fdb133315d47,0,0,0,0,1,1,0,0,0,0,0,0,0,0,0,0,0,0,0,0,597bbbbe0364f7381218cde1bb79090cfcbbbbe8591db45bfd74b91c48723c31
1870,images/1870.png,rfmid,,,41c1cfcd909771cb,0,0,1,0,0,0,0,0,0,0,0,0,0,0,0,0,0,0,0,0,43b5460f3ace876f41d91a3fd388b8f6f6879b3bcc4624b6812be26ed62ce09d
1871,images/1871.png,rfmid,,0c8d6de681b9,e7e80d5c7420399f,0,1,0,0,0,0,0,0,0,0,0,0,0,0,0,0,0,0,0,0,7ca84a3827dfd3699412c1a46cc9e7d596b197594b424599b5b20d0b9f8d7c11
1872,images/1872.png,rfmid,,,4d9bb761a7ab15c4,0,1,0,0,0,0,0,0,0,0,0,0,0,0,0,0,0,0,0,0,b8f650cdef297b7f2df0261667f0881525be05a3f2e5d0ac2239dbcd41efe404
1873,images/1873.png,rfmid,,,240a0f38b3048d05,0,1,0,0,0,0,0,0,0,0,0,0,0,0,0,0,0,0,0,0,c44dca7bf4acd02ec0556d4830f324af42367cebe10ba327488cc5bb99c316b9
1874,images/1874.png,rfmid,,,237742a1c8e455fb,0,1,0,0,0,0,0,0,0,0,0,0,0,0,0,0,0,0,0,0,4b64bb5b518b825690c9e8c0f7fbd1cb9b8099a6d339b6ea0836da48e6c765b8
1875,images/1875.png,rfmid,,1f45dbb49f9f,c43135ca64270bf4,0,1,0,0,0,0,0,0,0,0,0,0,0,0,0,0,0,0,0,0,87be5d593a057377362b604f00a9b7b19fa2a3230dd2de34155a884da000be93
1876,images/1876.png,rfmid,,,318a866f6075cea4,0,1,0,0,0,0,0,0,0,0,0,0,0,0,0,0,0,0,0,0,b299e129c33ca2124bde0c33f707e9c8c8fcab5e0b9270138dca0b254d0588ee
1877,images/1877.png,rfmid,,,0b6a2ee67ff571ae,0,1,0,0,0,0,0,0,0,0,0,0,0,0,0,0,0,0,0,0,ff6cbe2c2af24e7f71661412e3aec30c6abb24fd07305c1b3ed690956e2b75eb
1878,images/1878.png,rfmid,,,43d7573b4d00954d,0,1,0,0,0,0,0,0,0,0,0,0,0,0,0,0,0,0,0,0,317ee5d92a5d1f070c1464e4eb93442a492627cfbd65db58cc4e1f658ca82d4b
1879,images/1879.png,rfmid,,1f45dbb49f9f,c43135ca64270bf4,0,1,0,0,0,0,0,0,0,0,0,0,0,0,0,0,0,0,0,0,6554b331186ba0155d13622959eb75ab4ece48637c9093a34c1841301586d550
1880,images/1880.png,rfmid,,,08056578e9125de0,0,1,0,0,0,0,0,0,0,0,0,0,0,0,0,0,0,0,0,0,c8307dd9c6785441f79eaba4c5e1b454d2c0450761aff2f548fba32e9e626f93
1881,images/1881.png,rfmid,,,06de20c30bdfb2c0,0,1,0,0,0,0,0,0,0,0,0,0,0,0,0,0,0,0,0,0,bffbf1699c6ae0b0a5b8b56f7739b81cbd28cb517bc55117e833f47bfa074e89
1882,images/1882.png,rfmid,,,674c7796d9cfbe69,0,1,0,0,0,0,0,0,0,0,0,0,0,0,0,0,0,0,0,0,8e73eac5e1091d3237f31b70fdc925fd6206e88ca866a0e732910c47dfc399a8
1883,images/1883.png,rfmid,,,5c5a8bbe002b4b4a,0,1,0,0,0,0,0,0,0,0,0,0,0,0,0,0,0,0,0,0,c9b7cc08961b5e6ff480f03b38d8ff3572bd2cc566ea36d81def97f1c3f658a3
1884,images/1884.png,rfmid,,,582fe2aa56e58fa7,0,1,0,0,0,0,0,0,0,0,0,0,0,0,0,0,0,0,0,0,844966fed388ed50ee82fb2d4f9757b0391a13a8bb89bbaba62302afb9abe0cf
1885,images/1885.png,rfmid,,,faa73d58aa7b1a3b,0,1,0,0,0,0,0,0,0,0,0,0,0,0,0,0,0,0,0,0,7c00306ab9de9c65865fa8e3f0cc3bee1e5c904c08e33c332c78e54898c17220
1886,images/1886.png,rfmid,,,49658916e47367ec,0,1,0,0,0,0,0,0,0,0,0,0,0,0,0,0,0,0,0,0,682646920c3fd13802c05ed267b83b6f46661e1372431833d53ad571a80125cb
1888,images/1888.png,rfmid,,,5deda6b3fe62ea0a,0,1,0,0,0,0,0,0,0,0,0,0,0,0,0,0,0,0,0,0,3329f5354a6fcbab211ce40010e8387454daaf2541d6050d7523dfd949ac9c06
1889,images/1889.png,rfmid,,,b7ef757fdb4d64b4,0,1,0,0,0,0,0,0,0,0,0,0,0,0,0,0,0,0,0,0,e8727dd54f2bbb79938dbf6552c0338612d5066d71db2d8ca02046282f9a5ad3
189,images/189.png,rfmid,,,d7432c3a78c7d0c2,0,0,0,1,1,0,0,0,0,0,0,0,0,0,0,0,0,0,0,0,595362b7d61ab4aaf8f7b7cb045831ab3b65193de10cff0ef66c053f9b615e0a
1890,images/1890.png,rfmid,,,f94943d293196172,0,1,0,0,0,0,0,0,0,0,0,0,0,0,0,0,0,0,0,0,76c8dd9733cf8bd1f8cbe7e95b24e748240a4ba0d58c82254b2c9b74e8786d91
1893,images/1893.png,rfmid,,,bdc20411116002fc,0,1,0,0,0,0,0,0,0,0,0,0,0,0,0,0,0,0,0,0,147c604829314cd6ffad678c30a79432fc103c0c9596a4fabb204493e35db4e2
1894,images/1894.png,rfmid,,,d0e48688291f51ea,0,1,0,0,0,0,0,0,0,0,0,0,0,0,0,0,0,0,0,0,c92c48888b16014e3c9e86e25659960a41ebb8d67a9d0a8f9a7b83785ef2c34b
1895,images/1895.png,rfmid,,,bd15f2ec74abb88f,0,1,0,0,0,0,0,0,0,0,0,0,0,0,0,0,0,0,0,0,f6cc8e14f8cba6a2bff52f01ec4a52b2920152c0652e8c7aa43b7f6b0f76d55d
1896,images/1896.png,rfmid,,,9d2df2ed6a6f02b3,0,1,0,0,0,0,0,0,0,0,0,0,0,0,0,0,0,0,0,0,b73d83f1cd747ee0361cc9ebee2793325e91d25a0f4f01d770b54a1bb4490ddc
1897,images/1897.png,rfmid,,,2a05bdd8cf15f072,0,1,0,0,0,0,0,0,0,0,0,0,0,0,0,0,0,0,0,0,bcb9ea71eb1ac0ba53514fca0f2f2847455bc66297aa0adae4cdb01308a373e5
1898,images/1898.png,rfmid,,,1f328a1cbc159673,0,1,0,0,0,0,0,0,0,0,0,0,0,0,0,0,0,0,0,0,084034ca6a03c8f998ecde954198d8e4e73a474b98ec0b2861d86a052fa04a5b
1899,images/1899.png,rfmid,,,f5f117b8f8059eff,0,1,0,0,0,0,0,0,0,0,0,0,0,0,0,0,0,0,0,0,92f9ed9128f196233f54505b392e55a537d07552f161a7b44d438804d05701fe
19,images/19.png,rfmid,,,853c7c5d563abee8,1,0,0,1,0,0,0,0,0,0,0,0,0,0,0,0,0,0,0,0,ff51d91873aef72d676f1407dda01c5c4a7e5da2b697ffadaf7702bdb6b46059
190,images/190.png,rfmid,,,ebf30437780f1c1d,0,0,0,0,1,0,0,0,0,0,0,0,0,0,0,0,0,0,0,0,c17cc9ac82dd4622e1c12c1ff28277044384b312ebc5740b8d59e34b93750548
1900,images/1900.png,rfmid,,,dc34616630d3774c,0,1,0,0,0,0,0,0,0,0,0,0,0,0,0,0,0,0,0,0,0c905439490a1e472d46fd5d824a781debfdba6ef9f265f5bc211b962b752059
1901,images/1901.png,rfmid,,,f35bf132778b4dff,0,1,0,0,0,0,0,0,0,0,0,0,0,0,0,0,0,0,0,0,a43059f9d059ba59db5c0eee3258400f5f036ce7438f66f2f03044eb0c832986
1902,images/1902.png,rfmid,,,8f164e178af268cd,0,0,0,1,0,1,0,0,0,0,0,0,0,0,0,0,0,0,0,0,5d2093e93cd5164d3524d6617147f3296f630619590f13320a93331cf20581b3
1903,images/1903.png,rfmid,,,4ffa2141bc0fd51b,0,0,0,1,0,1,0,0,0,0,0,0,0,0,0,0,0,0,0,0,9cbcc304b52f5c724a136eddd1a6af63f7e42f86191806d16a623b1f039cb934
1904,images/1904.png,rfmid,,,ca15c14a1e6cbfe5,0,1,0,0,0,0,0,0,0,0,0,0,0,0,0,0,0,0,0,0,d1d912b0f542fbf82f2a0108ac3d23ca345d21fc17b2a84086df03dc0f56d1da
1905,images/1905.png,rfmid,,,510b8e74efb41447,0,1,0,0,0,0,0,0,0,0,0,0,0,0,0,0,0,0,0,0,242f3740344c1346be0d2d3ac8814fefad7cca1b4c4180c1b20be8ebf21814eb
191,images/191.png,rfmid,,,41210f99f8c6aae4,1,0,0,0,0,0,0,0,0,0,0,0,0,0,1,0,0,0,0,0,ef0029164f2da412ccb141f290545b078cffa019c3c11bc5ef2fd21700be6a51
1911,images/1911.png,rfmid,,,7ea1a6540b2f57a3,0,1,0,0,0,0,0,0,0,0,0,0,0,0,0,0,0,0,0,0,6ad49f4761092f42103c8b11fe0aee63be120480e4794e331a2561cca784e129
1912,images/1912.png,rfmid,,,d50f06eaa142ee88,0,1,0,0,0,0,0,0,0,0,0,0,0,0,0,0,0,0,0,0,7dd82f12d6a4e641426c0c11fb8aad180ee7d78a982808fc0a55fcd7e968246e
1913,images/1913.png,rfmid,,,7351b4a79c450579,0,1,0,0,0,0,0,0,0,0,0,0,0,0,0,0,0,0,0,0,050818899519dcde52aff83637a132d1daca9083a1fa6d4bd77d16f777d5beb2
1917,images/1917.png,rfmid,,,e932b075c5a415cb,1,0,0,0,0,0,0,0,0,0,0,0,0,0,1,0,0,0,0,0,45684f595140bec4c94f885a56ada6e2e31653768626bf58e9dcc2c786a10225
1918,images/1918.png,rfmid,,,f67fbb1c1e11b1c9,0,1,0,0,0,0,0,0,0,0,0,0,0,0,0,0,0,0,0,0,7b17127dea2940f5e2631bf97adce5e86957013d605805a65b361e2f232d6345
1919,images/1919.png,rfmid,,,3bf96d315bade742,0,1,0,0,0,0,0,0,0,0,0,0,0,0,0,0,0,0,0,0,8fc736808bc0cc5b0122c5babe642911bebbb2143f4d9b13ebe997608b78ecbf
192,images/192.png,rfmid,,,12a852701543f35f,0,0,0,1,0,0,0,0,0,0,0,0,0,0,0,0,0,0,0,0,028bebc5bc5ebbbd3680f0f31e494029a3e4a0833599feb0de8c7c6e7b4b8586
1920,images/1920.png,rfmid,,,26e84449dc2fb24e,0,1,0,0,0,0,0,0,0,0,0,0,0,0,0,0,0,0,0,0,46f00b0181f9bc10fee29ef495875b06f856e1104bca31d78ff31e3a4a13b4b9
195,images/195.png,rfmid,,,85084600bac4ba3f,1,0,0,0,0,0,0,0,0,0,0,0,0,0,1,0,0,0,0,0,14da8f507f2dec0be4fa23bd00d37229dceea3a13bbb0dadf549e5b213baa900
196,images/196.png,rfmid,,,c5210a2cce4fadad,1,0,0,0,0,0,0,0,0,0,0,0,0,0,1,0,0,0,0,0,092df2f652a59bd3b7bf7be233b09f1005cce832d08a0bd3b7ec6bd494dcff0b
197,images/197.png,rfmid,,,2100d7366bcaecc0,1,0,1,0,0,0,0,1,0,0,0,0,0,0,0,0,0,0,0,0,19b288e86d43b3f48ce5fd9246a8845103b734162c87cd3f3f0a6325da0531a6
2,images/2.png,rfmid,,,cd90ecb1cd88202e,1,0,0,0,0,0,0,0,0,0,0,0,0,0,0,0,0,0,0,0,30d7f81de4a38dabebed672ebf742cd4578c6b9484eb7c5389da3b5a5b7b6742
20,images/20.png,rfmid,,,70f785b058b7a974,1,0,0,0,0,0,0,0,0,0,0,0,0,0,0,0,0,0,0,0,cb3dfdcfb838407f5562f180b96040068f18daa317b866d3de1daa71e9bc16ca
202,images/202.png,rfmid,,,a16f8d69592cd8a9,1,0,0,0,0,0,0,0,0,0,0,0,0,0,0,0,0,0,0,0,84004d14ebd601b1bd0f6c4eff2fa3757f22d30823adb2b4986337f013a436e9
203,images/203.png,rfmid,,,62a19bfc00e721eb,0,0,0,0,1,0,0,0,0,0,0,0,0,0,0,0,0,0,0,0,0fb2e2e6d1a2cb55ad5bc8dff079026b2f87845a6001633dd5753b1e736447f2
205,images/205.png,rfmid,,,0e8160672261d386,0,0,0,1,0,0,0,0,0,0,0,0,0,0,0,0,0,0,0,0,30b95d38c1293d9dd2acc15666f5f57926d4b9158729ca31bbd826f6f58e9507
206,images/206.png,rfmid,,,15bb27863ccab60f,0,1,0,0,0,0,0,0,0,0,0,0,0,0,0,0,0,0,0,0,4dc8255028592a31816d23ff1557f4c4d5167edab8ba04835aa031f293429c0c
209,images/209.png,rfmid,,,9451303dbd859d3c,0,1,0,0,0,0,0,0,0,0,0,0,0,0,0,0,0,0,0,0,2f8683b74e4c1b0a59d16db8123d63ebfc79c2b66b63e7f6873f23ca8a000b85
21,images/21.png,rfmid,,,6a15da2e1c4a80d1,0,1,0,0,0,0,0,0,0,0,0,0,0,0,0,0,0,0,0,0,15df5e9fd72d64c8b345129df73a0f849ae7733f90f58fc349f4e5d667dc69bb
212,images/212.png,rfmid,,,23e96347682826a0,0,0,0,1,0,0,0,1,0,0,0,0,0,0,0,0,0,0,0,0,73a0121dcb67e06939497a5089bf8a28e3d5cde34beb493ecb6436f36ce84b82
213,images/213.png,rfmid,,,e41ee016e4f9cce5,0,0,0,1,0,1,0,0,0,0,0,0,0,0,0,0,0,0,0,1,ac23e0ccd0e5c5c226df8b5687dbe99d321b17cf575793714428d1f141c05bea
214,images/214.png,rfmid,,,843e14ce78941db7,1,0,0,0,0,0,0,0,0,0,0,0,0,0,0,0,0,0,0,0,87493f799a3b9a0313fcb7aeae5053f45ca5961d40b81bf0bb853f5eb57c02fd
215,images/215.png,rfmid,,,6e0308b068b5607c,1,0,0,0,0,0,0,0,0,0,0,0,0,0,0,0,0,0,0,0,3f96ed6ff6fb344d72d0e8bd57a1970e830f273724167eda2b9d9165088be7e4
216,images/216.png,rfmid,,,b9c73e375e678617,0,0,0,0,1,0,0,0,0,0,0,0,0,0,0,0,0,0,0,0,f15bb528f02ebe60acc7aa5fe2d5cc1a93f24d51663fc9352ced1777c74220b0
217,images/217.png,rfmid,,,5ed6f06d2fdea7a3,0,0,0,1,0,0,0,0,0,0,0,0,0,0,0,0,0,0,0,0,bf8b25f3503a11605c6e7c05c0a5139bd61b6b979b19af6f2f135093d5aeef71
218,images/218.png,rfmid,,,82f85e2659e84397,0,1,0,0,0,0,0,0,0,0,0,0,0,0,0,0,0,0,0,0,8dfbd192d4838171a1e346bb2cb74b4b5dd8b61103ca10455cebdd20cfed0395
219,images/219.png,rfmid,,,3e68aced9c64eaeb,1,0,0,0,0,0,0,0,0,0,0,0,0,0,0,0,0,0,0,0,f6b220575bfaf0fb8760813980a81e7f01cedc2beb3ad272a7ff918acb15d0d3
22,images/22.png,rfmid,,,149c11b507fa5d35,0,0,1,1,0,0,0,0,0,0,0,0,0,0,0,0,0,0,0,0,64a3be7f8d8d75522d43aa0ee2f670130a8e75fdd53a3a98b811adbd80b38d83
226,images/226.png,rfmid,,,deff710cc10a531a,0,0,0,0,1,0,0,0,0,0,0,0,0,0,0,0,0,0,0,0,d7e232c183e6d2679e56e3e397c345eefd488a7f7bb95c377e339cd3e1ef7c28
227,images/227.png,rfmid,,,f388ccbdfb4df30e,0,0,0,0,1,0,0,0,0,0,0,0,0,0,0,0,0,0,0,0,de8f3fdc578cf2d91881b1b925fd544376c46899286f128d6345ab14b22b3a20
228,images/228.png,rfmid,,,ca824f1a4bc95674,1,0,0,0,0,0,0,0,0,0,0,0,0,0,0,0,0,0,0,0,8ec7793fa107e5843babb50829fa6efcb77bf8efda1cecced447acff1d77c14c
229,images/229.png,rfmid,,,9c18a862f5c11651,1,0,0,0,0,0,0,0,1,0,0,0,0,0,0,0,0,0,0,0,a240264590a6ed6d4d772140f7c3cbc28245abaf993898090862fdc02577c89c
23,images/23.png,rfmid,,,85ff775756c14f29,0,0,1,0,0,0,0,0,0,0,0,0,0,0,0,0,0,0,0,0,23e95ecaef3d1ca81ec5d1baff0f25b9b05cb14bd27e21843bf8910710510aad
230,images/230.png,rfmid,,,70789bd27e1bab98,0,1,0,0,0,0,0,0,0,0,0,0,0,0,0,0,0,0,0,0,e180cb7581f1911aa762f8e48accd49a67c30af13b1fe1ee6f6309a26b6b491d
231,images/231.png,rfmid,,,7ef8bf47e52858f4,1,0,0,0,0,0,0,0,0,0,0,0,0,0,0,0,0,0,0,0,db26807e35235660a2d9104b6eb26dcaa96255c2d6f0ac0ecb77a5f101b61b94
233,images/233.png,rfmid,,,02f920ca2cd2e23a,1,0,0,0,1,0,0,0,0,0,0,0,0,0,0,0,0,0,0,0,accb90127d09c575a61cb12d166fd5054e6d1459c052821a52997cd61e2d089b
234,images/234.png,rfmid,,,769931cf750f0ed5,1,0,0,1,1,0,0,0,0,0,0,0,0,0,0,0,0,0,0,0,c0b853d2e8f5dff47e7d0eb84b3ce64ade65e07ad70beae0c4708133a9d859aa
235,images/235.png,rfmid,,,2f4ef0e65dd7a814,0,0,0,1,0,0,0,0,0,0,0,0,0,0,0,0,0,0,0,0,33b73f3dcf601a78a675094f4f0099ff6d9793ca9d80a47f67c106ed1cd08cc1
236,images/236.png,rfmid,,,c581b22559eee74c,0,0,0,1,0,0,0,0,0,0,0,0,0,0,0,0,0,0,0,0,5411df1e0ef892d5a2f61dad0c062aff28f47ae78355b9ebb119ac5d7e03eb01
237,images/237.png,rfmid,,,ea81cb0f78a24e56,0,0,0,1,0,0,0,0,0,0,0,0,0,0,0,0,0,0,0,0,562245c5c5aac736d76f4b9f4e8865d7f2b3b453c098120ca09da50446ab391d
238,images/238.png,rfmid,,,ec4916c0b8c9b4be,0,1,0,0,0,0,0,0,0,0,0,0,0,0,0,0,0,0,0,0,5add81db3e851fbda439791d25105080c09a55448bf7f7e47e7a5dc284b0278d
239,images/239.png,rfmid,,,9e8310353ccb2eb4,0,1,0,0,0,0,0,0,0,0,0,0,0,0,0,0,0,0,0,0,55ff7fd91c1fa10e8e0d522ef5cf7815e76cb3d838d550efc77d7454019be87e
240,images/240.png,rfmid,,,0792d22b7ebbc68c,0,0,1,1,0,1,0,0,0,0,0,0,0,0,0,0,0,0,0,0,5ee61827537af058013393d7977bd50203c0d87bc26d23f4d76c1c4264076b98
241,images/241.png,rfmid,,,b23354ef1375ca69,1,0,0,0,0,0,0,0,0,0,0,0,0,0,0,0,0,0,0,0,d96b43f2ac95c1edb5758baad1ff5c0edaf8cad43676ae4b3fdd39609ac9704f
242,images/242.png,rfmid,,,7eea87bdac68ce97,1,0,0,0,0,0,0,0,0,0,0,0,0,0,0,0,0,0,0,0,97de472ad70d06e049b122ddea23f23720ae2967775ca0ab1aa8ee49fdda1003
246,images/246.png,rfmid,,,6f0d5e002f95ceec,1,0,0,0,0,0,0,0,0,0,0,0,0,0,0,0,0,0,0,0,e4c4665be7bc460a32613ea17710e98486b322b06e0eedabf9430993d2041258
248,images/248.png,rfmid,,,119f4d5fb16b4690,0,1,0,0,0,0,0,0,0,0,0,0,0,0,0,0,0,0,0,0,0b99944c3166fd706ff28551ebdf78393d6e20cfe9af6c9b389161201b36154d
252,images/252.png,rfmid,,,2dea403c64c95687,1,0,0,0,0,0,0,0,0,0,0,0,0,0,0,0,0,0,0,0,7448e6bb87ce3adb54d5bb5c6421e6c02b810f02ff156c10f8028b030043229f
253,images/253.png,rfmid,,,969db9ee645e8d36,1,0,0,0,0,0,0,0,0,0,0,0,0,0,0,0,0,0,0,0,ac7c13a1d650ada4201fad9cefefd5c34e900dc7a8d1901ffc12f7f73824d8e6
255,images/255.png,rfmid,,,0c51fe6cd386d926,0,1,0,0,0,0,0,0,0,0,0,0,0,0,0,0,0,0,0,0,c70d3451f94bc8cccdf2f1e99ee2e922f96088dcd49347b9dc9b10273a9a4a15
256,images/256.png,rfmid,,,c61198dbaf584af0,0,1,0,0,0,0,0,0,0,0,0,0,0,0,0,0,0,0,0,0,a6106331f46d00017fe4d5ad04a76a6ad26f894cdb66ad4b3741d19a41a7b407
257,images/257.png,rfmid,,,3d4ac7af22ea68fe,0,1,0,0,0,0,0,0,0,0,0,0,0,0,0,0,0,0,0,0,6f403f42b7f2fc728ff4c0973b3077fb5ccaba0cb213cd53d710b531439a3f35
258,images/258.png,rfmid,,,a330839f0062bb77,0,1,0,0,0,0,0,0,0,0,0,0,0,0,0,0,0,0,0,0,fb9b9e70786e2d1bb38dbe424d424a3ba7ab703508464e58a22933d742d68921
26,images/26.png,rfmid,,,877db38001411367,1,0,0,0,0,0,0,0,0,0,0,0,0,0,1,0,0,0,0,0,581d5423a065de57de6e25c0da807ee1a9f03399fa7857e3faa8277345eedc07
260,images/260.png,rfmid,,,cc235509e6ecd386,0,0,1,0,1,0,0,0,0,0,0,0,0,0,0,0,0,0,0,1,3de4891cd569a7310d9f8bce0ea2b3c62348705166751e1c73dca6bdfb1233df
263,images/263.png,rfmid,,,4eb0a696ce15382f,1,0,0,0,0,0,0,0,0,0,0,0,0,0,0,0,0,0,0,0,f43c49d12d262f346134745903564298114b6aa8a33bb3bccd4c07e9d781b09c
264,images/264.png,rfmid,,,3379bbd890ffc0bb,1,0,0,0,0,0,0,0,0,0,0,0,0,0,0,0,0,0,0,0,435cc9989fd48b10f5ef40a2398609095c83ea2cfe6050514c7f495e764132c7
265,images/265.png,rfmid,,,b1a803109627074e,0,0,0,1,0,0,0,0,0,0,0,0,0,0,0,0,0,0,0,0,3554ade4fb54e00e142a22b1c02e5ae22134089bd06824d7279e562f6398c67b
266,images/266.png,rfmid,,,90ae78e99e4e9653,0,1,0,0,0,0,0,0,0,0,0,0,0,0,0,0,0,0,0,0,0ad8354442db30870365bdf940047c229d2fd360e36a0868273411e0912a4f30
267,images/267.png,rfmid,,,1c36e80866379ce3,1,0,0,0,0,1,0,0,0,0,0,0,0,0,0,0,0,0,0,0,abfef7adeca51941da65913e6673d5956b543584ce46732f78bb156025350e28
268,images/268.png,rfmid,,,7a879b8ee56f5136,1,0,0,0,0,1,0,0,0,0,0,0,0,0,0,0,0,0,0,0,0105eea1a806cbfeab8c64c98a5b2fbad89b170f8f41135f265247b2d38b5161
269,images/269.png,rfmid,,,3d29282f40b1f545,0,0,0,0,1,0,0,0,0,0,0,0,0,0,0,0,0,0,0,0,4eedf2bd296b4c44fe03d23127b77cd005aa097b9df6145ddc3b6962b44f5aed
270,images/270.png,rfmid,,,a7dfd1da0db5e38f,0,1,0,0,0,0,0,0,0,0,0,0,0,0,0,0,0,0,0,0,67bf143847e9c052d0974bfee7a74ad4e7d7bc882882e4f9d40c6c88ae4d719c
271,images/271.png,rfmid,,,d8b721c2d520ed8d,0,1,0,0,0,0,0,0,0,0,0,0,0,0,0,0,0,0,0,0,4f44fd1b13e833b0f8e1d2ed40605c46b2778ca91174541bb502e4a8a9759d25
273,images/273.png,rfmid,,,1578a98fb2a1138b,0,0,0,1,0,0,0,0,0,0,0,0,0,0,0,0,0,0,0,0,0a6f50bf2b7599acd987b1ec5d848a8153b44ef2e30e6e9d5df1efb771356e50
274,images/274.png,rfmid,,,34b4419e7c326778,0,1,0,0,0,0,0,0,0,0,0,0,0,0,0,0,0,0,0,0,86878458becc484ba1ea66c86634061df5ad8b8bf36d4ac0c917efd5998d21d4
277,images/277.png,rfmid,,,dc769431e3fb8660,1,0,0,0,0,0,0,0,0,0,0,0,0,0,0,0,0,0,0,0,1ec63fb82aeaa4476795b0a4fd95019b96190c01ad9c59058026bac525c7a0a0
278,images/278.png,rfmid,,,639d6697b4a26a50,0,0,0,1,0,0,0,0,0,0,0,0,0,0,0,0,0,0,0,0,4ae2521cc68cba7570a1d28ae301486785c7085865e50a035225fcd320790be4
279,images/279.png,rfmid,,,be05547522459545,0,0,0,1,0,0,0,0,0,0,0,0,0,0,0,0,0,0,0,0,43a87ae1f6b3da945ed8314f2de378d7e9295e88ef408beb9979ac329df71992
28,images/28.png,rfmid,,,40b55f67e8d172bc,0,1,0,0,0,0,0,0,0,0,0,0,0,0,0,0,0,0,0,0,5843024b7c2b1dcf9199aafd11d04149bc14329e466116d1eb95b4166f7d0150
280,images/280.png,rfmid,,,689440ece36f26f5,1,0,0,0,0,0,0,0,0,0,0,0,0,0,0,0,0,0,0,0,ddf417afd0b7df26fac4c79e70bc58923ab77e48a07ee429b0d4b45a4e5b8692
284,images/284.png,rfmid,,,88d8b2e78d9b8607,1,0,0,0,0,0,0,0,0,0,0,0,0,0,0,0,0,0,0,0,9520baad1d75c84afcc33d754c112e4fd918e9eb84207e7296efb023c9cd1d12
285,images/285.png,rfmid,,,e217924548d6ffee,1,0,0,1,0,0,0,0,0,0,0,0,0,0,0,0,0,0,0,0,8552ff2f1cccc67560d328c9496970d0f5323af99fb1680936306358bd81aba3
286,images/286.png,rfmid,,,651c21b6fa890a35,0,0,1,0,0,1,0,0,0,1,0,0,0,0,0,0,0,0,0,0,12f0a8bf43f717fbc08890a256bd71437209a23ab12d95173254e63fb0a910f7
287,images/287.png,rfmid,,,29cb0c50e7373396,1,0,0,0,0,1,0,0,0,0,0,0,0,0,0,0,0,0,0,0,d2185512fd7fd51bd3ee05042d47aff29009b68821fc9fba57cfe00f02e79c37
288,images/288.png,rfmid,,,a56b7431fc08ea3a,0,0,1,0,0,0,0,0,0,0,0,0,0,0,0,0,0,0,1,0,13c1110a72a005fe9a87a8b18976aff3e69302ca98bbaa5194bd9878c11cb24b
290,images/290.png,rfmid,,,f1e86d59801d33ad,0,0,0,0,1,0,0,0,0,0,0,0,0,0,0,0,0,0,0,0,2f0dca351fe0541f74bc690511503081fbcd37f51a4b51b81722e6ff89bd7904
292,images/292.png,rfmid,,,3760cede30d63ba0,0,1,0,0,0,0,0,0,0,0,0,0,0,0,0,0,0,0,0,0,88623608223d2cc8d873584a9662dc33b602d79d3578973c6f1c04e2b7c2a150
293,images/293.png,rfmid,,,2acded43bd819045,0,1,0,0,0,0,0,0,0,0,0,0,0,0,0,0,0,0,0,0,b96dccd7b1957d2ea3ca46b0cf9b4f9215404fbfb788b7b0d2cf800ba1fb6ec7
294,images/294.png,rfmid,,,59ee8b2568bcba8d,1,0,0,1,0,0,0,0,0,0,0,0,0,0,0,0,0,0,0,0,fe04121460cafd1dbefe7b1367eaa7b9c4c792b6aa7c10957d8df7d24a7efa6f
295,images/295.png,rfmid,,,8fae041f531cca53,0,0,1,0,0,0,0,0,0,0,0,0,0,0,0,0,0,0,0,0,82c7f911732280f18e46fa213be8e28f1ca3969302c12afc06057c7673d151ce
296,images/296.png,rfmid,,,1204663f283dcc68,0,0,1,0,0,0,0,0,1,0,0,0,0,0,0,0,0,0,0,0,257f49ad3fe38da0cd4db1ed79ec90108ad80255f610469e46b4760526a6150b
297,images/297.png,rfmid,,,ef07dd41e67ad28e,0,0,1,0,0,0,0,0,1,0,0,0,0,0,0,0,0,0,0,0,af0fe9498ad2ecd95572debc484f5b98a6f447ae478c986aa9a054feeed7c975
298,images/298.png,rfmid,,,7416223d3164b368,0,0,1,0,0,0,0,0,0,0,0,0,0,0,0,0,0,0,0,0,e6aa4fa42c67d8d049e932b65aff6d5faf72e3f21a7644bcc68374739a7bd598
3,images/3.png,rfmid,,,2c6640e0fc790dcf,1,0,0,0,0,0,0,0,0,0,0,0,0,0,0,0,0,0,0,0,ace661ae9eb5fa81e1b0bd2652d4339efa50b589ffa8bef106e15e33b5ae0c3d
303,images/303.png,rfmid,,,7f27cc05c522c977,0,0,0,1,0,1,0,0,0,0,0,0,0,0,0,0,0,0,0,0,fbc4af16e97539ae7a9de3ccae4a668d250e930a7ef626f575fd8580e076d26b
304,images/304.png,rfmid,,,5550817d27adb3c7,0,0,0,1,0,1,0,0,0,0,0,0,0,0,0,0,0,0,0,0,9f5efbb6aac6c075bba41a8008c343ed2048a27b2ead29a2a8f037e849be9f90
305,images/305.png,rfmid,,,cced48f42967b295,1,0,0,0,0,0,0,0,0,0,0,0,0,0,0,0,0,0,0,0,92e2d0a0f338f8443ad83c1595b914dcadd7d4c1f50a495766666fa9bbda52ea
306,images/306.png,rfmid,,,9f6e18c724a893c1,1,0,0,0,0,0,0,0,0,0,0,0,0,0,0,0,0,0,0,0,70e78eaa8198fa8b60f4e295b50ba79e1e2349d54945437fb66de0062f091e37
308,images/308.png,rfmid,,,b3a28acc584d2c5d,1,0,0,0,0,0,0,0,0,0,0,0,0,0,0,0,0,0,0,0,21001e9c08e1070b66b425aad712a50a799f7316682ff8ebfa56b0d58c1714c1
31,images/31.png,rfmid,,,63c5b069bfa03aac,0,0,1,0,0,0,0,0,0,0,0,0,0,0,0,0,0,0,1,0,ff1eb38583bacc4f843e6b1836bd1b95ebb3cbcc2cb53f80804f80df71f3c396
313,images/313.png,rfmid,,,1e72265df721483a,0,1,0,0,0,0,0,0,0,0,0,0,0,0,0,0,0,0,0,0,c355c6a2cdca3ade4f7ad9a70a924d6c6bbbbf73110d027583852d969dc98b17
314,images/314.png,rfmid,,,e84240b62fe55231,0,1,0,0,0,0,0,0,0,0,0,0,0,0,0,0,0,0,0,0,308e8aed4578127d01763c9b3362e69c4a7300c1b368e580bf69ef04f5b2894c
317,images/317.png,rfmid,,,7b1563b007d3da07,0,0,0,0,1,0,0,0,0,0,0,0,0,0,0,0,0,0,0,0,5637f056e87318bb2eff08efb4036c80a7e5ae20de9d266e52713abfd0e5c73c
318,images/318.png,rfmid,,,fb20700711813a1e,1,0,0,0,0,0,0,0,0,0,0,0,0,0,0,0,0,0,0,0,82267a6a45058616acda7bbcf39001134d77b6f9fd7108528d585a9c599c8209
319,images/319.png,rfmid,,,aa0d6dd080ce84b0,0,0,0,1,0,0,0,0,0,0,0,0,0,0,0,0,0,0,0,0,05587414c820dc3b3a904c35fbb4a0636a6bfa2cbecb992579fca6914b07062e
32,images/32.png,rfmid,,,3a2d6f2a9bdedf5a,0,0,1,0,0,0,0,0,0,0,0,0,0,0,0,0,0,0,0,0,07e4e9f46ab1abbefa867ccecfe5518adc0ecfbce021f0c371691f763ec96ebc
320,images/320.png,rfmid,,,828cc2210c089a12,0,1,0,0,0,0,0,0,0,0,0,0,0,0,0,0,0,0,0,0,334bc87d6cd9e5bfbe0b5c3a1a8f9e1a4ebfc74d40ddea6abc71597c442da8cb
321,images/321.png,rfmid,,,69d9809b880ac6c6,0,0,0,0,1,0,0,0,0,0,0,0,0,0,0,0,0,0,0,0,615e229855ecb0e6964fdeb151a1d07a67b8b8d051c456ba380ae3be90128ce2
325,images/325.png,rfmid,,,471bc889c8044ad4,0,1,0,0,0,0,0,0,0,0,0,0,0,0,0,0,0,0,0,0,5eb4beba1114bdb3fb4d2694dd1623048813596274e5473796b1c16524d58338
328,images/328.png,rfmid,,,1d289aec02cd7d4e,0,0,1,1,0,0,0,0,0,0,0,0,0,0,0,0,0,0,0,0,73e1e28c2afff6ddfbcb2f7d75f696671f42c5add5c857c8d91b07b3c45737c3
329,images/329.png,rfmid,,,fecb5cf0885f3980,0,0,1,1,0,0,0,0,0,0,0,0,0,0,0,0,0,0,0,0,6b1373bf60afcce89a637900c37da3fb86467347f8f850223a8a03a268f41782
33,images/33.png,rfmid,,,173be1028c11ac2e,0,0,1,0,0,0,0,0,0,0,0,0,0,0,0,0,0,0,0,0,bc5b84137d511fafa93d52496341251f740b07655804068840decba09a060e92
330,images/330.png,rfmid,,,bc19af8d0fa0269c,0,0,1,1,0,1,0,0,0,0,0,0,0,0,0,0,0,0,0,0,f26c533a925ac3778f974f82f6e0b6ebd8d16a2fed4f1f35e5ee0ac0590b1989
331,images/331.png,rfmid,,,6d05dbf406bc4a23,0,0,1,0,0,1,0,0,0,0,0,0,0,0,0,0,0,0,0,0,0739426e39f714d4e787bc4e03ec9dc8d219dd948608645bd57847e05ce4c19a
336,images/336.png,rfmid,,,4174b6c3d0811900,0,1,0,0,0,0,0,0,0,0,0,0,0,0,0,0,0,0,0,0,bf9e7397d1e06033f5c6ac68df33c1e3c718c6b35294540a6d5f1a28cd6a79fb
337,images/337.png,rfmid,,,d04d6ee564af5236,1,0,0,0,0,0,0,0,0,0,0,0,0,0,0,0,0,0,0,0,7d600cc24f9ef8104868a865fa23d5816c131e6d954f7b2508a4b2a850e0e346
339,images/339.png,rfmid,,,0c0b86fcb2689506,0,1,0,0,0,0,0,0,0,0,0,0,0,0,0,0,0,0,0,0,91c16750b94a6bbcfb64b615f9f61b4d5d4de5a59db0547eb8c17550f57a004e
341,images/341.png,rfmid,,,fbba09cacd50a2e4,0,0,0,1,0,0,0,1,0,0,0,0,0,0,0,0,0,0,0,0,af7fb7cad05351b1deb8fa517e15aaac3b77a9e2dc9982b719bc8a8833703106
343,images/343.png,rfmid,,,7e2c9b6391b8cd93,0,0,0,1,0,0,1,1,0,0,0,0,0,0,0,0,0,0,0,0,8299ce5da05a54bc57f03949e563bb3c8b59cd75ac2efbee4dc6c3e9bc710ae7
344,images/344.png,rfmid,,,ee79e4a3a7f6632d,0,1,0,0,0,0,0,0,0,0,0,0,0,0,0,0,0,0,0,0,c89931bfd3e1be62f5df23b49c36d20b9aee5a6687a5534b05e3e788e48802ab
346,images/346.png,rfmid,,,991516d1c036594d,1,0,0,0,0,0,0,0,0,0,0,0,0,0,0,0,0,0,0,0,fc7d39629b2bf05039cdd8ff6bc877afb36a99a1fb8fd3e641c4c68a2546e3a2
347,images/347.png,rfmid,,,0d1973f986acd841,1,0,0,0,0,0,0,0,0,0,0,0,0,0,0,0,0,0,0,0,cfc38a8627132327c0fb5d4168b354880e1e3be385c41d144ece8432519b5bf1
350,images/350.png,rfmid,,,018b0e759c5ce3d4,1,0,1,0,0,0,0,0,0,0,0,0,0,0,0,0,0,0,0,0,e2f37e298feb0a8e946055d296d004cc910debb860e02b105c3112e2c04b8a71
351,images/351.png,rfmid,,,ed8bf6733e23b323,0,0,1,0,0,0,0,0,0,0,0,0,0,0,0,0,0,0,0,0,7507da26bdc239e4c5c862a5b4ad96e341f38242f389969ffc577e223a1262a1
356,images/356.png,rfmid,,,5f03fa0825e8125b,0,0,1,0,0,1,0,0,0,0,0,0,0,0,0,0,0,0,0,0,6619c0715acf459511a42b66c270890e1f515c9c58a6e7674a927c49f97e1321
358,images/358.png,rfmid,,,71c01ecd6daa88e3,0,0,1,0,0,1,0,0,0,0,0,0,0,0,0,0,0,0,0,0,6646c17a3eeee24127a2b4fce422c1b8613014a35395f130292b4d1e600ac28e
36,images/36.png,rfmid,,,1c5e36f187c09cf4,1,0,0,0,0,0,0,0,0,0,0,0,0,0,0,0,0,0,0,0,715aae8f87b91a9440bcfd3d6a4b8e8c20806a9c5ba308ee107f887fa5ed6f2f
361,images/361.png,rfmid,,,1fc0d7ff0ab65597,0,0,0,1,1,0,0,0,0,0,0,0,0,0,0,0,0,0,0,0,6d2aa096348091c5eebb38ef116e37ad16780c0d7b72d48385b13a95c906ae67
362,images/362.png,rfmid,,,246813782dcd42ef,0,0,1,0,0,1,1,0,0,0,0,0,0,0,0,0,0,0,0,1,11042691e3c8dbff8499781e210184249972d82fe52e903efc27099387bbe0b4
363,images/363.png,rfmid,,,fce460fb9ab2eaf2,0,0,1,0,0,0,0,0,0,0,0,0,0,0,0,0,0,0,0,0,a9420c6f0fbcfd8db304f6b16d727b14dbf95e7ac5ba8c5b42c5e02a6831b742
364,images/364.png,rfmid,,,50af26d883a7b00c,0,0,1,0,0,0,0,0,0,0,0,0,0,0,0,0,0,0,0,0,92a6e4bff279a1034b18c0a3471705f872ce83388e5c48c079a24224d855574e
365,images/365.png,rfmid,,,da3f2018887f4e9a,0,0,1,0,0,1,0,0,0,0,0,0,0,0,0,0,0,0,0,0,905174c212e7618fb58e2d1af60b6de0b6f74fbe8a642d0681942714aaba7331
366,images/366.png,rfmid,,,7c1cc8797777e9d9,0,0,1,0,0,0,0,1,0,0,0,0,0,0,0,0,0,0,0,0,9da841d787b319a146a11a542680f352151d112707582da3683fa749b40ae09c
367,images/367.png,rfmid,,,72d750d4b9bd8198,1,0,0,0,0,0,0,0,0,0,0,0,0,0,0,0,0,0,0,0,35c4ca8cf1eedc6a965bfd6d722cbf057c9caf4e19b6da84b60cabc42c594be3
37,images/37.png,rfmid,,,c057993472440e66,1,0,0,0,0,0,0,0,0,0,0,0,0,0,0,0,0,0,0,0,2f928311f2fcdf39b01c720861208560d6939eef81bc341a7ea4794d73ba03ed
371,images/371.png,rfmid,,,47c5a5220b6e04ff,0,0,0,0,1,0,0,0,0,0,0,0,0,0,0,0,0,0,0,0,b7e7e2c6911ba5ad81bea97995ada752ec90bafa3770b7d5c9218430b4e01108
372,images/372.png,rfmid,,,d6bcaf500d789256,0,0,0,0,1,0,0,0,0,0,0,0,0,0,0,0,0,0,0,0,54ae6811cc682433b2ce694b85db16d98c0e3704f9e4b308b24538f1b91f545d
374,images/374.png,rfmid,,,ea9ac7b68ff59dd7,0,1,0,0,0,0,0,0,0,0,0,0,0,0,0,0,0,0,0,0,9a739e599693d085e44eb3fca84b35e280865cfa4e3b0ef3737aee33431c41a5
375,images/375.png,rfmid,,,e10eee7c9cfa0e5d,0,1,0,0,0,0,0,0,0,0,0,0,0,0,0,0,0,0,0,0,3ce0e457fea6ce96047ae6df2d91ff316d3db543fe20e5536cde3a80cea6cbfb
378,images/378.png,rfmid,,,ca678fa36caa3dfa,0,1,0,0,0,0,0,0,0,0,0,0,0,0,0,0,0,0,0,0,68283afd88573a4f18ece530b05a931203e2a3ba0964a4d33a1af3163e46f496
379,images/379.png,rfmid,,,75ddc60476d10c09,1,0,0,0,0,0,0,0,0,0,0,0,0,0,0,0,0,0,0,0,d980a83a88238146f48773a6c4cba3499af43ad30cb9fb26bd4d07c90d724835
38,images/38.png,rfmid,,,dc327bcc028daa7f,1,0,0,0,0,0,0,0,0,0,0,0,0,0,0,0,0,0,0,0,08dfa0dd4df5f80b1b2660800fc8a3c0d752f0b82aa5688f6a12b402851f05e7
380,images/380.png,rfmid,,,ebe31b7aef1bfd4f,0,0,0,1,0,1,0,0,0,0,0,0,0,0,0,0,0,0,0,0,61c1de35fae4422454ac3d78a6319a1338578a07384f91ee6ab5020ffc121d72
382,images/382.png,rfmid,,,7bc206fa9e31222c,0,0,1,0,0,0,0,0,0,0,0,0,0,0,0,0,0,0,0,0,0edd9e9c1e5fe5472c56e20d52427a0fc9c74cb83f1f89c13d7c21fd21d72894
383,images/383.png,rfmid,,,822d63ca154f95d2,0,0,1,0,0,0,0,0,0,0,0,0,0,0,0,0,0,0,0,0,66f848a9316923c70733822a5289c42f93460db4222ff0dc59e8eaebd63e5d78
385,images/385.png,rfmid,,,39962c3d47729881,1,0,0,0,0,0,0,0,0,1,0,0,0,0,0,0,0,0,0,0,3c5d4e79a5b15ded03dfb55a064025dd44b9cd732fe228121f2e04db928a6144
39,images/39.png,rfmid,,,ddebf87beb85199f,1,0,0,0,0,0,0,0,0,0,0,0,0,0,0,0,0,0,0,0,b862442b58fc62419ef591134f43b3c08f63f379485646489b105ce9739571ff
390,images/390.png,rfmid,,,38d2370ce1efc3ad,1,0,0,0,1,0,0,0,0,0,0,0,0,0,0,0,0,0,0,0,97347823c911f3457dd8a342305a5fe24af8ed73cfc1f4a5c7be93f57c9e439e
392,images/392.png,rfmid,,,80b597695ca036e7,1,0,0,0,0,0,0,1,0,0,0,0,0,0,0,0,0,0,0,0,1a4d12cb3d7f49eb141c8505dc1c9816cf328ac81cbe568eea6e98bfeccf93b7
394,images/394.png,rfmid,,,b2af7dd7bc143b35,1,0,1,1,0,0,0,0,0,0,0,0,0,0,0,0,0,0,0,0,83555527227f044f672a710b3ef07e0e2eb68a6c53a797922b658f0ba8c06611
395,images/395.png,rfmid,,,09d4bc9e0fb7cd37,1,0,0,0,0,0,0,0,0,0,0,0,0,0,0,0,0,0,0,0,99e9c3d3d744d64d971e123e92110a5e5216e8b412f50fdc4d85299d8d57042a
397,images/397.png,rfmid,,,a9767a78ef5d1154,0,0,0,0,1,1,0,0,0,0,0,0,0,0,0,0,0,0,0,0,b95a10de08fe1faa84c3e5b38e8d85580a1eb04adf3525010ca69a1ea9b922fd
40,images/40.png,rfmid,,,ee1f7500ccd73c1c,0,0,0,1,0,0,0,0,0,0,0,0,0,0,0,0,0,0,0,0,d4c10ec1bdaa3f2080f7f8c5560dc0a04444552b7cb6a30366bbc646c5a3ebf3
402,images/402.png,rfmid,,,a518ca2b77fa7af0,1,0,0,0,0,0,0,0,0,0,0,0,0,0,0,0,0,0,0,0,af2f0a5356ceafb1065095591568eaa336acd0def008fe89e8e44517c10ca3b6
403,images/403.png,rfmid,,,6384d331269c5eaa,1,0,0,0,0,0,0,0,0,0,0,0,0,0,0,0,0,0,0,1,4c6ff272d3781ca66d43815ad98e55909a2f04675b550edb98d86c0268d2f744
406,images/406.png,rfmid,,,7af18c58e76af1ce,0,1,0,0,0,0,0,0,0,0,0,0,0,0,0,0,0,0,0,0,ec73ecd1767c0a31b1ad2fd15f92a9cdc7ff1b0aadfe20d48d1458f4bedf7591
408,images/408.png,rfmid,,,6d45085dfbd782e8,0,0,1,0,0,0,0,0,0,0,0,0,0,0,0,0,0,0,1,0,5b1ae89a148845c71631ac197f5bdeca58b2f43474ee35cf1d959c8fd9a846f9
41,images/41.png,rfmid,,,8202ec0d45eda110,0,0,0,1,0,0,0,0,1,0,0,0,0,0,0,0,0,0,0,0,cc0e567d6598f9bb4ace08f42a60b9ee82101b06bee3c85a4fd26239700b855b
410,images/410.png,rfmid,,,d766fc70501911d8,0,1,0,0,0,0,0,0,0,0,0,0,0,0,0,0,0,0,0,0,5cd7eecc46ab060c3323b09a6cf5317243779c7d3dd571fbafd4a1b1519d3ada
413,images/413.png,rfmid,,,305a7f5b8632c65d,0,0,0,1,0,0,0,0,0,0,0,0,0,0,0,0,0,0,0,0,4d259784b5c0b7ac1693cc1ad377d352cc1aa2826a14e871b7ba44ae4add8191
414,images/414.png,rfmid,,,7a01f2a9d8db23bd,0,1,0,0,0,0,0,0,0,0,0,0,0,0,0,0,0,0,0,0,d49b7a7b1f0c7ecb016d46a7dd28937d569de6a8e9dbf8375f4c6b72e565e383
42,images/42.png,rfmid,,,f7efc79ba554b2b7,1,0,0,0,0,0,0,0,0,0,0,0,0,0,1,0,0,0,0,0,296820c952f8cdb3fd7aa48ffdca25602490b11073f2e1c8665ab13e0e27ec44
420,images/420.png,rfmid,,,5877c821b8e4a0e8,0,1,0,0,0,0,0,0,0,0,0,0,0,0,0,0,0,0,0,0,0ccfc12765ec0ad4011d37929e60d8f1a72ef3e243e6968031e81b8a3b8bcd08
421,images/421.png,rfmid,,,efc2cd75f81054d6,0,1,0,0,0,0,0,0,0,0,0,0,0,0,0,0,0,0,0,0,a663acd6f30b5252b1f484a63502efeafdad21f94698d2a564cecc2f9212d2a9
426,images/426.png,rfmid,,,29bb6eeb05c02d3b,1,0,0,0,0,1,0,0,0,0,0,0,0,0,0,0,0,0,0,0,d6c6f210a064a6f2177d446a11df8e07195f7332a99ffcdddc537299887b1a1c
429,images/429.png,rfmid,,,1498079ef33291fe,0,0,0,0,1,0,0,0,0,0,0,0,0,0,0,0,0,0,0,0,17dab7f86baf127aed649bd3c77f54935c6d123f1f11ef195ee0df825034aa22
43,images/43.png,rfmid,,,28c15864b4bfe84a,1,0,0,0,0,0,0,0,0,0,0,0,0,0,0,0,0,0,0,0,2a8706a1af6ae063a709d69dc964a00359f52cee8d1fd2253f4c0707b52bcee5
430,images/430.png,rfmid,,,e79b2c43b23bd721,0,1,0,0,0,0,0,0,0,0,0,0,0,0,0,0,0,0,0,0,32d8895fa72a49a1aa5e6c17f666137842c777682ca35fff5722030163375b27
431,images/431.png,rfmid,,,8804ce57355e227c,0,1,0,0,0,0,0,0,0,0,0,0,0,0,0,0,0,0,0,0,404b51d8534c11f2e423892d26be0ed358a3c2198fb8a8756e865d5dcbf9e5b1
433,images/433.png,rfmid,,,56a34869076879d6,0,0,0,1,0,0,0,0,0,0,0,0,0,0,0,0,0,0,0,0,b7b678064b2365416314980022f4c8b78c182eb6cc19610a6eabc0b83f5d10e6
434,images/434.png,rfmid,,,04753bacbd3039c8,0,0,0,0,1,0,0,0,0,0,0,0,0,0,0,0,0,0,0,0,b80805d5120a20dc0fe3ce89749abed2696ab0d3be05e2e4cfc098d8deba39d8
435,images/435.png,rfmid,,,c1550f2461deeaff,0,1,0,0,0,0,0,0,0,0,0,0,0,0,0,0,0,0,0,0,2b247040b76d9f7edf386e624d24820cccab5e1c23d19507826b10d716029ef3
44,images/44.png,rfmid,,,d8134cde09e71f45,1,0,0,0,0,0,0,0,0,0,0,0,0,0,0,0,0,0,0,0,766098f5e6f6a46ea83272fbf2065591999a80f8650baed0e6a97fbe797f4911
440,images/440.png,rfmid,,,acd36c160bf5b0c6,1,0,0,0,0,0,0,0,0,0,0,0,0,0,0,0,0,0,0,1,a8665b6da7359979cbdbb4190b8c2785fb926ef60a8b30bbe238f6cb1cda54fc
441,images/441.png,rfmid,,,a84ec11a270fe882,1,0,0,0,0,0,0,0,0,0,0,0,0,0,1,0,0,0,0,1,174a5d9da19aaf0afe976e2b6c8f9124707326d00093d70f938f7e6d021e4e15
442,images/442.png,rfmid,,,f6803a7030a4bb34,0,1,0,0,0,0,0,0,0,0,0,0,0,0,0,0,0,0,0,0,0b3885cfc658be4ba9acb2cff95106b3db5c848bf4f364591c6d4f052c0e11ed
443,images/443.png,rfmid,,,d97e68be8820eda4,0,1,0,0,0,0,0,0,0,0,0,0,0,0,0,0,0,0,0,0,6b6991673c238812196b7c46856139a6c93e281671b089dd4c186ffdf4a7f00d
444,images/444.png,rfmid,,,79124474c7a1029f,0,0,0,0,1,1,0,0,0,1,0,0,0,0,0,0,0,0,0,0,3519628a3445078c21b3b3b8f53a0cbacdd9299ce0b5ce6ec880d162fc7cf71c
446,images/446.png,rfmid,,,b34795d170d3c177,0,0,0,1,0,0,0,0,0,0,0,0,0,0,0,0,0,0,0,0,bc38b1eb72c617e4baccc3d6bab2b9033e27a5e2fbdd80f40bfcc287d0d4bd56
449,images/449.png,rfmid,,,192f94ce27ff0dc4,0,1,0,0,0,0,0,0,0,0,0,0,0,0,0,0,0,0,0,0,386030c3b2077347996a66fb9e693530d1de38a16091599658a776f25b2d2f6b
45,images/45.png,rfmid,,,9ca8b1af1c815a0c,0,0,0,1,0,0,0,0,0,0,0,0,0,0,0,0,0,0,0,0,b0a01e5104b38740d2469b0dc221549ea1d025ff0e744dace630686c4f79c77d
452,images/452.png,rfmid,,,724916a599bea94a,0,1,0,0,0,0,0,0,0,0,0,0,0,0,0,0,0,0,0,0,740acf28f12ce1903fb9ffbb032646b8028ce9711981e4a3abf7c1ba902908f5
454,images/454.png,rfmid,,,f33bd40caecb8b48,0,1,0,0,0,0,0,0,0,0,0,0,0,0,0,0,0,0,0,0,2f01d33c0fa6a1a672e02f708957f26478a61ed2da61d1b0cfd6c387bc9b4cd0
456,images/456.png,rfmid,,,12adca5f3fbc63ac,0,0,0,1,0,0,0,0,0,0,0,0,0,0,0,0,0,0,0,1,2ee79922b5134b0993973eb16eecb8b0e150b3059241933998a255e250bd71d6
458,images/458.png,rfmid,,,a7bdb2ff481c5c0c,0,1,0,0,0,0,0,0,0,0,0,0,0,0,0,0,0,0,0,0,be942ab2ef576ce871cbcc6f0193a3fa4a129b244245a68d595b5b99acac9335
46,images/46.png,rfmid,,,8fe9704463e05d0c,0,0,0,1,0,0,0,0,0,0,0,0,0,0,0,0,0,0,0,0,ea533ffdd6baf6f2daf7c891df676624980c0e4c8aeff1e029d6be5654df3f6c
460,images/460.png,rfmid,,,65a1f58783c765e5,1,0,0,0,0,0,0,0,0,0,0,0,0,0,1,0,0,0,0,0,a06c4b6810dc6bc97ca0c353fa7dbf87f9dd5c3c353d2ebd160d36eb4c1ab631
462,images/462.png,rfmid,,,917f844fef2de72e,0,1,0,0,0,0,0,0,0,0,0,0,0,0,0,0,0,0,0,0,fa77f333962d1ff8d7bb2e588d2bbb692626820ef6d226bf86be8060bd2ad21f
463,images/463.png,rfmid,,,1a9afad8336227de,1,0,0,0,0,0,0,0,0,0,0,0,0,0,0,0,0,0,0,0,b80028eac974d01e6f58f68423bae907a60a0624a747809d8cf1b29f8599457e
465,images/465.png,rfmid,,,543e1561deacb9b8,1,0,0,0,0,0,0,0,0,0,0,0,0,0,0,0,0,0,0,0,37d680010121d1770b540b9f6c4f299718607feac54505938cb72c3012a18b07
466,images/466.png,rfmid,,,89f1c1f84d9b514f,0,1,0,0,0,0,0,0,0,0,0,0,0,0,0,0,0,0,0,0,064dce2cc2ebee8f74e772f6b68d8e074fce4aac07babd25fdd38a367baa50b8
467,images/467.png,rfmid,,,b350bb8c57b547d5,0,0,1,0,0,1,0,0,0,0,0,0,0,0,0,0,0,0,0,0,1579d09945ab320be0a99e46d740ebeb7d2092e4943825f76c594c054455c844
468,images/468.png,rfmid,,,abc7303a33b97d2d,1,0,0,0,0,0,0,0,0,0,0,0,0,0,0,0,0,0,0,0,775af2c207825078904c11d0a4201d426efea86956e6cd02346af22d7fcdf1e6
469,images/469.png,rfmid,,,8febfb817e91cc23,1,0,1,0,0,0,0,0,0,0,0,0,0,0,0,0,0,0,0,0,6f8b9f3b01a8b8c2828a9ae0959a1c6ecc0a4e289af008b2bcb2090403eeffe9
47,images/47.png,rfmid,,,bd09b2fe5b6bdecf,0,0,1,0,0,0,0,1,0,0,0,0,0,0,0,0,0,0,0,0,5a6f22d3e8f6df7ad329301bf8094fa7124970ecb04391e36f4be18c36992505
470,images/470.png,rfmid,,,4482fa635a35d285,0,1,0,0,0,0,0,0,0,0,0,0,0,0,0,0,0,0,0,0,a984163751426a2d86801fdf2d90873fa05d3a3fcff4c1997d6d5ab4bfdf905e
473,images/473.png,rfmid,,,9e29e608a2eaca9f,1,0,0,0,0,0,0,0,0,0,0,0,0,0,1,0,0,0,0,0,588d399f3f1b0983fe95a6840580e93afcbffdfdb447fb48ebe7f973559ad807
475,images/475.png,rfmid,,,fe43233dadbf5401,0,0,1,0,0,0,0,0,0,0,0,0,0,0,0,1,0,0,0,0,4860abcd1337b22dcce2e0ed83a472a75ef53b34a8097da82d8d7ba3ac1f8ab5
476,images/476.png,rfmid,,,52c6ac0f3388d546,0,0,1,1,0,0,0,0,0,0,0,0,0,0,0,0,0,0,0,0,2d2aaf6d57d26d6620c816cf5210c19577894792b92b4c6476703ed65580d735
477,images/477.png,rfmid,,,b2d526803eff6201,0,0,1,1,0,0,0,0,0,0,0,0,0,0,0,0,0,0,0,0,fc5fcb79b7694755534bff70a7f72f110242f5feda147b189e2c0e02840beb1d
478,images/478.png,rfmid,,,9c207a631165d46f,1,0,1,0,0,0,0,0,0,0,0,0,0,0,0,0,0,0,0,0,9a9ad5e6fe40d83ba56158dc085888771de929f8cae9f1c358ae110e2a906cdc
479,images/479.png,rfmid,,,441073a410773420,1,0,0,0,0,0,0,0,0,0,0,0,0,0,0,0,0,0,0,0,2f97239e06a0d8e2473bec0dd6153e393a9d72c650b8b42862e1414e2aab963a
48,images/48.png,rfmid,,,eaab3c1c18b16e19,0,0,1,1,0,0,0,1,0,0,0,0,0,0,0,0,0,0,0,0,a6024b1ced866f4b16703b319bec10cda1577be5d66464e0d70f5790aa14c90c
480,images/480.png,rfmid,,,d9d9c1e14fbba539,0,0,0,1,0,0,0,0,0,0,0,0,0,0,0,0,0,0,0,0,40be765a09bc7cc00f006c7e3ce75693f35d15ab2c528dfb406d2a126534791e
482,images/482.png,rfmid,,,f77bf54efb8c166a,0,1,0,0,0,0,0,0,0,0,0,0,0,0,0,0,0,0,0,0,77810dd96bb6a9e4a0154c248c2a00b92262e38277d47c470624d0d683432372
486,images/486.png,rfmid,,,ae12b1b32ff74fdd,1,0,0,0,0,0,0,0,0,0,0,0,0,0,1,0,0,0,0,0,b903d835820fdac39d389dc0d66e22c688b0a9aa3cabc1a0eddf42a0763d798f
487,images/487.png,rfmid,,,bee6257e994bb34e,1,0,0,0,0,0,0,0,0,0,0,0,0,0,1,0,0,0,0,0,f38222cfa0eec906d87482076292d9553060b04d32922197579edad3d4918356
489,images/489.png,rfmid,,,fccfeda5c77a3835,0,1,0,0,0,0,0,0,0,0,0,0,0,0,0,0,0,0,0,0,1109bec2c8c74d07110f259275b4f2635e6346d3a3f19dbe1e58fb204eac8536
49,images/49.png,rfmid,,,af288baffdfcf2fe,1,0,0,0,0,0,0,0,0,0,0,0,0,0,0,0,0,0,0,0,bdbd8f89ed1bdcd4aa12fd289637f5ed067ac241feb4d61af325d5a88444377e
492,images/492.png,rfmid,,,758585f2fce8924a,0,0,0,0,1,0,0,0,0,0,0,0,0,0,0,0,0,0,0,0,794a0dc97651ab7a2182f97aed41f5a1da811b80c47c91a33353d524ae0b59d2
493,images/493.png,rfmid,,,3897716e46e197ea,0,0,0,0,1,0,0,0,0,0,0,0,0,0,0,0,0,0,0,0,07728ddafad5db77cd3912de6189d380744ccc3495b8fd7af84e5a9effb7e956
496,images/496.png,rfmid,,,38fd75f490dc0e4c,1,0,0,0,0,0,0,0,0,0,0,0,0,0,1,0,0,0,0,1,2f1c0c934f38fd83bfbfd1454a70f1c2859687b3e15495f84b068221cfb132fa
497,images/497.png,rfmid,,,285b9a027070b694,1,0,0,0,0,0,0,0,0,0,0,0,0,0,1,0,0,0,0,1,ef6651896aed5121d1bb1cab4bca635ae557346053ffaf1c422ab860a16bfea5
498,images/498.png,rfmid,,,3fa133082647cb15,0,1,0,0,0,0,0,0,0,0,0,0,0,0,0,0,0,0,0,0,e7ecf2f46c8cbd4e4d35c2e2a8998674c01fde572f95122d12e360e9d233634d
499,images/499.png,rfmid,,,e794ca4e809c186d,0,0,0,1,0,0,0,0,0,0,0,0,0,0,0,0,0,0,0,0,76e7b6b8757b6ae5b978ec1dab81ef4392e61ce2a27dba646e88d8747237b392
5,images/5.png,rfmid,,,fcd1bcfac225f82a,1,0,0,0,0,0,0,0,0,0,0,0,0,0,1,0,0,0,0,0,e8a3449cfcb601b9dccda48253e8ad49d1ff7e39ec0523c04ec7b9f93b646758
50,images/50.png,rfmid,,,bf449ef388fc4da5,1,0,0,0,0,0,0,0,0,0,0,0,0,0,0,0,0,0,0,0,d883db7f9e06d6bfb8de61159d69e7b132338f3cbe90ce5c66c33c5dd8097fd2
500,images/500.png,rfmid,,,05b4a871d55a2bc0,0,0,1,0,0,0,0,0,0,0,0,0,0,0,0,0,0,0,0,1,ea6eaba805ec6513ae5a214937e028056c96d8d71b221477f343c7bf4387ff39
508,images/508.png,rfmid,,,700ad2ebce79c54e,0,0,0,0,1,0,0,0,0,0,0,0,0,0,0,0,0,0,0,0,d3e7492972ac263db7a6a6fc2ee6f708dad7a4ed2789a2b612fc3bd470998ecd
51,images/51.png,rfmid,,,e77ec4c672e998e2,0,0,0,0,1,0,0,0,0,0,0,0,0,0,0,0,0,0,0,0,9591f7152868da24db8e06627462f892701693639017705b6d7be74eb27625cc
515,images/515.png,rfmid,,,e9589a2d39973a39,0,0,0,1,0,1,0,0,0,0,0,0,0,0,0,0,0,0,0,0,5c9a2605f817cd4d5eb343995ffa3b5d13aca9e4860a20c690d1f5d132181644
519,images/519.png,rfmid,,,4e2de56af124ee60,0,0,0,0,1,1,1,0,0,0,0,0,0,0,0,0,0,0,0,0,216ed2144c81a6df66e6b7f14e71360ebc66388577f24e7ceb98c7d61b81638d
52,images/52.png,rfmid,,,d93566e145dcb1b0,0,0,0,1,1,0,0,0,0,0,0,0,0,0,0,0,0,0,0,0,920d72c65f9f3a519f1185b5ace976da137fce3ee2ce0c07e2cd7919ef0a2e71
522,images/522.png,rfmid,,,c0be6e341fc34071,0,0,0,1,0,0,0,0,0,0,0,0,0,0,0,0,0,0,0,0,74087ccb8955bf2128f7f8e78b5bd615378821f8848600788f09f08a4dd409eb
523,images/523.png,rfmid,,,24699e3f46a3e505,1,0,0,0,0,0,0,0,0,0,0,0,0,0,0,0,0,0,0,0,43194eed5a1dead4d8cd7536edfded0673d1b9698d58ad375489239da4829665
524,images/524.png,rfmid,,,71b8cd6a76370070,0,0,1,0,0,0,0,0,0,0,0,0,0,0,0,0,0,0,0,0,eb5412e54e3b911cd6b8c5029ed484987236f5eca8a4c54ff575f81b10558059
527,images/527.png,rfmid,,49156941389c,b7f6a2d13426f46c,1,0,0,0,0,0,0,0,0,0,0,0,0,0,0,0,0,0,0,0,30fcabd6247079a0b899288caab80bb4f59c4e5e161fdcaaa13797775bf5b9cc
529,images/529.png,rfmid,,,62054c96fd3f0e55,0,1,0,0,0,0,0,0,0,0,0,0,0,0,0,0,0,0,0,0,fb84c8ca732718e917a7323799ff843e9f4b18cc3211f6fde73d5d6ecffa4e3c
53,images/53.png,rfmid,,,dcf25f022831ebde,0,0,1,0,0,0,0,0,0,0,0,0,0,0,0,1,0,0,0,0,4f30889fc6a7a6076449e2f690ce2e960e33bdd41037a8d0f97b7442a55781e6
530,images/530.png,rfmid,,,d024d5fc995a107b,0,1,0,0,0,0,0,0,0,0,0,0,0,0,0,0,0,0,0,0,5a2cd0deaa0313dd96a36772d46afbabb84b74e2b28bf74e93ea2dcb7a4ee727
531,images/531.png,rfmid,,,62007fba1175b29f,0,1,0,0,0,0,0,0,0,0,0,0,0,0,0,0,0,0,0,0,dc5d189f5cc4ed52f036b0fe2494a3e3f481cefaa435335bfbeed06f44d387b3
532,images/532.png,rfmid,,,fad929be4a8e79c9,0,0,1,0,0,1,0,0,0,0,0,0,0,0,0,0,0,0,0,0,71e903d195d9c2ffa81fb9e0f40200d46176c5cabf879e87c95c16d34dfb9d7c
533,images/533.png,rfmid,,,bff13ad91282195a,0,0,0,1,0,1,0,0,0,0,0,0,0,0,0,0,0,0,0,0,f921f10d26a9372297809f4938013b83c6f74494d0186eeb1a9564d4e2bf27d9
536,images/536.png,rfmid,,,5b83e951f80eae7f,0,1,0,0,0,0,0,0,0,0,0,0,0,0,0,0,0,0,0,0,cc32f893073c02eb325cbd96f548d86d8b639d4857576f615536c5be1e2fdb97
537,images/537.png,rfmid,,,8f20108f618e8d32,0,1,0,0,0,0,0,0,0,0,0,0,0,0,0,0,0,0,0,0,0bfc65c558339a120ea1ed184b4bc22040ac6532c9ee3e65e6c9d25010535be0
538,images/538.png,rfmid,,,ed1f9c17eea9a376,1,0,0,0,0,0,0,0,0,0,0,0,0,0,0,0,0,0,0,0,90f8865fd47cbd15e2b4a2617ae89f492e2d276c79e365f9ba445f08aa1bb0dc
539,images/539.png,rfmid,,d50581c4a59d,9811d8c237b09311,1,0,0,0,0,0,0,0,0,0,0,0,0,0,0,0,0,0,0,0,4471a3e8969c15d30d7c89bb2b2aec16bd468bf2937837c2acd66a5c5e156427
54,images/54.png,rfmid,,,b64b2f88fb78cb48,0,0,1,0,0,0,0,0,0,0,0,0,0,0,0,0,0,0,0,0,2c0748dc323f1f0ef63a8c3591b516850aef646b4db8fbdde2e48d4906230aa0
540,images/540.png,rfmid,,,b877e1807447b35d,1,0,0,0,0,0,0,0,0,0,0,0,0,0,0,0,0,0,0,0,9f78e817512efe67d0b6ff803147996f0f55ab8ef95eb8e656cea1c83bdb6f1a
541,images/541.png,rfmid,,,97c614809064387f,1,0,0,0,0,0,0,0,0,0,0,0,0,0,0,0,0,0,0,0,866b45aef59c20062f39c0730ee847f1a122052fef935aa2bbd025e08a9ed5c9
542,images/542.png,rfmid,,,21555f1b10cfdf58,0,0,1,0,0,0,1,1,0,0,0,0,0,0,0,0,0,0,0,0,ebbee2adfc3215a094b3a6f282ed02e77e6f3e1bfe1e087738a322d5e8653a30
548,images/548.png,rfmid,,,e36fa49cb2c708cd,0,0,1,0,0,1,0,0,0,0,0,0,0,0,0,0,0,0,0,0,4b613c4dc02e52ce81b923efa4dd622f5ea8f5e0fbcc8b020e785815baaebf95
550,images/550.png,rfmid,,,a8319e2621d0adf0,0,0,0,1,0,0,0,0,0,0,0,0,0,0,0,0,0,0,0,0,c9595b4d0dd38d971a994964a7fa06864f374412005e4099e9ff97da4b059cdb
551,images/551.png,rfmid,,,214ea55d5efa40aa,0,0,0,1,0,0,0,0,0,0,0,0,0,0,0,0,0,0,0,0,3aa22179e85b1705584430ad71907513311b0f90eb21758bc4a809ff178769a6
553,images/553.png,rfmid,,,9bf90594b861c517,0,1,0,0,0,0,0,0,0,0,0,0,0,0,0,0,0,0,0,0,b8af87bf0a17a1c863ae82a8d5e9f095ce6607725d4a805500ae46c1e6abf823
554,images/554.png,rfmid,,,44a9926bd4668e42,0,0,1,0,0,0,0,0,0,0,0,0,0,0,0,0,0,0,0,0,fd3e5aff2eda7f47855065bfbce73bb245ca0fd41a06e81c424a74ff20c88edb
555,images/555.png,rfmid,,,65193f8ebe505aac,0,0,1,0,0,0,0,0,0,0,0,0,0,0,0,0,0,0,0,0,f57b1ba79804065c1477749fc30991c6449e2e463b713cfaa0ac905ea33c52da
556,images/556.png,rfmid,,,3dfd6db5d2a679e1,1,0,0,0,0,1,0,0,0,0,0,0,0,0,0,0,0,0,0,0,cf1aee8963ca5aa466bab9189d43b9899e251aff2f9cbf96da9c7be3736d47a7
557,images/557.png,rfmid,,,f8dc5e8710953f99,1,0,0,0,0,1,0,0,0,0,0,0,0,0,0,0,0,0,0,0,3b3705c18514089bef3d51f12dfd8c30c3e742438dfbb84c80c71da14929a15d
560,images/560.png,rfmid,,,0a426e75b3380d49,1,0,0,0,0,0,0,0,0,1,0,0,0,0,0,0,0,0,0,0,f891bb469cc9fccd12e7b60f7ac62f00df424d05bf3d8bf89deb147a53c28b02
561,images/561.png,rfmid,,,41351700862697b6,1,0,0,0,0,0,0,0,0,0,0,0,0,0,0,0,0,0,0,0,b5a3acd6c35bed51030ae52d9739dc2e4102e1d07fbc044b11d3b990ea1d8077
562,images/562.png,rfmid,,,3aa03bf33d467e8b,0,0,1,0,0,0,1,0,0,0,0,0,0,0,0,0,0,0,0,0,d4272b31ec6f869b3906566cabef894eeb17aed5106bfcf6e983172e45ba7969
563,images/563.png,rfmid,,,d4c050f6aa88a3f8,0,0,0,0,1,0,0,0,0,0,0,0,0,0,0,0,0,0,0,0,c3a526ea1ff8ed5c89f8926d9c8b99053339bd59cd61c64b5041b695ec3ffa9b
567,images/567.png,rfmid,,,bc663ca9320e0e3d,0,0,1,0,0,1,0,0,0,0,0,0,0,0,0,0,0,0,0,0,6b9370156a159a06ee3e2f042d310c6216d97276e3626118ca05c19b6b6a6fd4
568,images/568.png,rfmid,,,c7b8bcd57a87fc9f,0,0,1,0,0,1,0,0,0,0,0,0,0,0,0,0,0,0,0,0,b82b70c9acc35c974ab98a644b017c2a9e14c6b9882c7053bfe895be2a908648
569,images/569.png,rfmid,,,feae14d9eaf1326c,0,1,0,0,0,0,0,0,0,0,0,0,0,0,0,0,0,0,0,0,b9ceea6420a54540d792a4b9467983c9e3248d8e9a564ea43f659e58a3a1b1df
571,images/571.png,rfmid,,,09d5267d9c90392a,0,0,1,0,0,0,0,1,0,0,0,0,0,0,0,0,0,0,0,0,797b6d84ea2d225680bc3d02a66aada2341509af3bb8ea48122c5d277137f207
572,images/572.png,rfmid,,,4f715b61058507e4,0,0,1,0,0,1,0,0,0,0,0,0,0,0,0,0,0,0,0,0,df085ad99879fb836a3d35becfccf346477c7610dbf9e6c79eccf6a2b724b963
573,images/573.png,rfmid,,,01728fc1d8a5f627,0,0,1,0,0,1,0,0,0,0,0,0,0,0,0,0,0,0,0,0,da6e05111e32adb7a6769bbb3c37d0ef53ffef5a5648d7d360e080a9ef0fb148
574,images/574.png,rfmid,,,fa0c056ebc6694c4,0,0,0,0,1,0,0,0,0,0,0,0,0,0,0,0,0,0,0,0,65387a7f99b94448c94ff1750654ae223ad6c90f4d941bb5862cb8b403bb9b21
578,images/578.png,rfmid,,,e2f4d86b9dc42663,0,1,0,0,0,0,0,0,0,0,0,0,0,0,0,0,0,0,0,0,d52e11b8edff18532045f0c383123def1fdb51df13bd472e628c546eeb8cb9b4
579,images/579.png,rfmid,,,2f22d52237595dff,0,1,0,0,0,0,0,0,0,0,0,0,0,0,0,0,0,0,0,0,57cffff3fda716795fefa67c37e69c31b30629010a91e8696c845402eada03eb
581,images/581.png,rfmid,,,1ef4e1e382475c46,0,0,0,0,1,0,0,0,0,0,0,0,0,0,0,0,0,0,0,0,ce872af9730c395179cec4c6479698cba40edb13f9da0ee1f23ef247d994e79f
582,images/582.png,rfmid,,,3e70270e13cbc6e9,0,1,0,0,0,0,0,0,0,0,0,0,0,0,0,0,0,0,0,0,3182b4e681acbe4a247d0e5bc7d6146fb7239caec66e98f04a5b1f212bd62212
583,images/583.png,rfmid,,,7af51a1cec93dd6d,1,0,0,0,0,0,0,0,0,1,0,0,0,0,0,0,0,0,0,0,c75d1051551fbc7fe32752910ef19283deda28789097a4a66f9ac4c967580ad5
584,images/584.png,rfmid,,,1d49840c62cb3312,1,0,0,0,0,0,0,0,0,0,0,0,0,0,0,0,0,0,0,0,5d42e6cbf7b0b70b8e6f454a6a338b5a49e828b785bd68604c60fa9aa36a0fc1
585,images/585.png,rfmid,,,ea745b8a4edf0317,1,0,0,0,0,0,0,0,0,0,0,0,0,0,0,0,0,0,0,0,e4fbbd1e22469aa26b08e97594dab377a28971981e1ecae0747384d480d7affd
586,images/586.png,rfmid,,,ef12247e1014472c,1,0,0,0,0,0,0,0,0,0,0,0,0,0,0,0,0,0,0,0,0e1c51704b2028dafa52f71ca70431d99561c434e0954075454bd4e960b42497
59,images/59.png,rfmid,,,7bbfedcf7974df37,1,0,0,0,0,0,0,0,0,0,0,0,0,0,1,0,0,0,0,0,a012c3b20f205f73f347e6272ae1d52cbf3125c6c81ba54108a52f2f77475288
590,images/590.png,rfmid,,,3b62b117b99eaf30,1,0,0,0,0,0,0,0,0,0,0,0,0,0,0,0,0,0,0,0,9b523e4c8ad63c678216382c136b1c6c84485ba9b4b0accd1af8e34de1aa20c5
591,images/591.png,rfmid,,,99e2201a150c915c,1,0,0,0,0,0,0,0,0,0,0,0,0,0,0,0,0,0,0,0,28ba007881a746a5a8bbbb60775114c78f10850007bc2c56616a633a8973a998
593,images/593.png,rfmid,,,5768c50d83ad6572,0,1,0,0,0,0,0,0,0,0,0,0,0,0,0,0,0,0,0,0,a8a745416fa24dc9e3b6974b766bf6b9b648b8f91cd7ef2a2c90cdcef1b47b58
594,images/594.png,rfmid,,,d2988006aba9fbea,0,1,0,0,0,0,0,0,0,0,0,0,0,0,0,0,0,0,0,0,5fc5f4174c1bcf9b66e7000cb742fd327cddc1210f8ac491c0d0dab072797608
595,images/595.png,rfmid,,,4bd2c235cf9db9d1,1,0,0,0,0,0,0,0,0,0,0,0,0,0,0,0,0,0,0,0,b724ad95a414178bc3abae7decefe3bddfc14edbcb6c7d7d91b61952f8046acf
596,images/596.png,rfmid,,,77a039414ed7c34f,1,0,0,0,0,0,0,0,0,0,0,0,0,0,0,0,0,0,0,0,df882ada378aae6098c62aa2b7f8cc8a28be0c366a5b4cc9d8f563b3f2cb6da0
598,images/598.png,rfmid,,,a0d6e8dd9a1903fd,0,1,0,0,0,0,0,0,0,0,0,0,0,0,0,0,0,0,0,0,0b2cc71e374c9709ea142cb031c470d7e036cbe180338e620976e5f27c29321a
599,images/599.png,rfmid,,,68e887760ae1328e,0,0,1,0,0,0,0,0,0,0,0,0,0,0,0,0,0,0,0,1,ac2b7e7de10d6a2b1ccc3761b547e2aa5565ca17bcb462a5d4fec1e17465958f
601,images/601.png,rfmid,,,6c6856d9be82493d,0,1,0,0,0,0,0,0,0,0,0,0,0,0,0,0,0,0,0,0,467dd426cd106ea47ed72ce1458d0c5187f6e843371a18ba63ddbac9ffacf639
603,images/603.png,rfmid,,,9f014c6de2e64bfb,0,0,1,0,0,0,0,0,0,0,0,0,0,0,0,0,0,0,0,1,50dd6626d579012c41a843aa373125430a5a83041904c3c1fe4e7305c48caddc
604,images/604.png,rfmid,,,3ba11c1ead78a665,0,0,1,0,0,0,0,0,0,0,0,0,0,0,0,0,0,0,0,1,abf06537ab9c08255a991a435f86c87e73221469c0caa0432692768a767f33e8
605,images/605.png,rfmid,,,77e1bc9aa94ecfcb,0,1,0,0,0,0,0,0,0,0,0,0,0,0,0,0,0,0,0,0,538adb5fb4d800d1ba36fa1d77013ebc1fa318dfcab3be384cd56c66022c040d
607,images/607.png,rfmid,,,7810593fa2ad1709,0,0,1,1,0,1,0,0,0,0,0,0,0,0,0,0,0,0,0,0,8c90d84321238b21dd2984e7aca524248c60402b632ee63043b694f17fb34418
608,images/608.png,rfmid,,,89dda62e786c31bd,0,0,1,1,0,0,0,0,0,0,0,0,0,0,0,0,0,0,0,0,01cf92b14d8f0442cfec3a3edd13fca137031056c9065aba5242f58da1601dcb
61,images/61.png,rfmid,,,1e743d7c3e83c757,1,0,0,0,0,0,0,0,0,0,0,0,0,0,0,0,0,0,0,0,8029ed8ab1015084673ac96a933f114ac93976558f93a06536d3c4738a7d9236
613,images/613.png,rfmid,,,5613b975d6ddbf04,1,0,0,0,0,0,0,0,0,0,0,0,0,0,0,0,0,0,0,0,7b69522adb8a6cf35fece746625854c049c3bbbd502c5b51213539b81bff0f35
614,images/614.png,rfmid,,,015759ec9b081103,1,0,0,0,0,0,0,0,0,0,0,0,0,0,0,0,0,0,0,0,5bca5f9a9d6a9bb53b07f2e56009dbf009a67b6ee7de0370a77ccc40e3afe392
615,images/615.png,rfmid,,,5fcea06516571dc1,1,0,0,0,0,0,0,0,0,0,0,0,0,0,0,0,0,0,0,0,e289ff272e96a70a09674edf285f7900baf865598d6b2b8a5d2ee4ddbe894136
616,images/616.png,rfmid,,,c17b39f0a8aaa7c5,1,0,0,0,0,0,0,0,0,0,0,0,0,0,0,0,0,0,0,0,26cce6ca1fa792e94ab55ddf722529d9287a0b5918c92314a6072fa7c360fed7
617,images/617.png,rfmid,,,d5ebd2816958aa44,0,1,0,0,0,0,0,0,0,0,0,0,0,0,0,0,0,0,0,0,a10496d8262dbbaac5e4daadd264cfd951554fa863cfe7d59bf8c0a71a4a0468
618,images/618.png,rfmid,,,6dea9a8e4659ad37,0,0,0,0,1,1,0,0,0,0,0,0,0,0,0,0,0,0,0,0,b073770d6a6102915f32dff6dff1327bd96a4037e60bf488140e35bc34ce9c79
62,images/62.png,rfmid,,,eb28aec2e6d222f3,1,0,0,0,0,0,0,0,0,0,0,0,0,0,0,0,0,0,0,0,8878dca659a6d5b7023115a9f98f23dc8c9a420b94ac179fc5a5c6e08792c95b
622,images/622.png,rfmid,,,92eed44f65e9eff2,0,0,1,1,0,1,0,0,0,0,0,0,0,0,0,0,0,0,0,0,d23d3dbdf253a32710b31c4624956ee955f797ccd5b7c16ecfa56e312ad46472
624,images/624.png,rfmid,,,e98f28b7ac181a50,1,0,0,0,0,0,0,0,0,0,0,0,0,0,1,0,0,0,0,0,77b20f3d2e70e7eef7a39943d39f1e47eba27720ff0f6606aadba2d0ee7767b7
625,images/625.png,rfmid,,,bb650d46c386db6e,1,0,1,0,0,0,0,0,0,0,0,0,0,0,1,0,0,0,0,0,7bf46cb13d788a213c953465d3431e8c4447ce4e8bd0522e162a5278b2e126ac
626,images/626.png,rfmid,,,90dc2424f56ecd57,0,0,0,0,1,0,0,0,0,0,0,0,0,0,0,0,0,0,0,0,09e4754f5858c1b0784755b97e8cf7147c2dc668394b93dc62ca67164188bdff
628,images/628.png,rfmid,,,38d2657870173eed,0,0,1,0,0,0,1,1,0,0,0,0,0,0,0,0,0,0,0,0,611fa2b05c4a0dbfc1ba86dc1dcf47d5206681a5f00ac927a03d1bea248f13f3
63,images/63.png,rfmid,,,1d34c7b0493dc35c,0,0,0,1,0,0,0,0,0,0,0,0,0,0,0,0,0,0,0,0,8a92a72b4ecda8d80256d953ff8e8fbde6e81178281fdbc45a7be1c929b17605
633,images/633.png,rfmid,,,58b312e273e137a1,1,0,0,0,0,0,0,0,0,1,0,0,0,0,1,0,0,0,0,0,5597faf64277bff7303e1efacf389fc150d63ae6ac15ec2cfdd3b3b4e7a1db03
634,images/634.png,rfmid,,,43b86a65b0dd7daa,0,0,1,1,0,1,0,0,0,0,0,0,0,0,0,0,0,0,0,0,5c3c122fca21da8c52ee9ca572aec9574810a088f8337eb78ac6212cf6b167ad
635,images/635.png,rfmid,,,49044db722355ad2,0,0,1,1,0,1,0,0,0,0,0,0,0,0,0,0,0,0,0,0,a2e8edeb1df43bb5829a03cd4789addf79e510a2148185c9349fdf2871787fc1
636,images/636.png,rfmid,,,f850c48e51e6d315,0,0,1,0,0,1,0,0,0,0,0,0,0,0,0,0,0,0,0,0,f710ef1cc6841770e74e830313d3c380a92c911d5ea7cddbc95978b2417b68f0
637,images/637.png,rfmid,,,baad7640a858768e,0,0,1,0,0,0,0,0,0,0,0,0,0,0,0,0,0,0,0,0,0b05f1e238f31ab5c795e5127f3ecb7ad0a282fa850622ee32269b5b9be5cbe5
639,images/639.png,rfmid,,,ce40d4869c15c10f,0,0,1,0,0,1,0,0,0,0,0,0,0,0,0,0,0,0,0,0,63d263128b0f0b273cfeaf6dc3f5bedf6fd419d6150ac630ea6d6793ed5f7803
64,images/64.png,rfmid,,49156941389c,b7f6a2d13426f46c,1,0,0,0,0,0,0,0,0,0,0,0,0,0,0,0,0,0,0,0,76bba55ceac37bd4435cc2b42f97db8ae00b7524bf2d5379f57020908ee0b6c4
640,images/640.png,rfmid,,,85f231a1b80608cc,0,0,0,1,0,0,0,0,0,0,0,0,0,0,0,0,0,0,0,0,1ed066cfb39b0d067cac190b7bd4ad3ececf8833bc2a8e70a89acbfb9a13a4af
641,images/641.png,rfmid,,,f4996c0ef053fe2b,0,1,0,0,0,0,0,0,0,0,0,0,0,0,0,0,0,0,0,0,ba2bf0c120a2a73937c7a19be635df0114b8be7045f664de2751b6ddf7ebd845
642,images/642.png,rfmid,,,c510a354f4bbad32,0,1,0,0,0,0,0,0,0,0,0,0,0,0,0,0,0,0,0,0,b6c40b1999b81d46ac284955b8da57e0dc1dbb5f38cb2bcc4799f42234221361
645,images/645.png,rfmid,,,da1766c91d83530a,0,0,1,0,0,0,0,0,0,0,0,0,0,0,0,0,0,0,0,0,da87eb0e44190abdaf3de2d8eef4918bec464f4adf297b0d8c2af54fc2c3f740
646,images/646.png,rfmid,,,e58631ad03fd4683,0,0,0,1,0,1,0,0,0,0,0,0,0,0,0,0,0,0,0,0,f41058e98dfaac1c9cd282a1fb12b5394ce9927c9bdc20e6b1928cc591af6f70
647,images/647.png,rfmid,,,e42fe1f2ac16cfee,0,0,0,1,0,1,0,0,0,0,0,0,0,0,0,0,0,0,0,0,4967dc1938c4fddd1fbb65f728390b511a7c583bcc2b0cb5cb88c1213507eabf
649,images/649.png,rfmid,,,2eba81d692149428,0,1,0,0,0,0,0,0,0,0,0,0,0,0,0,0,0,0,0,0,7923ac66c2623260a5053e2719e39311e8787141bdc383f67090233b8c44a55f
65,images/65.png,rfmid,,,fd76e73ea0839940,0,0,1,0,0,0,0,0,0,0,0,0,0,0,0,0,0,0,0,0,2fb502b5d7fc3b015f694a22d7467b140b25a8d5c04497ce31d6c5c5b691c629
651,images/651.png,rfmid,,,9d200fb7ee7f1484,0,1,0,0,0,0,0,0,0,0,0,0,0,0,0,0,0,0,0,0,6e32842e02a5992eeb52273c72c6917816f8db19ef3666459771ffffb071592d
652,images/652.png,rfmid,,,75de0847df195f71,0,0,1,0,0,1,0,0,0,0,0,0,0,0,0,0,0,0,0,0,a018f6d8a5a0057ec5a1b4babeb3eb13d63d7ce06037ea2011985f4cbaec829f
653,images/653.png,rfmid,,,ad15ff21cadbae37,0,0,1,0,0,1,0,0,0,0,0,0,0,0,0,0,0,0,0,0,eb6410ce0f5adb056081bb80b654196464149796566da108649a2677e818a404
654,images/654.png,rfmid,,,020084686f229b7c,0,0,0,0,1,0,0,0,0,0,0,0,0,0,0,0,0,0,0,0,58918ccf05dc6c4a4bad0befb91397d4aba08eb0dcaadf5f814dd38f67e68ef9
656,images/656.png,rfmid,,,cdcba1b7cca9c9f2,0,0,0,1,0,0,0,0,0,0,0,0,0,0,0,0,0,0,1,0,d2e6bf441e8eea6018ae9bb1fae07550494bc9e1d5a85d7e3c7b4edc7ac8292b
658,images/658.png,rfmid,,,adbe605db4fb4af3,1,0,0,0,0,0,0,0,0,0,0,0,0,0,0,0,0,0,0,0,817a3b0919bf72cb57f1a19d8e2a10f1dc94ba16d149522c4c5eb357ccd72370
659,images/659.png,rfmid,,,2929f8a32d177c58,1,0,0,0,0,0,0,0,0,0,0,0,0,0,0,0,0,0,0,0,efec43e0de88f2c7871da942de284a2c16884e7d41c557c4ea88f55e1813bee6
66,images/66.png,rfmid,,,e20ae67e386dc74f,0,0,1,0,0,0,0,0,0,0,0,0,0,0,0,0,0,0,0,0,23c419835f42e986f0380bbf9c7e29145f2ab1f703416804985e75f369780029
662,images/662.png,rfmid,,,5f6a35f5f8737208,0,0,1,0,0,0,0,0,0,0,0,0,0,0,0,0,0,0,0,0,bd49394129253408d8118deabfe7494a0fd02ea55baa343a9924f74b162322cd
663,images/663.png,rfmid,,,b71201a1771eb239,0,0,1,1,0,0,0,0,0,0,0,0,0,0,0,0,0,0,0,0,08faf4224f9c6729ed76c4e841847cd9706f34b56f467e161b024cf4471b1db9
664,images/664.png,rfmid,,,1774c893868ec4a9,0,0,1,0,0,0,0,0,0,0,0,0,0,0,0,0,0,0,0,0,b64f0fa38eead37febd4b27ace13fd3122a0e49752fdc8eee85bfeb2873f5321
666,images/666.png,rfmid,,,5b4e45e3aee1dfa8,0,1,0,0,0,0,0,0,0,0,0,0,0,0,0,0,0,0,0,0,0c0b76b4f570e59832ae0def21a1190400031c92b36d2058ddd12a162abedc2f
667,images/667.png,rfmid,,,40b068afe6380b1f,0,0,1,0,1,0,0,0,0,0,0,0,0,0,0,0,0,0,0,0,d948fa7b01ea2c4cf3a8bf536cb21a14185d7b33fc1d04cfe494975335711fad
668,images/668.png,rfmid,,,36c654c0e0ba17a4,0,0,0,1,0,0,0,0,0,0,0,0,0,0,0,0,0,0,0,0,348483e444d4038679e34db893f35c8869c960866190f5993ca3a01d726ed184
669,images/669.png,rfmid,,,d0a8d2057ad7a5c7,0,0,0,1,0,0,0,0,0,0,0,0,0,0,0,0,0,0,0,0,69dd28890c3b549dc0570e29098146c3cba47f95c907a8378e246fd8f9063be5
67,images/67.png,rfmid,,,5f55215b71c8af6e,0,0,1,0,1,0,0,0,0,0,0,0,0,0,0,0,0,0,0,0,03120b7fb3b00d4e03d40b7b2106c367cc4be9cbea09bf18efe6816821e4518f
673,images/673.png,rfmid,,,5a26b14301ff2105,0,0,1,0,0,0,0,0,0,0,0,0,0,0,0,0,0,0,0,0,1da2577ed20098cb95d6455ce647ea59bc3c9b1df74ac96abe5d49daf6e13579
674,images/674.png,rfmid,,,c43987483b6a4864,0,0,1,0,0,0,0,0,0,0,0,0,0,0,0,0,0,0,0,0,9d4ead4947d4cf2434281dd777385774089e055bc5c5439d6b0fec9817801113
675,images/675.png,rfmid,,,0a762e028a28edad,0,0,0,1,0,0,0,0,0,0,0,0,0,0,0,0,0,0,0,0,d3f295f0ec3827cee0ebaf9ec87506d0c5d91239560254a549d02e4e5a27c410
676,images/676.png,rfmid,,,62f336f71125a430,0,0,1,0,0,0,0,0,0,0,0,0,0,0,0,0,0,0,0,0,9944d66794cc7f6d9f0071df272ec4de370bd577610ffdd0e8d1f1be2e5ca644
677,images/677.png,rfmid,,,7a406711a9cef8cc,0,0,1,0,0,0,0,0,0,0,0,0,0,0,0,0,0,0,0,0,62f352c289ab5978e591deba4bed9f104facc151af2c2cee85f0aaf0d7232f57
678,images/678.png,rfmid,,,fd187eb5025b7f38,0,0,1,0,0,0,0,0,0,0,0,0,0,0,0,0,0,0,0,0,399fc2cbd393212327f3cbea2901afcb6da5d8977687d06fd7f5741cdc338620
679,images/679.png,rfmid,,,35cbe0751f27d62d,0,0,1,0,0,0,0,0,0,0,0,0,0,0,0,0,0,0,0,0,00bc88a83a20119c48ebac5f84c874b670d7ca4e0f29e997ff2aa9df3dfcadcf
68,images/68.png,rfmid,,,c668f7081081145d,0,1,0,0,0,0,0,0,0,0,0,0,0,0,0,0,0,0,0,0,6cd36aac9300f3f63821319ff83b9c40b385fbeee417af8a62a75c9dd5647ea2
680,images/680.png,rfmid,,,a9dfd6f03b9ccaae,0,1,0,0,0,0,0,0,0,0,0,0,0,0,0,0,0,0,0,0,ff43df95c86475110d16ad064cb22b52d8c19643aea4f9941ee0d2176c2c1627
681,images/681.png,rfmid,,,1ac4d88fc1bb24f4,0,0,0,1,0,0,0,0,0,0,0,0,0,0,0,0,0,0,0,0,d33c87e0e53eeb56ea0d74506ae73077180428a923f99f13c5ef304d152569c5
682,images/682.png,rfmid,,,4a2b8f14c21330de,0,0,0,1,0,0,0,0,0,0,0,0,0,0,0,0,0,0,0,0,794e911a22f047e6f3822c06baa4b27d7669873bc56d08b73ce43cad0f5cafc8
683,images/683.png,rfmid,,,7f5ba265dcb2b4d6,0,0,1,0,0,0,0,0,1,0,0,0,0,0,0,0,0,0,0,0,bf179ae5b1180cbe8dfb72f595f5f726aba445b003aceb268052e9434cdcaed4
684,images/684.png,rfmid,,,29287306c70172ff,0,1,0,0,0,0,0,0,0,0,0,0,0,0,0,0,0,0,0,0,96f5b593289181e00636e1c346c29ea6150c2cc14288bd61e33c7304ea943d6f
685,images/685.png,rfmid,,,9500e9770d3d1bda,0,0,0,1,0,0,0,0,0,0,0,0,0,0,0,0,0,0,0,0,0e8bb2534b29383b5158f6c10673199056e4cac8c4c5ec76f7e5cd624f2d05ad
686,images/686.png,rfmid,,,5db7a43db9a7ed2e,0,0,0,1,0,0,0,0,0,0,0,0,0,0,0,0,0,0,0,0,14fb52eb617bd672baefff254b49358729c871eb12c64bf95cc5f5e1aad80252
687,images/687.png,rfmid,,,7d72730185bfca40,0,0,0,0,1,0,0,0,0,0,0,0,0,0,0,0,0,0,0,0,4b4492ac479718dc895b3284d58a7e8dadad42342693bd5939bf21135e1677f1
69,images/69.png,rfmid,,,a89d2d2d23faa84e,0,0,1,0,0,0,0,0,0,0,0,0,0,0,0,0,0,0,0,0,992dc9f2f7249f80e94050e5ddfc07e9258e254956801770a6c6e839284a6bb9
690,images/690.png,rfmid,,,ee26deed20a8217f,0,1,0,0,0,0,0,0,0,0,0,0,0,0,0,0,0,0,0,0,204fd38707f5cc7a437a769e0e84774dd6c1f0ba0cc120ea11a6a84a094801b1
692,images/692.png,rfmid,,,de070f49c076c653,0,1,0,0,0,0,0,0,0,0,0,0,0,0,0,0,0,0,0,0,12f8760ca5de0d1f678793d22c7c59b667a051b1a380186c635a16c84c699abe
693,images/693.png,rfmid,,,f65c24b26a35cb74,0,1,0,0,0,0,0,0,0,0,0,0,0,0,0,0,0,0,0,0,0b017336dbb02080baec1b5926c5aad1c3c03f69c1c9eb52ba43610e90018c59
695,images/695.png,rfmid,,,25d68efbd71ab40c,1,0,0,0,0,0,0,0,0,0,0,0,0,0,0,0,0,0,0,0,0de0502275ab37f1b8ebcfcb9431b3007c125532cd06f7545d56b7e902b26f61
698,images/698.png,rfmid,,,5a842af23f1ba842,0,0,0,0,1,0,0,0,0,0,0,0,0,0,0,0,0,0,0,0,9b2c12b5fe89cd86fc3ee4dac58982c37065e0640845e8259cb610802768a0d8
699,images/699.png,rfmid,,,c64dd016708d9873,0,0,1,0,0,1,0,0,0,0,0,0,0,0,0,0,0,0,0,0,a83c147cede62adf1d0bededf15b82ceaa3b6e5f4bbeee9e9dfad562dd171e95
70,images/70.png,rfmid,,,54e7b6d349ca4076,1,0,0,0,0,0,0,0,0,0,0,0,0,0,0,0,0,0,0,0,0cc1a24a524eb858652d3d07d8ba43296d0d15dabbec287ba862be58016f951b
700,images/700.png,rfmid,,,eb0d289448423b51,0,0,1,0,0,1,0,0,0,0,0,0,0,0,0,0,0,0,0,0,7f62b5e8df447e25557d331005ad88ddc4b73c9bf907e9af7bac66cc3df1df8d
701,images/701.png,rfmid,,,0780dd5e9277a033,0,1,0,0,0,0,0,0,0,0,0,0,0,0,0,0,0,0,0,0,ed4d6a01d988a072e3fdab92b81416851927020547d6c887a77afb06102f615b
703,images/703.png,rfmid,,,edc195518f94962f,0,0,1,0,0,0,0,0,0,0,0,0,0,0,0,0,0,0,0,0,66bbf0bef893fcf0e6792396efae2bd016463e68355fc10c22f78abd24fd0eed
704,images/704.png,rfmid,,,2efdaae1f7e5fc54,0,0,1,0,0,0,0,0,0,0,0,0,0,0,0,0,0,0,0,0,69ac6737f865f8a51695b0bf3fed9b2634f9d89f8c0662ad6f0d2e3852dd9043
705,images/705.png,rfmid,,,472ebeef84fd2f4b,1,0,0,0,0,0,0,0,0,0,0,0,0,0,0,0,0,0,0,0,1d57129b52174141249a86670d0b07fc5df357102bce5e770c2daebc4cc6a9f6
706,images/706.png,rfmid,,,d7531c1ef599c498,1,0,0,0,0,0,0,0,0,0,0,0,0,0,0,0,0,0,0,0,99ba10705362f3e7161d7f32515c69535f3f44955acdff301e356345611f1bf4
707,images/707.png,rfmid,,,60afc04d0f155d13,0,0,0,1,0,0,0,0,0,0,0,0,0,0,0,0,0,0,0,0,0aa8d960947a6bd23db8f20fec417d259dc0e9870b34baf2517501c1e7600d47
708,images/708.png,rfmid,,,efe22a9c180913c1,0,1,0,0,0,0,0,0,0,0,0,0,0,0,0,0,0,0,0,0,06ace2a5467acc7b3fa1a6ae8a657fe0e993ff3563e385f0bd352c14c66619a3
71,images/71.png,rfmid,,,bfcab254b59b51e3,1,0,0,0,0,0,0,0,0,0,0,0,0,0,0,0,0,0,0,0,dd45e46be0ce63e668389563ccc78c127a847150455f5aad3b6faf56d7e60245
710,images/710.png,rfmid,,,c972830051be7b22,1,0,0,0,0,0,0,0,0,0,0,0,0,0,0,0,0,0,0,1,479bf5bf4286d9b0d2649f6d26ae77654bf3c4770b062cf91f321124dbc68023
711,images/711.png,rfmid,,,c1b516f06d3179f8,1,0,1,1,0,0,0,0,0,0,0,0,0,0,0,0,0,0,0,0,20f7577a6ffcdef5b815e841ad7041fa346d6d9d79809218adc2c84a2e73749f
712,images/712.png,rfmid,,,807e4ee53b3fa39e,0,0,1,1,0,0,0,0,0,0,0,0,0,0,0,0,0,0,0,0,61cf5c3ecef697cf311ddcda0c40029b0b548d655762c31bc9af191d17fc7405
713,images/713.png,rfmid,,,3180c4fa46269cbe,0,0,1,1,0,0,0,0,0,0,0,0,0,0,0,0,0,0,0,0,2c48b4df643b2bc8e3b39a385bce6b22baec31f7a4d9d1bd5cb2c0010a6da8fd
715,images/715.png,rfmid,,,5fa6676569679e28,0,1,0,0,0,0,0,0,0,0,0,0,0,0,0,0,0,0,0,0,55f65af4fa600bbc9e900b67cee1834c070ba19a1c3a3d33715f2d07a6f5f9c1
718,images/718.png,rfmid,,,b9b7404b0eef7c97,0,0,0,1,0,0,0,0,0,0,0,0,0,0,0,0,0,0,0,1,5f3d17ce29e81f9bc9b8c43cb5fd2eef262ef972516a7f94ac099c5d068ddbe1
722,images/722.png,rfmid,,,44feea2317027bc3,0,0,0,1,0,0,0,0,0,0,0,0,0,0,0,0,0,0,0,0,69757ab2c512ffe01e77d8fdd4531625e9683abbb4c53ff423bbcecb5973b004
723,images/723.png,rfmid,,,46e628695819128e,0,0,1,0,0,0,0,0,0,0,0,0,0,0,0,0,0,0,0,0,53c3166a74b2cea9a7cadce6d8b78ddd18bb966b5b7054df19f13cdcf84d293f
724,images/724.png,rfmid,,,812a8172f615dc06,0,0,1,0,0,0,0,0,0,0,0,0,0,0,0,0,0,0,0,0,9fdf4f29295ec02efa0f3c2535aebe9b7edca005a929d2c7ac5a4f985361424c
725,images/725.png,rfmid,,,18a5cd1e5ffeb9d8,0,0,1,1,0,0,0,0,0,0,0,0,0,0,0,0,0,0,0,0,61853857ebf785ab79973a765574bb400b7c58aab9021bc5a7547773212fb56d
726,images/726.png,rfmid,,,e6e3ddab60135a86,0,0,1,0,0,0,0,0,0,0,0,0,0,0,0,0,0,0,0,0,b2a5615c1e1eeb86d7a9ae90dbd4aad5896650c112541321f8a9dd4d1bb6bfec
728,images/728.png,rfmid,,,8a7d674bedeb520a,0,1,0,0,0,0,0,0,0,0,0,0,0,0,0,0,0,0,0,0,b428617251c001c8d26aea64d567caf8fb5de02d7e9e125fcc14a84276d48347
729,images/729.png,rfmid,,,d74251cdbb66c498,0,0,0,1,0,0,0,0,0,0,0,0,0,0,0,0,0,0,0,0,fe1475dd3839c3873bb263cdc19d1d91ed318a0f50671f50b8ece212c186e4e7
730,images/730.png,rfmid,,,f5144c59547541d8,0,1,0,0,0,0,0,0,0,0,0,0,0,0,0,0,0,0,0,0,64dfb6e127c2a2ce50bde88deb70a77537f6e40dfe8b081edbf2ac9179f80442
732,images/732.png,rfmid,,,2e047fee98373d78,0,0,1,0,0,0,0,0,0,0,0,0,0,0,0,0,0,0,0,0,ad29652328d6a4a80cb7cec737fc4e48db4ee1cb6a7176ff1f062aa73ed64ffe
733,images/733.png,rfmid,,,3222d2befd44c64e,0,0,1,0,0,0,0,0,0,0,0,0,0,0,0,0,0,0,0,0,a2cfaaa8fbcb181c5f4f91994b21973d9e69965f996295120c5b477215bd9545
735,images/735.png,rfmid,,,89b560e888bc2a0e,0,1,0,0,0,0,0,0,0,0,0,0,0,0,0,0,0,0,0,0,cf7f71cb3998ac39db7f00260a8119b12613ceb2b5545387e1b2ff8c60248f46
739,images/739.png,rfmid,,,6cb4688efc82aadd,1,0,0,0,0,0,0,0,0,0,0,0,0,0,0,0,0,0,0,0,06c00ca7b6a3b7ce5f152465f70d1d3208262b45c0b8b7d3e2c5c6ca9e3767ba
740,images/740.png,rfmid,,,24faf076580926ce,0,0,1,0,0,0,0,0,0,0,0,0,0,0,0,0,0,0,0,0,b7534dc2d6d86ad30337b3c60dce9266d263e3526f74c7f966b5a6eee134e035
741,images/741.png,rfmid,,,7ff7a12416f6cb7a,0,0,1,0,0,1,0,0,0,0,0,0,0,0,0,0,0,0,0,0,98e2a6a1627fc39b040ae5b1a770bdf22a04eda39bacf873b7b298d9371ee965
742,images/742.png,rfmid,,,fb045d5fdf5db7c8,0,0,0,0,1,0,0,0,0,0,0,0,0,0,1,0,0,0,0,0,43ea3bc92c809b04ea9fb1638b7fa8b091adadcfecf25d94c662e03e96061a02
743,images/743.png,rfmid,,,8971053ba4916388,0,1,0,0,0,0,0,0,0,0,0,0,0,0,0,0,0,0,0,0,1ebd67324fdf267c1753b26e51e4ac28957cd34be8fbdb0c8718afdd828dc336
744,images/744.png,rfmid,,,529b104c766bd24b,0,0,0,1,0,0,0,0,0,0,0,0,0,0,0,0,0,0,0,0,316b50fc1d7e4bf1404f14a9c7323d798b2c6eea009d477a7083b7d88cda3c98
75,images/75.png,rfmid,,,52431f0ce4991477,0,0,0,0,1,0,0,0,0,0,0,0,0,0,0,0,0,0,0,0,3d6b3b82d1fdd4d44634a947705928ae86e8f3db8c094673e3ba47d1bfa8eb0a
757,images/757.png,rfmid,,,1f16a37590724e7b,0,1,0,0,0,0,0,0,0,0,0,0,0,0,0,0,0,0,0,0,ab06544b7d250a5b2e24679c6f5cc7722ea5885a6861b5d8dd68d4ec35ef69dc
758,images/758.png,rfmid,,,59c5f860f595a205,0,1,0,0,0,0,0,0,0,0,0,0,0,0,0,0,0,0,0,0,725ce52a4d34e860c2da9bb093b1a374bc6c8aa3524d5cf0af6e7f9fae17d98b
759,images/759.png,rfmid,,,664980bab4b238e1,1,0,0,0,0,0,0,0,0,0,0,0,0,0,0,0,0,0,0,0,2afcce469d2af331a7cea33feeaf56276e4f34d2fe01407cc0573b33e1776df1
765,images/765.png,rfmid,,,22d71f960e6f28ab,0,0,0,0,1,0,0,0,0,0,0,0,0,0,0,0,0,0,0,0,5817855dbff505246d61bbaf4b8d733a448bd13578d05cc3756f152ab439f95b
766,images/766.png,rfmid,,,1cbed2153332eaa2,0,0,1,0,0,1,0,0,0,0,0,0,0,0,0,0,0,0,0,0,b4cd235110e1986101495161d581a1fc9191c227fa926a41211287e07d607012
769,images/769.png,rfmid,,,115a205266747de5,0,1,0,0,0,0,0,0,0,0,0,0,0,0,0,0,0,0,0,0,596f9c2fa17ddfe6b271836c7f9344f865d7204312b524e3fe7defb5ed177355
776,images/776.png,rfmid,,,cda3562a2c73e187,0,0,0,0,1,0,0,0,0,0,0,0,0,0,0,0,0,0,0,0,40dd2e077b8500e389de528d02b728cb620e3cb518c4a8e15eed3e4a89eb9d55
779,images/779.png,rfmid,,,84456d6846f43a67,1,0,0,0,0,0,0,0,0,0,0,0,0,0,1,0,0,0,0,0,08ccbf9aedd800bd3a85f5f0418240a84b18bb3f3f8500cb1e4a91b4ad714721
78,images/78.png,rfmid,,,a06060222aef41fa,0,0,1,1,0,0,0,0,0,0,0,0,0,0,0,0,0,0,0,0,3c5dc6c31c2bb108c1bc3253902fc5688766f08dca3afa1fd00d935324c4aab0
781,images/781.png,rfmid,,,e1f08af28ff4b732,1,0,1,0,0,1,0,0,0,0,0,0,0,0,0,0,0,0,0,1,a94dc76244fcb04ff70daf5581cb45339064cd921917225ea08a04f752a02b66
785,images/785.png,rfmid,,,1d77d42b3c319a6c,0,0,0,1,0,1,0,0,0,0,0,0,0,0,0,0,0,0,0,0,87b9ceb1ac261aa8f1e0ace9ca22dd14d651900c1e2cca84d0a26e29a0fc1c24
786,images/786.png,rfmid,,,c230770270ea6cc8,0,0,1,0,0,0,0,0,0,0,0,0,0,0,0,0,0,0,0,0,42c0acce9a3d85e65b9708890d60a7afde0ab14daa1d18076e984309fe39da41
787,images/787.png,rfmid,,,d1a6d421982f3c64,0,0,1,0,0,0,0,0,0,0,0,0,0,0,0,0,0,0,0,0,7ea31471366157382bdc13d2bd139a6528d6c656481e571b9c76336ad76c8f1c
788,images/788.png,rfmid,,,d05380c93f74bf86,0,0,0,1,0,0,0,0,0,0,0,0,0,0,0,0,0,0,0,0,310abe5557dd9dffe4587463cb88fb1b45e81ca0503d330ca0878814a4fd556c
789,images/789.png,rfmid,,,48daf9b542c814bb,0,0,0,1,0,0,0,0,0,0,0,0,0,0,0,0,0,0,0,0,a5ab54244b0f341134bbc3c74c671ffc568ddbea7f79048fe8f6beb2b3b6832c
790,images/790.png,rfmid,,,9171bf342865db65,0,0,0,1,0,0,0,0,0,0,0,0,0,0,0,0,0,0,0,0,eebc0ddc98cf059aa99a5416d1fdc6bae91b0af61807769363336269895f488e
792,images/792.png,rfmid,,,d16a33f3d77257fb,0,0,0,1,0,0,0,0,0,0,0,0,0,0,0,0,0,0,0,1,76b2a3de4b85b1fe469d8ca980a69820594779ef9feba793dbf72d1ae7937dd8
793,images/793.png,rfmid,,,e2d137a659cb6b8f,0,1,0,0,0,0,0,0,0,0,0,0,0,0,0,0,0,0,0,0,f674f939cce76dbb4decd8e99dce35adbe8c3d51bb3b56cc7b8d3a980a96cecb
794,images/794.png,rfmid,,,ea869dcbc813d31e,0,1,0,0,0,0,0,0,0,0,0,0,0,0,0,0,0,0,0,0,e86ad60d5758197911406d5ee96daa1cd06140d010b3f445fef225eb6b599e5d
795,images/795.png,rfmid,,,fdf3958742306784,0,1,0,0,0,0,0,0,0,0,0,0,0,0,0,0,0,0,0,0,0b5582ba2319b75ebd72f934bfa7f424a1afd0b948121bd2d6c49c7fb0dd688b
797,images/797.png,rfmid,,,c04c4e78279419ee,0,1,0,0,0,0,0,0,0,0,0,0,0,0,0,0,0,0,0,0,2417e44d1993576fda29497756692bc4580764229514594d2d6bfda11a3c5e7c
798,images/798.png,rfmid,,,2fcab9187eba8350,0,1,0,0,0,0,0,0,0,0,0,0,0,0,0,0,0,0,0,0,4e8c75708cca8339cee62e15ef8db67ff0f2ec2eac42b43bfe0aa6d3eb368e73
80,images/80.png,rfmid,,,bb160e0ce3031b87,1,0,0,0,0,0,0,0,0,0,0,0,0,0,1,0,0,0,0,0,9a58ac1cc48d42171e273ac841c65a203a063bbd88b310be50cf5af85d153237
800,images/800.png,rfmid,,,e40af5aa0f95b1d5,0,0,0,0,1,0,0,0,0,0,0,0,0,0,0,0,0,0,0,0,a6787c7773a49e66c765df62149ad6991a6d774b072ed7f39f616939440fe814
801,images/801.png,rfmid,,,b6780866c255f84f,0,1,0,0,0,0,0,0,0,0,0,0,0,0,0,0,0,0,0,0,da44f03f1d6349f232c5679ced95c57cdd4b7613731e16ce4a92ff3465ab670f
802,images/802.png,rfmid,,,7b3899db439cbcca,0,1,0,0,0,0,0,0,0,0,0,0,0,0,0,0,0,0,0,0,6dfbafbea60f4e2c4b5dfc869b23c2d2afb06f29f3874946763b434eb722f4d4
803,images/803.png,rfmid,,,912e7f7b3771b1cb,0,1,0,0,0,0,0,0,0,0,0,0,0,0,0,0,0,0,0,0,59c85e0d8e508b73eefc35c9ef458ee0026fb41ce17bcee47b8b81189ec26403
804,images/804.png,rfmid,,,e3b31731f3624812,0,0,1,1,0,0,0,0,0,0,0,0,0,0,0,0,0,0,1,0,bf8567fae86f100e1d110b171631f5dc01f4e935eb7851beb7ea431d4e65b398
805,images/805.png,rfmid,,,9d05cefb4e651fcf,0,1,0,0,0,0,0,0,0,0,0,0,0,0,0,0,0,0,0,0,544b8fe781f928bfebc02124b9ee511d5f32e2c6a7645f99fbc123f2024a73f7
81,images/81.png,rfmid,,,a9ae21decb2337b2,0,1,0,0,0,0,0,0,0,0,0,0,0,0,0,0,0,0,0,0,53cd00874da9f46e2531b01fe5ed22f2ed3ee1e4c438f61db275555ae464e86c
812,images/812.png,rfmid,,,009af72d7a9edefb,0,1,0,0,0,0,0,0,0,0,0,0,0,0,0,0,0,0,0,0,d263ba6d01f69a9dc765dcb0b6c7c910b933a45404c305aaa32b372847d5b3d5
813,images/813.png,rfmid,,,e834d0fe9af9792e,0,1,0,0,0,0,0,0,0,0,0,0,0,0,0,0,0,0,0,0,af7055045b0f7280d1522e8d16430db55b796b40abfcd51e39a900b3708cd3ed
815,images/815.png,rfmid,,,8bcf564466d8b096,0,1,0,0,0,0,0,0,0,0,0,0,0,0,0,0,0,0,0,0,52b4d302e7e1c3e7e6fa4d2511c2b6e927d09521d3fd27897ff41a14af7e01fb
816,images/816.png,rfmid,,,76ab6cc0597f92b8,0,0,1,0,0,0,0,0,0,0,0,0,0,0,0,0,0,0,0,0,cee4c5f82e97d280dd1d15860e0ae9046e62be8403dce97d4658fb185d14093a
817,images/817.png,rfmid,,,f922ea27883291a3,0,0,1,0,0,0,0,0,0,0,0,0,0,0,0,0,0,0,0,0,d6a77e88bbec49337d4da625f6c99568ad07e1d3ffb1e894397d372b9706b663
818,images/818.png,rfmid,,,3ea1be2f4aeb901d,0,0,1,0,0,0,0,0,0,0,0,0,0,0,0,0,0,0,0,0,31228070b72a8f5898b20dc05d4a90263a4670530d709aeb8ef084df8f3bcd13
821,images/821.png,rfmid,,,76d740856aa9ffc5,0,0,0,1,0,0,0,0,0,0,0,0,0,0,0,0,0,0,0,0,f9ed8496934b594f66f2ed7cf1e95bd90ef56741a7223dbb9740dcf33172bbc3
822,images/822.png,rfmid,,84e4a3c43f55,bbfb5f2913a3c9df,0,1,0,0,0,0,0,0,0,0,0,0,0,0,0,0,0,0,0,0,76db90f657818868468fb45d042bbe0e96c9981637cd1eb539fee15a5ec2e177
823,images/823.png,rfmid,,,8a527267ec54fc36,1,0,0,0,0,0,0,0,0,0,0,0,0,0,0,0,0,0,0,0,bfe60108676efdfae3fd218e398a08b57337f8a55613c7405c3586f4939cc3a5
824,images/824.png,rfmid,,,6d76da4cdf01ce9d,0,0,0,0,1,0,0,0,0,0,0,0,0,0,0,0,0,0,0,0,420fbc4a17d81303fc0618af01b01dbf69f06afa320947cf0ad37622b1bbd530
825,images/825.png,rfmid,,,990e4f5f2c5501a8,0,0,1,0,0,0,0,0,0,0,0,0,0,0,0,0,0,0,0,0,71bac4927c03b4e8b2f7804811b63d020368a17e1982318981ffe0bcca7ca280
826,images/826.png,rfmid,,,a492f0886fb3601a,0,0,0,0,1,0,0,0,0,0,0,0,0,0,0,0,0,0,0,0,10fd13146bf29bc4a0a4fd026b09217efbf778f201c9c3ca9ed6945bde11c8fa
827,images/827.png,rfmid,,84e4a3c43f55,bbfb5f2913a3c9df,1,0,0,0,0,0,0,0,0,0,0,0,0,0,0,0,0,0,0,0,c5a939c2888b11e74c9ff94127a086d18efd715d0827579a55399224f0b3d3de
828,images/828.png,rfmid,,,2726272f71ae0384,1,0,0,0,0,0,0,0,0,0,0,0,0,0,0,0,0,0,0,0,7ddd5c7f58999e7a67c8668528686e331eef9cb8c9eff09f2c330f3184c3c567
829,images/829.png,rfmid,,,7941722e3e652dfe,1,0,0,0,0,0,0,0,0,0,0,0,0,0,0,0,0,0,0,0,0985ef3f0dd05f1b941d8d958336af2715c9f85a8a25821cf1bb58847ed11c0c
83,images/83.png,rfmid,,,5ee899f825fee37b,0,1,0,0,0,0,0,0,0,0,0,0,0,0,0,0,0,0,0,0,d1405ee79bde72eaf0c25a08f7fec3d87adec18b492fb519783d05c1eb798d9b
831,images/831.png,rfmid,,,8d2dde0346aba000,0,0,0,0,1,0,0,0,0,1,0,0,0,0,0,0,0,0,0,0,017d8a4443df4c72149b6fe8f7b8bc78a8aae8358330b9121f00c874e23bfa76
833,images/833.png,rfmid,,,cfa2f0a5d0121339,0,1,0,0,0,0,0,0,0,0,0,0,0,0,0,0,0,0,0,0,012fd1d98524a95849b3d043092019680c70a6bd4e32d12d34129983952a2b00
834,images/834.png,rfmid,,,a567afae99a8279d,0,1,0,0,0,0,0,0,0,0,0,0,0,0,0,0,0,0,0,0,f21eed6ed33066aa85a9a63ad4277b13d8dc39ec6ddb6e3afaf05503e9412de3
835,images/835.png,rfmid,,,ebf34ea31cfbc3f6,0,0,0,0,1,0,0,0,0,0,0,0,0,0,0,0,0,0,0,0,086af8c44a39ce6a0567ae0439571488042f6e1b2bdfc27e212932de15b5574f
839,images/839.png,rfmid,,,e4f8910c4a77ce1b,0,1,0,0,0,0,0,0,0,0,0,0,0,0,0,0,0,0,0,0,1eff8ab7cbfb56f0fdb620be504b475d1a9b4d2084b7a1552fe51bd24f3a44a0
840,images/840.png,rfmid,,,1c1b3a16aad42070,0,1,0,0,0,0,0,0,0,0,0,0,0,0,0,0,0,0,0,0,b5ef8789845c8e911bd7aadbadb8f502625352e94e34da6a1024312a45bf72cd
841,images/841.png,rfmid,,,5ad0d0a7a5598d77,0,0,0,0,1,0,0,0,0,0,0,0,0,0,0,0,0,0,0,0,f2b2b568f89b8b853a313f2b512af6a2695ee63d962bed840a5449e8d2cb3d32
842,images/842.png,rfmid,,,ea500fa8b5e733c5,0,0,1,0,0,0,0,1,0,0,0,0,0,0,0,0,0,0,0,0,cfe0eb0b95aecc05b77956f4f84f494250166c4566b395a3c70e549c16545cb2
843,images/843.png,rfmid,,,66536f53f8782b47,0,0,1,0,1,1,0,0,0,0,0,0,0,0,0,0,0,0,0,0,009399a137cb28dc80518925e2a0186b61a0d53d948574191f8c78adc8ec572f
844,images/844.png,rfmid,,,5516a7c38a32f8f3,0,0,0,0,1,0,0,0,1,0,0,0,0,0,0,0,0,0,0,0,7f7442e08ff4665f997170514b59fafdeaf65d8b1cc5c646d3c38fbacc09532e
846,images/846.png,rfmid,,,71ef128f521f358d,0,0,0,1,0,0,0,0,0,0,0,0,0,0,0,0,0,0,0,0,980a62fdfc3ea46182193d1d86bea0d1aa5e452adc973c85818037ba867cbe18
85,images/85.png,rfmid,,,f85465580ea377a1,1,0,0,0,0,0,0,0,0,0,0,0,0,0,0,0,0,0,0,0,bc942ae6e095c9381d8f8b108e99734947d2aaaa830945238f9822123ced88c3
850,images/850.png,rfmid,,,4a93099824714e67,0,1,0,0,0,0,0,0,0,0,0,0,0,0,0,0,0,0,0,0,2d7412126814dd68408eb3c556bafa8f2256b1c2f92cf41b7fe713f98cf951fd
852,images/852.png,rfmid,,,8327aa76a9aa5896,0,1,0,0,0,0,0,0,0,0,0,0,0,0,0,0,0,0,0,0,97539127314b67be9f14ea6ed6b37ec7f60d4d9ad0183d73be3341685dbef5dc
854,images/854.png,rfmid,,,ddbf140077277cd7,0,0,0,0,1,0,0,0,0,0,0,0,0,0,0,0,0,0,0,0,55c9dcf6ac757dc4d3b6c0fa24b1205349b2870399b608f9c5b344a06fda2baa
855,images/855.png,rfmid,,,b89e0ed79774e9c0,0,0,0,0,1,0,0,0,0,0,0,0,0,0,0,0,0,0,0,0,887112ba5ce752e2b21caa3dc57e7883484dd7516de748703a98ec4349650bbf
858,images/858.png,rfmid,,,aa62ffc187ec5717,1,0,0,0,0,0,0,0,0,0,0,0,0,0,0,0,0,0,0,0,487d5f25bcf4e9859f04d5eddce95cfae6f72cbcaad06669eebdb8912ad04cbc
859,images/859.png,rfmid,,,e94bbdf4418fce2b,0,1,0,0,0,0,0,0,0,0,0,0,0,0,0,0,0,0,0,0,c614b0a0bb66842649751ab6c0b40ccbeca19964201ad47fa67be952f6c385c1
86,images/86.png,rfmid,,,d4f46d0eb269f841,1,0,0,0,0,0,0,0,0,0,0,0,0,0,0,0,0,0,0,0,63411115c9e61eaaeea38690c0b98e7a4eace2e80a6cdfa726bfca8f81b818b4
861,images/861.png,rfmid,,,dbf897611d44de41,0,0,0,1,0,0,0,0,0,0,0,0,0,0,0,0,0,0,0,0,7597c188cb6bd83314384f8189c97540eb5b15f5c6dd2886722982790f13d183
862,images/862.png,rfmid,,,76b301cce9e740ff,0,0,0,1,0,0,0,0,0,0,0,0,0,0,0,0,0,0,0,0,21bdff1a2ed57730d159474e0866393a05a921a331f2c702643e733bd521aaa8
863,images/863.png,rfmid,,,abbe33aec940296e,0,1,0,0,0,0,0,0,0,0,0,0,0,0,0,0,0,0,0,0,96d24186deb135d2a902d3951d9843f6a1bf2c8d8b0a15a105f71a235d59f0e3
866,images/866.png,rfmid,,,feee5af8e82e1a12,0,0,0,1,0,1,0,0,0,0,0,0,0,0,0,0,0,0,0,0,698da24357f98eefd2766c922d002a5dc22b572f3c7f003177804a4dc2483806
868,images/868.png,rfmid,,,178697226643ecfd,0,1,0,0,0,0,0,0,0,0,0,0,0,0,0,0,0,0,0,0,20be2656ba5103d51792767ab40fa69bad68e1d8c53f77d0687b269e92b885d8
872,images/872.png,rfmid,,,a0992865bd16d8e9,0,1,0,0,0,0,0,0,0,0,0,0,0,0,0,0,0,0,0,0,77d902959235e647492ef6726796474d26c04ce0a43b228c77877006bfb11196
874,images/874.png,rfmid,,,af9d1ec0d6e10e07,0,0,1,1,0,0,0,0,0,0,0,0,0,0,0,0,0,0,0,0,c19b3d92ff4a47ce3f3d79d803680e962c8b1a3eb65b5e80126711ae28a1ec8e
876,images/876.png,rfmid,,,2e9f30bb32652fe1,0,0,0,1,0,1,0,0,0,0,0,0,0,0,0,0,0,0,0,0,8ed874db11a250a3efec5e026b38727b9fa264cbddb110f8c606cb271b97cb93
88,images/88.png,rfmid,,,9aa59968bcc11c6f,0,0,0,0,1,0,0,0,0,0,0,0,0,0,0,0,0,0,0,0,8fa6326dad93b5c466000f49039222d92518b1b71bf9d0d1ec57d55137dcad29
880,images/880.png,rfmid,,,56f3043ec5bb4fc9,0,0,0,0,1,0,0,0,0,0,0,0,0,0,0,0,0,0,0,0,504fe752c1b82af52db628c7b4f988b6aafdb4cbe7cbf9aa8712737139782c2c
881,images/881.png,rfmid,,,6a76e97e64c80ff9,0,0,0,1,0,0,0,0,0,0,0,0,0,0,0,0,0,0,0,0,c23a2a28a9c454732bcaed9c791ec1af0dc693411e780ddf9889dccbdb76e2ef
883,images/883.png,rfmid,,,2cded88d1769b5ed,0,1,0,0,0,0,0,0,0,0,0,0,0,0,0,0,0,0,0,0,ffe54cada61aedff56a5ce32bd5f8f13174ab81aacde592112b7891a768f7646
885,images/885.png,rfmid,,,73125ab541f59238,0,1,0,0,0,0,0,0,0,0,0,0,0,0,0,0,0,0,0,0,29ba409100ccae6be22ab057a43ea84457042fc02c4d483f98f5a282e2304648
888,images/888.png,rfmid,,,5daddaa7d7a28479,1,0,0,1,0,0,0,0,0,0,0,0,0,0,0,0,0,0,0,0,f1bcb2ecd42e52e82749530312a0dd1710cef3c2419371a0b7b2a5bb684ad638
889,images/889.png,rfmid,,,b089544c96f98e0a,0,1,0,0,0,0,0,0,0,0,0,0,0,0,0,0,0,0,0,0,02a7ea472843636f7d32fbfc134dc8e9d3c45ed558d1c1f8f54eed750786ef44
893,images/893.png,rfmid,,,c39dc1d0f0496cfd,0,1,0,0,0,0,0,0,0,0,0,0,0,0,0,0,0,0,0,0,a8ca1b432282dd46496856256cf68a252996ae78f185bc7b127bb9b5cc0cfb75
894,images/894.png,rfmid,,,991e32e1f2136903,0,0,1,0,0,0,0,0,0,0,0,0,0,0,0,0,0,0,0,0,359acd6d255a512a43eb99ad19b9dd3ea85ff71bc6d43729b4733332aba03557
895,images/895.png,rfmid,,,5fefbf19a25c1c3e,0,1,0,0,0,0,0,0,0,0,0,0,0,0,0,0,0,0,0,0,9f75ab48faf57e03c22f267592c8bff6555321eabd28c7b60cd831222ca74633
896,images/896.png,rfmid,,,501db67c66b05ee1,0,1,0,0,0,0,0,0,0,0,0,0,0,0,0,0,0,0,0,0,c3cc8480d5e7cf451388bf6399a2d03e88196feb6dfe577d3f2e5d83d6e255d4
898,images/898.png,rfmid,,,d5dc61b9d81c449d,0,1,0,0,0,0,0,0,0,0,0,0,0,0,0,0,0,0,0,0,23f83276f46d187ee8bdcc33745f980b42f83a36e3597b805374c57829328cec
899,images/899.png,rfmid,,,10579c7d75e70c5b,0,1,0,0,0,0,0,0,0,0,0,0,0,0,0,0,0,0,0,0,836291e737e6732f22e8e2a9523952116b6fe574179f3a0397d18cb1af8c8362
90,images/90.png,rfmid,,,2eee3ffd378fbccf,0,1,0,0,0,0,0,0,0,0,0,0,0,0,0,0,0,0,0,0,3e4ea134738290b93ad4865d83a04ef45f003b0f2ec7682d05ec7f3a43f9526f
900,images/900.png,rfmid,,,a0563f089116a880,0,1,0,0,0,0,0,0,0,0,0,0,0,0,0,0,0,0,0,0,3be798351f3a23cfff6ab6f2ee33fc87d718ae1bce6b542eb31035dd22c50508
901,images/901.png,rfmid,,,1139c1bb40eec11f,0,1,0,0,0,0,0,0,0,0,0,0,0,0,0,0,0,0,0,0,e1e976143efbfa1602be9e02b3a42f16c62ca60dd912b02d5c019f49c3afd6eb
903,images/903.png,rfmid,,,97f684469b08e264,0,0,0,1,0,0,0,0,0,0,0,0,0,0,0,0,0,0,0,0,94b3acdda50441cc4e7afcd9f6c6a254188492e7595a573526dcd973e88144e7
904,images/904.png,rfmid,,,57f6293959de7989,0,1,0,0,0,0,0,0,0,0,0,0,0,0,0,0,0,0,0,0,298b6bc7db2e69cec1391ac3c54ff51d0564905b45b0f93417fd4d0ea837ea13
905,images/905.png,rfmid,,,11b60f1c167a14d3,0,1,0,0,0,0,0,0,0,0,0,0,0,0,0,0,0,0,0,0,971e22d207ddaa17d90200ba61e5105470e892db78f7dff01ab2c9b07f91751c
908,images/908.png,rfmid,,,9b7b9936ac909854,0,1,0,0,0,0,0,0,0,0,0,0,0,0,0,0,0,0,0,0,3407e933af8d45e9fa9e6da2c067fdb9e316a86bcf61de2d88f5142760f5d27b
91,images/91.png,rfmid,,,7f2f40dbd313d710,0,1,0,0,0,0,0,0,0,0,0,0,0,0,0,0,0,0,0,0,8e59d901b7d1c697d0a654a88c06bb1f447e4f4c3feb990b6c55b75e7abed306
910,images/910.png,rfmid,,,5c5e85c51a56ce11,0,1,0,0,0,0,0,0,0,0,0,0,0,0,0,0,0,0,0,0,c35f84120f35e0d68ef80b0fc796e79ce9ecf65442a283ab13fd0e2e42257c55
911,images/911.png,rfmid,,,8ba617809c6355ae,1,0,1,0,0,0,0,0,0,0,0,0,0,0,1,0,0,0,0,0,5a3c7de134bdb166211c794710c1f38ca3b54816d9ffc3170158ccdce5d275a2
912,images/912.png,rfmid,,,9a50b2898f774159,1,0,1,0,0,0,0,0,0,0,0,0,0,0,1,0,0,0,0,0,182c1b4bc1cee8f3022b5c928f103ca4f08a9b67cb855a9b720435902391ada8
916,images/916.png,rfmid,,,09085b6ebffc2d9b,0,0,0,1,0,0,0,0,0,0,0,0,0,0,0,0,0,0,0,0,0ee0550ab83a5b73acf171855e5034bd357ea1244397524a3a24670c6bb751c0
917,images/917.png,rfmid,,,a9c87676b430484e,0,0,1,0,0,0,0,0,0,0,0,0,0,0,0,0,0,0,0,0,97e48e66a5773a6fc49ab5aa17370fc45bdea5a18d6b65a8cd4971bd3a6d7e45
92,images/92.png,rfmid,,,4eb503255b7439b2,0,1,0,0,0,0,0,0,0,0,0,0,0,0,0,0,0,0,0,0,8684e19b60552b05e14d1e43587980c0932d36c98cdfbb7026b0f5147a57e154
921,images/921.png,rfmid,,,32209ee0c66c36c0,0,0,1,0,0,0,0,1,0,0,0,0,0,0,0,0,0,0,0,0,f59fe9ed43897ef4f72397004285a396c686b00c9937dc74dcc613b49988d801
922,images/922.png,rfmid,,,ac7ffd5fc2c931ad,0,0,1,0,1,1,0,0,0,0,0,0,0,0,0,0,0,0,0,0,9a162a2757616db1e723121659dc520cc492337452d94117f95a2b0b25aec664
924,images/924.png,rfmid,,,a9959ff84082d8da,0,0,0,0,1,0,0,0,0,1,0,0,0,0,1,0,0,0,0,0,327a9d909d7091325f2a4d3489885e1df5c4597866939f1db687c362f59ddf53
925,images/925.png,rfmid,,,9155b70bf00b8ebc,1,0,0,0,0,0,0,0,0,1,0,0,0,0,1,0,0,0,0,0,ff7e19d060821a1c83324cbea00aa7ff914f1df295dd979957e1ea256a11f70c
926,images/926.png,rfmid,,,18569e1225b27491,0,0,0,0,1,0,0,0,0,0,0,0,0,0,0,0,0,0,0,0,e26894c6345c357c9f6ef039de901346a68b2a3f8fcd7e6e5b2d509bead30b11
928,images/928.png,rfmid,,,0280c793e38aa668,0,1,0,0,0,0,0,0,0,0,0,0,0,0,0,0,0,0,0,0,cf7f28571bf66760c17703483784254ea5678b8839d75ed24882b62ebad34981
93,images/93.png,rfmid,,,edce54a6bb342ace,0,1,0,0,0,0,0,0,0,0,0,0,0,0,0,0,0,0,0,0,41c2a4436d239c75d2ba8a91e994b9f66a62577dedca9c83a80a14b20ccc20ed
931,images/931.png,rfmid,,,e0662344dabc01ea,0,1,0,0,0,0,0,0,0,0,0,0,0,0,0,0,0,0,0,0,ef88b592b83413a28f418e06809647c15d068765d89d3fb61c98b399c7c0763d
934,images/934.png,rfmid,,,6036884d5d204e9e,1,0,0,0,0,0,0,0,0,0,0,0,0,0,0,0,0,0,0,0,47ccbb8c82ea818d60637bcbf20029208f824f99972e358d482a62313010516e
936,images/936.png,rfmid,,,4572f0369c0a68ac,0,1,0,0,0,0,0,0,0,0,0,0,0,0,0,0,0,0,0,0,7c098f55bccc0e4bee09dc65205e039e36058ea226606c43f6770e2575722ffc
937,images/937.png,rfmid,,,a11a9f2b85b1db97,0,0,0,1,0,0,0,0,0,0,0,0,0,0,0,0,0,0,0,0,fa73bfd514ddbd60c01d102072794ac306ebd0b44872bbe7c8de941797068d65
938,images/938.png,rfmid,,,c343dfd70a887b9d,1,0,0,0,0,0,0,0,0,0,0,0,0,0,0,0,0,0,0,0,3e9bd5e2e9db550bc23625974ac9b3c0f3023070bb5e36602699d15cbfa0274b
939,images/939.png,rfmid,,,9e52f5046ea427ff,0,0,0,1,0,0,0,0,0,0,0,0,0,0,0,0,0,0,0,0,98ed8192b362468b073a2bb0646a91253aa5c555193339a0760c670ab447fdc0
94,images/94.png,rfmid,,,73bf805a188759b1,0,1,0,0,0,0,0,0,0,0,0,0,0,0,0,0,0,0,0,0,99fe3924ef95ba190891bc5ba9a057312a9a56c2278ae3b176b550fa38af3baf
940,images/940.png,rfmid,,,0c75c8c82f1ad02c,0,1,0,0,0,0,0,0,0,0,0,0,0,0,0,0,0,0,0,0,dcf89ba8b68869b83f63377e7e9851d675d5022bd1d278e630002fcc8affb573
941,images/941.png,rfmid,,,6e79c8ad34f357a0,0,0,1,0,0,0,1,0,0,0,0,0,0,0,0,0,0,0,0,0,dfcced6f17784487b68b2c1d1dc221b772218c538c18a7ce13fbb69e25e65db5
942,images/942.png,rfmid,,,78329a8dc1e97aa9,0,1,0,0,0,0,0,0,0,0,0,0,0,0,0,0,0,0,0,0,4f42c23c8497d18e87f2b26fcdd12d7a5d0a3ff62fcae051fe69375f42d86fca
944,images/944.png,rfmid,,,e32c2328fb3f5112,0,1,0,0,0,0,0,0,0,0,0,0,0,0,0,0,0,0,0,0,f11851b27f47adeb3b2e88343bba00f2e934150f105bcb41700aba43a9507116
947,images/947.png,rfmid,,,a6598036c4da8bd4,0,1,0,0,0,0,0,0,0,0,0,0,0,0,0,0,0,0,0,0,0fe999b4d45050ac097f335ab2be6a7e3ce4ac6be42291956eaf88bb0270821c
948,images/948.png,rfmid,,,d0811daeb6a21e47,1,0,0,1,0,0,0,0,0,0,0,0,0,0,0,0,0,0,0,0,9e0e09cae9125a61a38ef3392bef715b498ccf96c35d4549f62438b34d83167a
949,images/949.png,rfmid,,,3fa119d6d8bb808a,1,0,0,0,0,0,0,0,0,0,0,0,0,0,0,0,0,0,0,0,a64266f7930fc39ddf056f85ab24bf082d44de2e7540326564a75fc6dce43582
950,images/950.png,rfmid,,,cee4ad4b16c5c9a1,1,0,0,0,0,0,0,0,0,0,0,0,0,0,0,0,0,0,0,0,056e75f71005fc1382b39134cd99d56a2c6b74d5321c6e9920590e71a4b5d14b
956,images/956.png,rfmid,,,db9ceb73b15283ac,0,1,0,0,0,0,0,0,0,0,0,0,0,0,0,0,0,0,0,0,ef481b9629782a80ba8528704577a8a1c5cdcd1393bc007600ca7ed3d34c7e4e
958,images/958.png,rfmid,,,2c0e9b692e5c0e28,0,0,0,0,1,0,0,0,0,0,0,0,0,0,0,0,0,0,0,0,cff03d1f499beab202f195f27f8b319fbc9376ebad28bb10890d04b92ea0caf4
960,images/960.png,rfmid,,,a11a710fb2f79a2e,0,0,1,1,0,1,0,0,0,0,0,0,0,0,0,0,0,0,0,0,855bedbef39d4eba9b5da4ba87c237bba3bcbbabf5010e7f30c4a372e6d3fa90
961,images/961.png,rfmid,,,eed110ed5966ac29,0,0,1,1,0,1,0,0,0,0,0,0,0,0,0,0,0,0,0,0,1377062d0dce192c3d311d4c7bd8c9e0c87a27f1eb160685320563ebbf1f01e6
965,images/965.png,rfmid,,,b9a3c362bd4646df,0,1,0,0,0,0,0,0,0,0,0,0,0,0,0,0,0,0,0,0,316ccb883fdea67f80b2099c28add75783a5286ffed8a33f34aa03abaf2e9378
967,images/967.png,rfmid,,,341e9944c1c6c337,1,0,0,0,0,0,0,0,0,0,0,0,0,0,0,0,0,0,0,0,24c9a34eb9a42cac81f549f4f55e79a05ee6c5f4a4cd93d274f13f1a692427ea
969,images/969.png,rfmid,,be3c09eeae3c,6fd100f9708e932e,0,1,0,0,0,0,0,0,0,0,0,0,0,0,0,0,0,0,0,0,820b70bf7a408e835041f57da21603cffe8549cf93f4005a8fbd36822ebbce81
97,images/97.png,rfmid,,,859c7e16bd0c3997,1,0,0,0,0,0,0,0,0,0,0,0,0,0,0,0,0,0,0,0,ffebd3a6f2154822d5a3cd8f9e146366f4c2170c071ba29a989bb9f1226d93d5
972,images/972.png,rfmid,,,c98f9c51723c3dce,0,0,0,1,0,0,0,0,0,0,0,0,0,0,0,0,0,0,0,0,ac55a1626f589c733b41e46f2aa27e2ee59ed555a4ae4871bf33a6984ac1cb96
973,images/973.png,rfmid,,,08a1493e4d911aad,0,0,1,0,0,0,0,0,0,0,0,0,0,0,0,0,0,0,0,1,a30652308dc33d9d243107c949787af7b9908a4ff6e9e79bd436fc1afc54bdd7
974,images/974.png,rfmid,,,dca1fadcc5542b32,0,1,0,0,0,0,0,0,0,0,0,0,0,0,0,0,0,0,0,0,ab6591a355bf9ccaf22e310538bcea13da33e780f1e5ae53b573f90c899c626e
975,images/975.png,rfmid,,,b42859cea6af8e69,0,0,0,0,1,0,0,0,0,0,0,0,0,0,0,0,0,0,0,0,e064d068dd9b491c80f823250af1d52ea6697874f1af60b3da68c613130a7cd0
976,images/976.png,rfmid,,,538f1c05a0e74d14,1,0,0,0,0,0,0,0,0,0,0,0,0,0,0,0,0,0,0,0,a22873c65793a8dc8b8f6dd29cf23a69cf5fa21549d23fc8dade11a6531b5b92
98,images/98.png,rfmid,,,e8dedfc341cfcd62,1,0,0,0,0,0,0,0,0,0,0,0,0,0,0,0,0,0,0,0,0f9e10e4aa433a6bda80f03a4969472dae4931397bcbc87b86d0a9b16ec4ddb2
980,images/980.png,rfmid,,,0c19cd889975a71a,0,0,1,1,0,0,0,1,1,0,0,0,0,0,0,0,0,0,0,0,979ea0855fc7d37632ee6c90f1793a08bc4063e16f81fab53b3b00c7366e105d
983,images/983.png,rfmid,,,b7782f2bf08341c9,0,0,0,0,1,1,0,0,0,0,0,0,0,0,0,0,0,0,0,1,a4b58c96d332ababf6d8c540ea78030e9779216cb470fc83915791b58b825ec4
984,images/984.png,rfmid,,,8385314392d0d060,0,0,0,0,1,0,0,0,0,0,0,0,0,0,0,0,0,0,0,0,b0e36274e8f7f4c88d8c580c1cd9efa4de7adf333042b8128f80a513a59b8e5d
985,images/985.png,rfmid,,,ea69db5591951e48,0,0,0,0,1,0,0,0,0,0,0,0,0,0,0,0,0,0,0,0,e09935a3cd0d43392e0a110150d8e8551642e15904c96a72072570791cd2523c
988,images/988.png,rfmid,,,dcb7629b6a849309,0,0,0,0,1,0,0,0,0,0,0,0,0,0,0,0,0,0,0,0,1ea78b22e2e3af39c78b9bdbdb079f4913aab5cf3a9a25700778eb83ebb7127d
99,images/99.png,rfmid,,,0829f764a90ecb1d,0,0,0,0,1,0,0,0,0,0,0,0,0,0,0,0,0,0,0,0,bbea6d2ff1461ab78f05b570563c1ecd5281bf65931f3cec1ceee1aac50723a6
997,images/997.png,rfmid,,,ef3d25cc502a768d,0,1,0,0,0,0,0,0,0,0,0,0,0,0,0,0,0,0,0,0,badb3ea5bcf97c6143bd7bceffea246580c9bd99cd84c2dc076181c74a7fd6fe
999,images/999.png,rfmid,,,4897ba5b07cd3b66,0,1,0,0,0,0,0,0,0,0,0,0,0,0,0,0,0,0,0,0,b24ef77ac3ffdc70250cfa2c8278bb0fded8214b4365e188adcba99fe6ebe925
aria_c_1_7,images/aria_c_1_7.tif,aria,aria_c_1,,21245ecd929a4650,0,1,0,0,0,0,0,0,0,0,0,0,0,0,0,0,0,0,0,0,051b135bef8e9ee4f5f23dad86da81a7a16ced437bfe320ba67bed2aad653b3f
aria_c_1_8,images/aria_c_1_8.tif,aria,aria_c_1,,21245ecd929a4650,0,1,0,0,0,0,0,0,0,0,0,0,0,0,0,0,0,0,0,0,03dba88a6bc893352db1aa7c72e2353556b6c8c44a5c71bb10d35e2c074e5527
aria_c_20_1,images/aria_c_20_1.tif,aria,aria_c_20,,86a3dbb913600e60,0,1,0,0,0,0,0,0,0,0,0,0,0,0,0,0,0,0,0,0,2e8bb11b6c503b1ed8ac13d6d6134e6328f986970acf336f2c0bfa0b71f57d5e
aria_c_20_10,images/aria_c_20_10.tif,aria,aria_c_20,,86a3dbb913600e60,0,1,0,0,0,0,0,0,0,0,0,0,0,0,0,0,0,0,0,0,b1c7d8f3ddcfe04e6f31b8e35570e9b7c2a5ee1f11fa728dc4d686d015e5ad55
aria_c_20_18,images/aria_c_20_18.tif,aria,aria_c_20,,86a3dbb913600e60,0,1,0,0,0,0,0,0,0,0,0,0,0,0,0,0,0,0,0,0,859cb0344fcc0a814bdbd14c4aa6b7b6b10fa203410451d20dbcafd005fd774f
aria_c_21_12,images/aria_c_21_12.tif,aria,aria_c_21,,1a7221b379da4929,0,1,0,0,0,0,0,0,0,0,0,0,0,0,0,0,0,0,0,0,04a302aba270e972c4f0a394c253ba0d78d59d2fc7c8a93ccaca4d29b9bc9ea6
aria_c_21_3,images/aria_c_21_3.tif,aria,aria_c_21,,1a7221b379da4929,0,1,0,0,0,0,0,0,0,0,0,0,0,0,0,0,0,0,0,0,8b8ffcfa320f7b75d38eb528fac2cd849ab33c2cfcff8ce4261f7af767317f90
aria_c_22_1,images/aria_c_22_1.tif,aria,aria_c_22,,9dae1d750ef9214f,0,1,0,0,0,0,0,0,0,0,0,0,0,0,0,0,0,0,0,0,777f17ba14de7338f5bee95724eea685e5c67a25fcea300e51b4b89a1382cd61
aria_c_22_9,images/aria_c_22_9.tif,aria,aria_c_22,,9dae1d750ef9214f,0,1,0,0,0,0,0,0,0,0,0,0,0,0,0,0,0,0,0,0,26b7e0c6f5e73e233753b5d0974d8b58a1816cf24eeb0ec80fccc0ab262f32c5
aria_c_23_23,images/aria_c_23_23.tif,aria,aria_c_23,,55261ea4d4cede48,0,1,0,0,0,0,0,0,0,0,0,0,0,0,0,0,0,0,0,0,e0c2d0c2a4836217c49c30493258bcfb4249b22d49e0fcea748bf067a361843b
aria_c_23_4,images/aria_c_23_4.tif,aria,aria_c_23,,55261ea4d4cede48,0,1,0,0,0,0,0,0,0,0,0,0,0,0,0,0,0,0,0,0,2fdb235186af50a36400606de097671388091b4d2623b6815c3fee9889b0613d
aria_c_24_12,images/aria_c_24_12.tif,aria,aria_c_24,,1ef17f8dc115568f,0,1,0,0,0,0,0,0,0,0,0,0,0,0,0,0,0,0,0,0,0e65a0a426ee0f127c1e77e3925f3076af684101c70ace3a7d39efbe5b5815ed
aria_c_24_2,images/aria_c_24_2.tif,aria,aria_c_24,,1ef17f8dc115568f,0,1,0,0,0,0,0,0,0,0,0,0,0,0,0,0,0,0,0,0,302de72decf272e38ea8eca0d591e338260ab10ebf99f13bfbe0d459f828a5cd
aria_c_25_1,images/aria_c_25_1.tif,aria,aria_c_25,,ed1dc5920fac286d,0,1,0,0,0,0,0,0,0,0,0,0,0,0,0,0,0,0,0,0,fa48062adf307151adbca0a25673257cd467028908949c1bb2ab97d79b88dbc6
aria_c_25_10,images/aria_c_25_10.tif,aria,aria_c_25,,ed1dc5920fac286d,0,1,0,0,0,0,0,0,0,0,0,0,0,0,0,0,0,0,0,0,9ded0da054d7ee46cfa7f2ec012a11ef92427143cbd8c1e38bade7572eb6f02b
aria_c_26_15,images/aria_c_26_15.tif,aria,aria_c_26,,082b466acc818d46,0,1,0,0,0,0,0,0,0,0,0,0,0,0,0,0,0,0,0,0,079d49c0d76c96b005474e7bfa07c780143ba0931510af60ae91236ae9c52aa9
aria_c_26_2,images/aria_c_26_2.tif,aria,aria_c_26,,082b466acc818d46,0,1,0,0,0,0,0,0,0,0,0,0,0,0,0,0,0,0,0,0,d93293ad6a065b20b0327d5dc1bf6db34c9c6818f372ad8444864e9d7579f8db
aria_c_27_3,images/aria_c_27_3.tif,aria,aria_c_27,,c4e1344c93d65564,0,1,0,0,0,0,0,0,0,0,0,0,0,0,0,0,0,0,0,0,603c6c14ad05c3ec362570a3fea48e54c4b6145d137b7c0342e46b0dc3507051
aria_c_28_19,images/aria_c_28_19.tif,aria,aria_c_28,,ebb0faeb44d4a0dc,0,1,0,0,0,0,0,0,0,0,0,0,0,0,0,0,0,0,0,0,355967ee6dd5d3ff9cae8d465c95e18c9c1f49feee53c7e616c12aa9ab2cd99f
aria_c_2_3,images/aria_c_2_3.tif,aria,aria_c_2,,a28c8b87d84f81e8,0,1,0,0,0,0,0,0,0,0,0,0,0,0,0,0,0,0,0,0,457b3a0bcc8fdff54afca15737a0209f143b23e8546fbd741949acbe9bc8b197
aria_c_2_8,images/aria_c_2_8.tif,aria,aria_c_2,,a28c8b87d84f81e8,0,1,0,0,0,0,0,0,0,0,0,0,0,0,0,0,0,0,0,0,820bfda1102175ae937084938384554bd6f508c1d34934297c9f0eccf4ac8836
aria_c_30_2,images/aria_c_30_2.tif,aria,aria_c_30,,98045d679087f143,0,1,0,0,0,0,0,0,0,0,0,0,0,0,0,0,0,0,0,0,870d17671388b34177e3ac32826e921437216658db317e824c7cabfd6f3698a0
aria_c_31_2,images/aria_c_31_2.tif,aria,aria_c_31,,eaaed28ae101f714,0,1,0,0,0,0,0,0,0,0,0,0,0,0,0,0,0,0,0,0,33e9bb62c8652faeeeae7b5bad7595ec51b453e032982c28c9be92dec15596d8
aria_c_31_20,images/aria_c_31_20.tif,aria,aria_c_31,,eaaed28ae101f714,0,1,0,0,0,0,0,0,0,0,0,0,0,0,0,0,0,0,0,0,d9664f9bc4da1d82a8703ffc3c0b67e4eac387f4f021d422454c5f79181064be
aria_c_32_2,images/aria_c_32_2.tif,aria,aria_c_32,,f96667e2dd43ab7a,0,1,0,0,0,0,0,0,0,0,0,0,0,0,0,0,0,0,0,0,f6e81913fa04fdd70187f9d2a865d722e192e0b44b9c085a99766ce7075a6b5e
aria_c_32_21,images/aria_c_32_21.tif,aria,aria_c_32,,f96667e2dd43ab7a,0,1,0,0,0,0,0,0,0,0,0,0,0,0,0,0,0,0,0,0,e8849b494bcaaf44cc7bbbcb55dd0092aca82d96ebfbb9fafe7e44ffcc1486b7
aria_c_34_1,images/aria_c_34_1.tif,aria,aria_c_34,,a06a6f90e7e6f91a,0,1,0,0,0,0,0,0,0,0,0,0,0,0,0,0,0,0,0,0,ef49e8d1b55c105467e4a45e5abab0ef936c39d6797ce3214e466c4651162f1e
aria_c_35_2,images/aria_c_35_2.tif,aria,aria_c_35,,ed76ace555902a5f,0,1,0,0,0,0,0,0,0,0,0,0,0,0,0,0,0,0,0,0,eb879cd21ac9c9b58e3d11b0a169c146e1a904334904b1aa68bd322958cba40d
aria_c_35_26,images/aria_c_35_26.tif,aria,aria_c_35,,ed76ace555902a5f,0,1,0,0,0,0,0,0,0,0,0,0,0,0,0,0,0,0,0,0,1e1746b0374f4a1473803f8fb375190310fc3ed89f79d53200e5ff2b3f94d29b
aria_c_35_27,images/aria_c_35_27.tif,aria,aria_c_35,,ed76ace555902a5f,0,1,0,0,0,0,0,0,0,0,0,0,0,0,0,0,0,0,0,0,b3cfffff47628cc67950cdc399264cb5924e7277a6ae0be2a792f132d99e4ba8
aria_c_36_4,images/aria_c_36_4.tif,aria,aria_c_36,,03c61cfd99c081aa,0,1,0,0,0,0,0,0,0,0,0,0,0,0,0,0,0,0,0,0,8876cab873c9b723550408566589b64b2921bc5ab2b157ef5d570489d4b7d480
aria_c_36_44,images/aria_c_36_44.tif,aria,aria_c_36,,03c61cfd99c081aa,0,1,0,0,0,0,0,0,0,0,0,0,0,0,0,0,0,0,0,0,95804722616a89a3aa0e299e8ee90eca1aa0411c4cd172fed7ee5df551cc3ac1
aria_c_38_2,images/aria_c_38_2.tif,aria,aria_c_38,,ad853648c1b23899,0,1,0,0,0,0,0,0,0,0,0,0,0,0,0,0,0,0,0,0,03ab09da252751cf4c8fc873028c15e9741cb2229b9105707c8695a98dbb58a4
aria_c_38_42,images/aria_c_38_42.tif,aria,aria_c_38,,ad853648c1b23899,0,1,0,0,0,0,0,0,0,0,0,0,0,0,0,0,0,0,0,0,8584030cad125f6bfd19d8e6c9641cb98316c8fbdb3d1e96931a09b148a61329
aria_c_39_a_10,images/aria_c_39_a_10.tif,aria,aria_c_39,,1c33f451400506ee,0,1,0,0,0,0,0,0,0,0,0,0,0,0,0,0,0,0,0,0,ec911d33b7e1c36a2587ec576036f806540eea591a98018255774bd6aea1101c
aria_c_40_a_6,images/aria_c_40_a_6.tif,aria,aria_c_40,,3e97291240ef1846,0,1,0,0,0,0,0,0,0,0,0,0,0,0,0,0,0,0,0,0,42e15b93d917a8d40871df8a9f0d395fba1f88f4c569060f976dcafc1fda044f
aria_c_40_b_14,images/aria_c_40_b_14.tif,aria,aria_c_40,,3e97291240ef1846,0,1,0,0,0,0,0,0,0,0,0,0,0,0,0,0,0,0,0,0,6eaa72ae41b39338762e4b4ab868a9407e9fed3faa173c23b1a1d654dca53853
aria_c_41_15,images/aria_c_41_15.tif,aria,aria_c_41,,06824120966c245c,0,1,0,0,0,0,0,0,0,0,0,0,0,0,0,0,0,0,0,0,b543a824037008a00cba5dba4bfa9b80509dfaffdf3dc16e2faa6626214ef135
aria_c_41_3,images/aria_c_41_3.tif,aria,aria_c_41,,06824120966c245c,0,1,0,0,0,0,0,0,0,0,0,0,0,0,0,0,0,0,0,0,d037d2edd331f2be2d875b74e1566c353366d380bf47220613910f1a1ff6861b
aria_c_43_1,images/aria_c_43_1.tif,aria,aria_c_43,,2144adbe93bba7d2,0,1,0,0,0,0,0,0,0,0,0,0,0,0,0,0,0,0,0,0,280565040dba133481da223d2b8cb5cacdc267db2573a75024543bfa9de940ab
aria_c_44_12,images/aria_c_44_12.tif,aria,aria_c_44,,7a9fca39f1a8b5db,0,1,0,0,0,0,0,0,0,0,0,0,0,0,0,0,0,0,0,0,a7f2d871626fb99e9222abd8a299155bcd8b23932b31d1f4386b6c48937efe61
aria_c_44_3,images/aria_c_44_3.tif,aria,aria_c_44,,7a9fca39f1a8b5db,0,1,0,0,0,0,0,0,0,0,0,0,0,0,0,0,0,0,0,0,37b7aeacbb5634c2bfd6aa28b770c8a0833efaeba97598e325984c19dc9dd00a
aria_c_45_12,images/aria_c_45_12.tif,aria,aria_c_45,,29dbd51442bcc6ca,0,1,0,0,0,0,0,0,0,0,0,0,0,0,0,0,0,0,0,0,cbe3f056e913ffaed77e5ea972669fd8a2534ed7c25a5c872aa978d416544619
aria_c_45_2,images/aria_c_45_2.tif,aria,aria_c_45,,29dbd51442bcc6ca,0,1,0,0,0,0,0,0,0,0,0,0,0,0,0,0,0,0,0,0,5a45644273b57c7242ece4abd7a443b6c3e5a157dc55072dc18b8c8e0b4afe4c
aria_c_46_12,images/aria_c_46_12.tif,aria,aria_c_46,,8cd5ace3c310e9d7,0,1,0,0,0,0,0,0,0,0,0,0,0,0,0,0,0,0,0,0,037825314b4d1a2f8ab2909541aa9a5c74a3824904285effea35d6beb9b86fa2
aria_c_47_15,images/aria_c_47_15.tif,aria,aria_c_47,,56642594b3488a7f,0,1,0,0,0,0,0,0,0,0,0,0,0,0,0,0,0,0,0,0,6fb7e26f4526ac7e480e7e705f5bb8d3a5418aa63c81ea1481f59083cd588d03
aria_c_47_2,images/aria_c_47_2.tif,aria,aria_c_47,,56642594b3488a7f,0,1,0,0,0,0,0,0,0,0,0,0,0,0,0,0,0,0,0,0,83f55945b30200a0e20109e8ea7da4334fddf1442630dfee1ace904da3640c4e
aria_c_4_1,images/aria_c_4_1.tif,aria,aria_c_4,,0338ff9b0a34f835,0,1,0,0,0,0,0,0,0,0,0,0,0,0,0,0,0,0,0,0,7b018fc45ab5a041e03892264e71af079ed0634817a1290aac6ee27fc570bee7
aria_c_4_8,images/aria_c_4_8.tif,aria,aria_c_4,,0338ff9b0a34f835,0,1,0,0,0,0,0,0,0,0,0,0,0,0,0,0,0,0,0,0,15739a1278ba8da3546681d49cc475ce18699fbeadf8a5325612652d74d2e7b5
aria_c_5_1,images/aria_c_5_1.tif,aria,aria_c_5,,2f938dcf3c411818,0,1,0,0,0,0,0,0,0,0,0,0,0,0,0,0,0,0,0,0,0e2464b032a941d4fddf7908706178877002b16bee5d962675b5c2dc23ee73d1
aria_c_5_4,images/aria_c_5_4.tif,aria,aria_c_5,,2f938dcf3c411818,0,1,0,0,0,0,0,0,0,0,0,0,0,0,0,0,0,0,0,0,16a2a36f9ef61a0e2c1ed429a71baa8d0429af1274b14a59a5106d7b0791ff18
aria_c_6_2,images/aria_c_6_2.tif,aria,aria_c_6,,9d967a44282b52cf,0,1,0,0,0,0,0,0,0,0,0,0,0,0,0,0,0,0,0,0,7b37e3f5d20cd296fcc6e672b4be30a2af1b4bacdea9d2945ac98eb91e8bd7f1
aria_c_6_5,images/aria_c_6_5.tif,aria,aria_c_6,,9d967a44282b52cf,0,1,0,0,0,0,0,0,0,0,0,0,0,0,0,0,0,0,0,0,773454d95bed6b91efdcb0712a9b90ad075ed333ec7e3646894fdd94dc94e238
aria_c_7_2,images/aria_c_7_2.tif,aria,aria_c_7,,e1def596e6f54330,0,1,0,0,0,0,0,0,0,0,0,0,0,0,0,0,0,0,0,0,79fb3ef8d8c1d6e703d1b65000526882d6dc8a1b10c65dd00b8753f8263f8aba
aria_c_9_1,images/aria_c_9_1.tif,aria,aria_c_9,,628231e9692c3e3c,0,1,0,0,0,0,0,0,0,0,0,0,0,0,0,0,0,0,0,0,89bab993efa3407e198056b2e3eba957c801c2de436fc02fd3a8662ab7841c02
aria_c_9_6,images/aria_c_9_6.tif,aria,aria_c_9,,628231e9692c3e3c,0,1,0,0,0,0,0,0,0,0,0,0,0,0,0,0,0,0,0,0,dd641b4e8a640427b521835c1179a06c629bfc4572694a737e2ebb37e966e5cf
aria_d_10_19,images/aria_d_10_19.tif,aria,aria_d_10,,f0f45185f99a3162,1,0,0,0,0,0,0,0,0,0,0,0,0,0,0,0,0,0,0,0,f28e108ab29aea4955867de77d72f4f50895aef4d06e52343a6101960b05ec5c
aria_d_11_1,images/aria_d_11_1.tif,aria,aria_d_11,,53818c49c1233041,1,0,0,0,0,0,0,0,0,0,0,0,0,0,0,0,0,0,0,0,9febb9ee3d5b262cfd3c3f06688dcad3726e17891697b09eed22f7ee8cefeba8
aria_d_11_22,images/aria_d_11_22.tif,aria,aria_d_11,,53818c49c1233041,1,0,0,0,0,0,0,0,0,0,0,0,0,0,0,0,0,0,0,0,cdf39caad5ac8955659b9b4943a5d7c8b4045322f8e246374533c3d69bce1d4f
aria_d_12_2,images/aria_d_12_2.tif,aria,aria_d_12,,79c999adbc541766,1,0,0,0,0,0,0,0,0,0,0,0,0,0,0,0,0,0,0,0,424a8aea3628ddc16185871199057faeef5958d77d1103ae079f50ec896fcefd
aria_d_12_20,images/aria_d_12_20.tif,aria,aria_d_12,,79c999adbc541766,1,0,0,0,0,0,0,0,0,0,0,0,0,0,0,0,0,0,0,0,e80f831a0333f8b0535c55279aa67daeb38a2c6f3b96fbcf2961e81a80b210f3
aria_d_13_2,images/aria_d_13_2.tif,aria,aria_d_13,,ff18c511356c3fb1,1,0,0,0,0,0,0,0,0,0,0,0,0,0,0,0,0,0,0,0,1e2cadc9491ea7199e7f9e6c0fcdc00682a533096da1bbdded89c3d31d15afd2
aria_d_13_22,images/aria_d_13_22.tif,aria,aria_d_13,,ff18c511356c3fb1,1,0,0,0,0,0,0,0,0,0,0,0,0,0,0,0,0,0,0,0,4557b819bfb3270633c309cfaa4068931cc89acaaee2ec914a5dac5a4352cd00
aria_d_14_20,images/aria_d_14_20.tif,aria,aria_d_14,,eb752c84afe13b6b,1,0,0,0,0,0,0,0,0,0,0,0,0,0,0,0,0,0,0,0,39e0603947f10af61ca9d112fc05d178d169a578b12335da17e50fe2ec138daa
aria_d_15_2,images/aria_d_15_2.tif,aria,aria_d_15,,f5fc82226da5f576,1,0,0,0,0,0,0,0,0,0,0,0,0,0,0,0,0,0,0,0,c7dcdb23d325376ba4bc5087d22e9a38331b32486cb792575f6282edf5bb0be9
aria_d_15_22,images/aria_d_15_22.tif,aria,aria_d_15,,f5fc82226da5f576,1,0,0,0,0,0,0,0,0,0,0,0,0,0,0,0,0,0,0,0,c8466d61b2bd0a5f92e52d62601d1bcb7675b82529c4e930f6e5db25df9d1030
aria_d_16_2,images/aria_d_16_2.tif,aria,aria_d_16,,e6352fef086c63eb,1,0,0,0,0,0,0,0,0,0,0,0,0,0,0,0,0,0,0,0,c7f212cf5eca867be441f25a770178e33f72269ea69f61344872cdb6a90cf19e
aria_d_16_22,images/aria_d_16_22.tif,aria,aria_d_16,,e6352fef086c63eb,1,0,0,0,0,0,0,0,0,0,0,0,0,0,0,0,0,0,0,0,46ba245e3ee28d3b3dfd17103e93b5e2eb2fb649e9adb7309b62e8635b5de580
aria_d_17_12,images/aria_d_17_12.tif,aria,aria_d_17,,abe3c3fb1b0ba751,1,0,0,0,0,0,0,0,0,0,0,0,0,0,0,0,0,0,0,0,8ee83e2324973112531cbd344a46564f65267690bf4178d85c2e38a3ece3191a
aria_d_17_2,images/aria_d_17_2.tif,aria,aria_d_17,,abe3c3fb1b0ba751,1,0,0,0,0,0,0,0,0,0,0,0,0,0,0,0,0,0,0,0,12a2f80fd0894b87c915ff43f14723156f8b82b1ba037ce0a0bf94f271af0ff3
aria_d_18_2,images/aria_d_18_2.tif,aria,aria_d_18,,c12732f13eaf2cea,1,0,0,0,0,0,0,0,0,0,0,0,0,0,0,0,0,0,0,0,7cd8460134fb0863bf0d2cc2abc3690ef38d9584f3ceb8c9c6db25e1736d6d1e
aria_d_18_21,images/aria_d_18_21.tif,aria,aria_d_18,,c12732f13eaf2cea,1,0,0,0,0,0,0,0,0,0,0,0,0,0,0,0,0,0,0,0,78be1cffc272ddfb7420fc6603cbf63ba9fe18665c359ccc22fde1ed9b02afa2
aria_d_1_19,images/aria_d_1_19.tif,aria,aria_d_1,,e8d1347765d177e9,1,0,0,0,0,0,0,0,0,0,0,0,0,0,0,0,0,0,0,0,a7ee3d684a34026157477a30d92ae7106f1295414b6a4a6203db159bdaa234ba
aria_d_20_17,images/aria_d_20_17.tif,aria,aria_d_20,,bffe0186eedf51c1,1,0,0,0,0,0,0,0,0,0,0,0,0,0,0,0,0,0,0,0,9fd7e821d064f943cf0dd41d678f159f7b2938536937800f22b7fea875dd85be
aria_d_20_2,images/aria_d_20_2.tif,aria,aria_d_20,,bffe0186eedf51c1,1,0,0,0,0,0,0,0,0,0,0,0,0,0,0,0,0,0,0,0,4e52e67d68eebeb3a2541e91219bfad5685851695bfb1346b265f7502c4ee3a6
aria_d_21_2,images/aria_d_21_2.tif,aria,aria_d_21,,d4a6b9e15a6a72a5,1,0,0,0,0,0,0,0,0,0,0,0,0,0,0,0,0,0,0,0,bfac00848452c8fe3a2aeb6fc33c3a93b001db81c70471391987f375ef2ce2ee
aria_d_21_21,images/aria_d_21_21.tif,aria,aria_d_21,,d4a6b9e15a6a72a5,1,0,0,0,0,0,0,0,0,0,0,0,0,0,0,0,0,0,0,0,69152cee931552df92ead3b4a8999947f8cac3fa3d72dbcde7c01f6c17dba3f8
aria_d_22_2,images/aria_d_22_2.tif,aria,aria_d_22,,80d3a13566897faf,1,0,0,0,0,0,0,0,0,0,0,0,0,0,0,0,0,0,0,0,da27988c55b484c3dfd275f2ad8a162646aac0b8d1dd5b2a825b624f9273ef55
aria_d_22_22,images/aria_d_22_22.tif,aria,aria_d_22,,80d3a13566897faf,1,0,0,0,0,0,0,0,0,0,0,0,0,0,0,0,0,0,0,0,45eb081e4741de7ca0ec2e62af09284731c4d40f6f90323e817ed56d5fa7cb91
aria_d_23_1,images/aria_d_23_1.tif,aria,aria_d_23,,02daa1455b9330e9,1,0,0,0,0,0,0,0,0,0,0,0,0,0,0,0,0,0,0,0,7c825a14de163cdda4feba6e8b18497e9c8271035e01e08ef247fb61f0d04281
aria_d_24_6,images/aria_d_24_6.tif,aria,aria_d_24,,94bc70107cb0ae6f,1,0,0,0,0,0,0,0,0,0,0,0,0,0,0,0,0,0,0,0,8a0e60d1687ed2d9b01a5f60bb37216aaba1d1481e0b77a656c531b09d96ecea
aria_d_25_2,images/aria_d_25_2.tif,aria,aria_d_25,,684657ee2340f422,1,0,0,0,0,0,0,0,0,0,0,0,0,0,0,0,0,0,0,0,eab46f8c7d225d44f683b71c277815287a690168c6bd1695e8fa4f81fa210575
aria_d_25_33,images/aria_d_25_33.tif,aria,aria_d_25,,684657ee2340f422,1,0,0,0,0,0,0,0,0,0,0,0,0,0,0,0,0,0,0,0,fe6e718afe5b508ddf73e91172e56a9b3e20aa1c9b4581b12ffe90b83938261c
aria_d_2_31,images/aria_d_2_31.tif,aria,aria_d_2,,9159d0cf5bd0b0b8,1,0,0,0,0,0,0,0,0,0,0,0,0,0,0,0,0,0,0,0,d2de22e8931585a74e5803213c59352a10279d8e7189ac7692f455dbd548d7a0
aria_d_2_6,images/aria_d_2_6.tif,aria,aria_d_2,,9159d0cf5bd0b0b8,1,0,0,0,0,0,0,0,0,0,0,0,0,0,0,0,0,0,0,0,2032149b8cd0bd061adc1620a0e6ba24eacc8d010a16f4bc376e69561b501776
aria_d_3_2,images/aria_d_3_2.tif,aria,aria_d_3,,6929bdb91fa09be9,1,0,0,0,0,0,0,0,0,0,0,0,0,0,0,0,0,0,0,0,eb427399a32da263550ef2e8cd0f28b2ab6e2c9fb2c71cb44818d2fef595cea9
aria_d_3_32,images/aria_d_3_32.tif,aria,aria_d_3,,6929bdb91fa09be9,1,0,0,0,0,0,0,0,0,0,0,0,0,0,0,0,0,0,0,0,9d38f0ed19986305eff354281b3ddbd80ef9b73353c349a52b958ba66a38331f
aria_d_3_33,images/aria_d_3_33.tif,aria,aria_d_3,,6929bdb91fa09be9,1,0,0,0,0,0,0,0,0,0,0,0,0,0,0,0,0,0,0,0,a7a08871f241f845a1b15f366890f964cadea779951c4b3e098a24e82115b65f
aria_d_4_31,images/aria_d_4_31.tif,aria,aria_d_4,,e0beffe3bbb731d6,1,0,0,0,0,0,0,0,0,0,0,0,0,0,0,0,0,0,0,0,df7c0f0082814c989103e234e3d8a966404469e2fc7b59ce398e7fd5f78c4920
aria_d_4_5,images/aria_d_4_5.tif,aria,aria_d_4,,e0beffe3bbb731d6,1,0,0,0,0,0,0,0,0,0,0,0,0,0,0,0,0,0,0,0,270877c2c6ac305516fac8e8d9a65158f08cfd80164e4dfd4aae2a2a5b7d8599
aria_d_5_2,images/aria_d_5_2.tif,aria,aria_d_5,,861bc7c3cba5c8b7,1,0,0,0,0,0,0,0,0,0,0,0,0,0,0,0,0,0,0,0,9087ba13b76315b4132f3d42b440e933a37056a132c024c6d96047f3bb80917f
aria_d_5_22,images/aria_d_5_22.tif,aria,aria_d_5,,861bc7c3cba5c8b7,1,0,0,0,0,0,0,0,0,0,0,0,0,0,0,0,0,0,0,0,5fc0585bae12db080fad9466b194ae1d4cf62dadd82aab0d6954ef61fe8e44b0
aria_d_6_11,images/aria_d_6_11.tif,aria,aria_d_6,,9acaa821cad747b7,1,0,0,0,0,0,0,0,0,0,0,0,0,0,0,0,0,0,0,0,883950226072164b008a75345aace9edda0a36edc14fd645fdbe18970ead795a
aria_d_6_3,images/aria_d_6_3.tif,aria,aria_d_6,,9acaa821cad747b7,1,0,0,0,0,0,0,0,0,0,0,0,0,0,0,0,0,0,0,0,483b5808a77e43335d4c76a71943602b0df3804e0a1cf79fb6c653c95f8ca649
aria_d_7_17,images/aria_d_7_17.tif,aria,aria_d_7,,d10899569b4a6f6b,1,0,0,0,0,0,0,0,0,0,0,0,0,0,0,0,0,0,0,0,a1f38d3bc6a16a8f2e07da019dc940f832c95b91e47abc2c727304b3b3acf159
aria_d_7_22,images/aria_d_7_22.tif,aria,aria_d_7,,d10899569b4a6f6b,1,0,0,0,0,0,0,0,0,0,0,0,0,0,0,0,0,0,0,0,4792149933c8fc244d6e334a86448e1074c238167c657c146e21b628a4125d19
aria_d_8_2,images/aria_d_8_2.tif,aria,aria_d_8,,939ca799fa598e85,1,0,0,0,0,0,0,0,0,0,0,0,0,0,0,0,0,0,0,0,00bbe402aa2e75eb9c6310636a2deb7ada6f6b968a0cea04440d5686956d0379
aria_d_8_23,images/aria_d_8_23.tif,aria,aria_d_8,,939ca799fa598e85,1,0,0,0,0,0,0,0,0,0,0,0,0,0,0,0,0,0,0,0,be7233eec47374fccdd057a3065405a615aa5ca0b8228790a4860d636e1e48b1
aria_d_9_24,images/aria_d_9_24.tif,aria,aria_d_9,,ded0296846175557,1,0,0,0,0,0,0,0,0,0,0,0,0,0,0,0,0,0,0,0,edbcbf3c9b83d8a16ac23f7fc0daec83d3d94ae33d435c719454986559740437
aria_d_9_3,images/aria_d_9_3.tif,aria,aria_d_9,,ded0296846175557,1,0,0,0,0,0,0,0,0,0,0,0,0,0,0,0,0,0,0,0,5683cfc98d891fd51ee75cbed94b648d25c84e89732ba524ce1772c6da32eeb2
im0001,images/im0001.png,stare,,,167d348335b4cc38,1,0,0,0,0,0,0,0,0,0,0,0,0,0,0,0,0,0,0,0,3af52073bc5757cfffca6b04a95b2de572091b9e37fa60984973bcfe1e45df7e
im0003,images/im0003.png,stare,,,6a69f90af4a9dca6,0,0,0,0,1,0,0,0,0,0,0,0,0,0,0,0,0,0,0,0,19069519a678ba52f726c89348f9a3bb42178eae164c0f648309708ddb841168
im0006,images/im0006.png,stare,,,d70785d0ddba56da,0,0,0,0,1,0,0,0,0,0,0,0,0,0,0,0,0,0,0,0,8f94555bca359d8ec560f27f4f338e54b3acd40df2d7a3e83ac5e95c2c663586
im0009,images/im0009.png,stare,,,860c4fdcaaa3efb6,1,0,0,0,0,0,0,0,0,0,0,0,0,0,0,0,0,0,0,0,9607ab623ee8a61f791b2550b066cfdea0755e0db789faadaa2f63fb8ab2e8cf
im0012,images/im0012.png,stare,,,c16dd01f8658475d,0,0,0,0,1,0,0,0,0,0,0,0,0,0,0,0,0,0,0,0,3fb5b2b1f231bf92819b24a40d294055d9e9712ad1247346a5da207bb076e90c
im0015,images/im0015.png,stare,,,2d1d226f9f07f1a5,0,0,0,0,1,0,0,0,0,0,0,0,0,0,0,0,0,0,0,0,ef8f930f93141739bcae2bacf8dca196a58bd2dd520041077ae7a1292dc03230
im0016,images/im0016.png,stare,,,5c1d0f67c9c648f5,1,0,0,0,0,0,0,0,0,0,0,0,0,0,0,0,0,0,0,0,c95a2e573f83c75ead817e12893e2a1ad9ee374d9374254fc3d73029cc2345d8
im0021,images/im0021.png,stare,,,d1a38e397febb0dc,1,0,0,0,0,0,0,0,0,0,0,0,0,0,0,0,0,0,0,0,5c6848e264398215e39bf59a9904c0331e236d55bcce74a77ff9296b8b8c64a1
im0030,images/im0030.png,stare,,,194cf5a4e34acf6e,0,1,0,0,0,0,0,0,0,0,0,0,0,0,0,0,0,0,0,0,9f1d04236a0803d405034c986e82aa3b17635f101f4b8959030713ee111c47e5
im0031,images/im0031.png,stare,,,17d40e74834cd88e,1,0,0,0,0,0,0,0,0,0,0,0,0,0,0,0,0,0,0,0,eec80b87afa3bd4849d36f21272f146b396d56010bebcd29354c98ee2fe0ed06
im0032,images/im0032.png,stare,,,cc03d85aece998fd,0,1,0,0,0,0,0,0,0,0,0,0,0,0,0,0,0,0,0,0,017f531ce4915dcb85e49835819bfa45fad1a993f5ca9d305cef38f4c3d200eb
im0038,images/im0038.png,stare,,,bde9fb1b3aaada2b,1,0,0,0,0,0,0,0,0,0,0,0,0,0,0,0,1,0,0,0,4790b81dd88aea73687e8e5e2a3f6debe602a6364babe43361d068c493533b9a
im0039,images/im0039.png,stare,,,c3855823aa8bd668,0,0,0,0,1,0,0,0,0,0,0,0,0,0,0,0,0,0,0,0,a7d35fc4ca2d56539dad0e19ce7bc8fbd95bb8dd38223bd73b071d65b3c63a3e
im0040,images/im0040.png,stare,,,44b4ac36fb580d7e,1,0,0,0,0,0,0,0,0,0,0,0,0,0,0,0,0,0,0,0,7a4fb3ecfbe19dfb6764c5d4ab07d981612810abb60abf0e0c06bef4fcbc7018
im0041,images/im0041.png,stare,,,cdfb7607264d344c,0,0,0,0,1,0,0,0,0,0,0,0,0,0,0,0,0,0,0,0,00eabd16c7c8489f5e50a143aab00fb70fb4be64963290c6777cf5e4f114efce
im0046,images/im0046.png,stare,,,9e7e309407c354f5,0,0,0,0,1,0,0,0,0,0,0,0,0,0,0,0,0,0,0,0,bd0a32eb8595b4e78f2d7f2ef872791b65c954becc1ebdc8200b1d251c7d1e11
im0050,images/im0050.png,stare,,,f53920f0fe4cc394,1,0,0,0,0,0,0,0,0,0,0,0,0,0,0,0,0,0,0,0,2b996ad07427e56392261e7adcc483790437dfa69dd1b63257693d8a07a70a9e
im0056,images/im0056.png,stare,,,dd9593f569e55052,0,0,0,0,1,0,0,0,0,0,0,0,0,0,0,0,0,0,0,0,5ce0a7ad81f581e8318fd20c3186c96c9647cbbadbb0c984399516b795541ade
im0057,images/im0057.png,stare,,,3ec19b245bfe78cc,1,0,0,0,0,0,0,0,0,0,0,0,0,0,0,0,1,0,0,0,4f047e35f887a545a91fe891703ea1e3ea7368cb90d2a905a2aeb782b641d820
im0058,images/im0058.png,stare,,,932f70714640a31a,1,0,0,0,0,0,0,0,0,0,0,0,0,0,0,0,0,0,0,0,918a536d710adabe5a6238f2d85859e784e5c9f5c39c57c4a962a384b07ed139
im0059,images/im0059.png,stare,,,d8c37406272d3a30,1,0,0,0,0,0,0,0,0,0,0,0,0,0,0,0,0,0,0,1,37bd93dd923af815ab5efeea4a7b98c6fa30ed875f1e100a26bc38474ce52180
im0060,images/im0060.png,stare,,,0c9daa50d373c8d3,1,0,0,0,0,0,0,0,0,0,0,0,0,0,0,0,0,0,0,0,e5d497bad742f4b1d2a6af2ea14cc7345445bac2781bfb8ff7caae832d6c2b10
im0063,images/im0063.png,stare,,,61309acaa1e8092b,0,0,0,0,1,0,0,0,0,0,0,0,0,0,0,0,0,0,0,0,370b1598095812ba827785b0600f7cf9f7686c2d074735f403707c4010dbc7a2
im0065,images/im0065.png,stare,,,563eb29de784accd,1,0,0,0,0,0,0,0,0,0,0,0,0,0,0,0,1,0,0,0,2194c880217c4cd8bd2586b499749dfd7a366b2186ad6912b277eb2d431b411d
im0068,images/im0068.png,stare,,,a9fc3e6d6cad7ea2,0,0,0,0,1,0,0,0,0,0,0,0,0,0,0,0,0,0,0,0,f46d07e356b22d42f97e1f868e3c34f6d54b9de4876e245bb1b1e5fecd80bc35
im0069,images/im0069.png,stare,,,cd8d103cb505f877,1,0,0,0,0,0,0,0,0,0,0,0,0,0,0,0,0,0,0,0,4169ca777cbf39c1b16dbabc68b83288c8ff355787297806048b5c61612de275
im0070,images/im0070.png,stare,,,a6cf0af9284609e4,1,0,0,0,0,0,0,0,0,0,0,0,0,0,0,0,0,0,0,0,bc919d6b3d0d66f352bbebe279e23bac1ed7f630031252245f0a480194f078f3
im0076,images/im0076.png,stare,,,54cd9e0933291fa9,0,1,0,0,0,0,0,0,0,0,0,0,0,0,0,0,0,0,0,0,cc9b61e800637a0bad60699b694d4280e324488203c4fdf311ccd6d74c37cbad
im0077,images/im0077.png,stare,,,dee260d577b27a23,0,1,0,0,0,0,0,0,0,0,0,0,0,0,0,0,1,0,0,0,8c69186dcc9163387907bd4433cb19ec79e6efbd4cfa5a606fad12ec146e797b
im0080,images/im0080.png,stare,,,882097c303942e71,0,1,0,0,0,0,0,0,0,0,0,0,0,0,0,0,0,0,0,0,73abbf61a405b7e764d58be8b7b029e07a937ff27fd67eeaafef895dd42ff7a8
im0081,images/im0081.png,stare,,,32f6d6852bffd4b6,0,1,0,0,0,0,0,0,0,0,0,0,0,0,0,0,0,0,0,0,4a0d959776fbaafa01195e8ae050fdb3bade26f4083d14770fca61723affe7dd
im0082,images/im0082.png,stare,,,70d090e0938348d1,0,1,0,0,0,0,0,0,0,0,0,0,0,0,0,0,0,0,0,0,1cce8f08372135919f7bcb140da1a292606817f1eacc68f71a8c2626f1365dc7
im0085,images/im0085.png,stare,,,c3768be41d3c178a,1,0,0,0,0,0,0,0,0,0,0,0,0,0,0,0,0,0,0,0,12f3096836bbffb0f5fcf3614444a5ce4fd9e7e62cbedea4c5a40913d9220cfc
im0087,images/im0087.png,stare,,,fc86bf1dcec9fde1,1,0,0,0,0,0,0,0,0,0,0,0,0,0,0,0,0,0,0,0,236eebc959b8ab39d7e94ad6cbe0a908d7c89257ffe6f9a16a93d213bc76ff4e
im0089,images/im0089.png,stare,,,8793927a534870df,1,0,0,0,0,0,0,0,0,0,0,0,0,0,0,0,1,0,0,0,9ca6033d5eb61145ac66f73b0192752e8e69ba98af9585b37b328f82f9f9b6e1
im0094,images/im0094.png,stare,,,4c3d5b8021cd299a,1,0,0,0,0,0,0,0,0,0,0,0,0,0,0,0,1,0,0,0,841b96e5e811cc1757022e867e4be64c771d41c718603fd3581812888ddf62cd
im0096,images/im0096.png,stare,,,2318efe6e6043c77,1,0,0,0,0,0,0,0,0,0,0,0,0,0,0,0,0,0,0,0,4de1c56cd43242dcffb36c8347d92d9228eb2ad2f72125806a132375f0e04329
im0097,images/im0097.png,stare,,,228549f813551e02,0,0,0,0,1,0,0,0,0,0,0,0,0,0,0,0,0,0,0,0,cf865bb36ffcb1c48a6ea977eb9ce2ba3c16bc532ad2a6cac1b09da6dc981a3f
im0098,images/im0098.png,stare,,,e522f617cff3e0a1,0,0,0,0,1,0,0,0,0,0,0,0,0,0,0,0,1,0,0,0,4e8da302da5b83eb4424591217032ccc2ba1d87e94ce5d872fd1e638f4ba23b8
im0111,images/im0111.png,stare,,,98782b7867ec0c1a,1,0,0,0,0,0,0,0,0,0,0,0,0,0,0,0,0,0,0,1,1432f19c49ecb7e4ede5ddc0612f2f53b433ee71f9d94ed45566d1a04440bd3f
im0113,images/im0113.png,stare,,,031b4526bb8fa389,1,0,0,0,0,0,0,0,0,0,0,0,0,0,0,0,0,0,0,0,ba7752e27209e8ca2daca7fe92568360abbe1202392360469467d2f0180c13eb
im0114,images/im0114.png,stare,,,2ee745fd859d63a6,1,0,0,0,0,0,0,0,0,0,0,0,0,0,0,0,0,0,0,0,3ea6f2ba2ca0d1b86482225ed40ad9729bf0e05bbb3e5b9a45b5c237ae766a7d
im0115,images/im0115.png,stare,,,fb1d0e12b0231644,1,0,0,0,0,0,0,0,0,0,0,0,0,0,0,0,0,0,0,0,c919ece8a5ed4870615b355b8051e667afaa0c007827f2fd48865ec99db87b46
im0116,images/im0116.png,stare,,,50fb10d74b9e4263,1,0,0,0,0,0,0,0,0,0,0,0,0,0,0,0,0,0,0,0,8cd1c8ff510cf5f61e85ba636ed0efae3cedac134dd148c5c7f403df3a726237
im0117,images/im0117.png,stare,,,57401f0f0691e576,1,0,0,0,0,0,0,0,0,0,0,0,0,0,0,0,0,1,0,0,19fe3730192e3ce8285dc6f60190f61d128a5a319db68120204a75fcff709741
im0118,images/im0118.png,stare,,,2a2ef147416bfb27,1,0,0,0,0,0,0,0,0,0,0,0,0,0,0,0,0,1,0,0,437ba0182b1fc41a903a6dbc65de7c70ff1c4050e44952dc53d9e9cab4ecdc2a
im0119,images/im0119.png,stare,,,bbbdfaa83c23ecfe,0,1,0,0,0,0,0,0,0,0,0,0,0,0,0,0,0,0,0,0,5f49f01b08ec378ddc2d8fafd5fabdc446407ea7ad1bff69dc9aaa643c13d9bc
im0120,images/im0120.png,stare,,,c6caaef1067b9275,0,1,0,0,0,0,0,0,0,0,0,0,0,0,0,0,0,0,0,0,1d1665cc774870a2c8c369a64d64886527e899a93f93a3fe5192e2524f94e428
im0121,images/im0121.png,stare,,,8eafc8eba5fa63f5,1,0,0,0,0,0,0,0,0,0,0,0,0,0,0,0,0,0,0,0,78b5d3d3a8e12a006aea362c0301e41f41eb84b23abf75718ef5f2ed4419cb47
im0122,images/im0122.png,stare,,,6534ab8209e6838a,1,0,0,0,0,0,0,0,0,0,0,0,0,0,0,0,0,0,0,0,68e15c86964675a4976f44ba347fbf9f769e891ca00ed9cf73189eca743afba5
im0123,images/im0123.png,stare,,,3c20f6ff588ebaa3,1,0,0,0,0,0,0,0,0,0,0,0,0,0,0,0,0,0,0,0,1a22a7f92712aff2ac8e9511e9e144b905d7e946078d05787a97ebfecb3a9573
im0124,images/im0124.png,stare,,,c9f8ffeb0bfb928d,1,0,0,0,0,0,0,0,0,0,0,0,0,0,0,0,0,0,0,0,ab57efe5aa7614907b1867e9ca54a02d400a8c98f7aad75f32c3591299415d3d
im0125,images/im0125.png,stare,,,f5f9686413a869cf,1,0,0,0,0,0,0,0,0,0,0,0,0,0,0,0,0,0,0,0,0e4bdbeb661b0f1333c46be4d6634b09c686ad7fed26fb8a1f9e5b5a992d8372
im0126,images/im0126.png,stare,,,056f53fa432b59b4,1,0,0,0,0,0,0,0,0,0,0,0,0,0,0,0,0,0,0,0,08db85992bf16214b9ebb094a3a2a0405dcdb68463ed6ca0b5a50fa4b3303524
im0127,images/im0127.png,stare,,,7bc8ed6624f8983f,1,0,0,0,0,0,0,0,0,0,0,0,0,0,0,0,0,0,0,0,3d1cb3fc579e0b01477098231c66e4229ddec017f71e80e0592fcff620a9ad95
im0133,images/im0133.png,stare,,,682ad43cc64e167e,1,0,0,0,0,0,0,0,0,0,0,0,0,0,0,0,0,0,0,0,0272ec97853bcbc6e2dbb6773b78199dd13c012c512b8996d117988fb932a735
im0134,images/im0134.png,stare,,,adb629821d5a3f14,1,0,0,0,0,0,0,0,0,0,0,0,0,0,0,0,0,0,0,0,4f5f2844579e29546f21e112754313e347bf48923d55e81b63e9fc4e849cf288
im0135,images/im0135.png,stare,,,7b4cf464ae355f32,1,0,0,0,0,0,0,0,0,0,0,0,0,0,0,0,0,0,0,0,ba723a803cf91937fbd24b69386952b182c52bc1d9ad76396c136398fbb5cac6
im0136,images/im0136.png,stare,,,411d64cf606fcd37,1,0,0,0,0,0,0,0,0,0,0,0,0,0,0,0,0,0,0,0,79e7f56462a52a8a949a4fdbc6965a85b2823da42010b90435aa35849aa740c0
im0137,images/im0137.png,stare,,,9453a36074dc1323,1,0,0,0,0,0,0,0,0,0,0,0,0,0,0,0,0,0,0,0,81f515596ce5505caa122b430a458b5db98ff3dc0d48a5ffe02d7c5d2bb1ee44
im0138,images/im0138.png,stare,,,324910e2c9a4ec3b,1,0,0,0,0,0,0,0,0,0,0,0,0,0,0,0,0,0,0,0,9beae44b25bee2fc898f76695cf14ebafbcdb6da0962a1ad16ad026aef5abe16
im0139,images/im0139.png,stare,,,f40beeab7b43f315,1,0,0,0,0,0,0,0,0,0,0,0,0,0,0,0,0,0,0,0,73224cb21e8976a41dc7d9b69c7dca474080ddc1ea16286ee6e59f559ff48d81
im0140,images/im0140.png,stare,,,fbf84940515b9511,1,0,0,0,0,0,0,0,0,0,0,0,0,0,0,0,0,0,0,0,ade2f0c90a56e3b38994a1ef35901603ff8a7dbfad0b31e809516f2a86bbb868
im0141,images/im0141.png,stare,,,2b23ba16a5f30ee7,1,0,0,0,0,0,0,0,0,0,0,0,0,0,0,0,0,0,0,0,74e4a9067594db80c3a84e5a8d8580769b5a7e08bde8fc11da4a1061cdbba985
im0155,images/im0155.png,stare,,,ae4ad46009811877,1,0,0,0,0,0,0,0,0,0,0,0,0,0,0,0,0,1,0,0,80aac4492daf7d01401becf25cab20dd15039e45d81f653893b3d8dbd640b266
im0156,images/im0156.png,stare,,,9c9af3629b9bd96a,1,0,0,0,0,0,0,0,0,0,0,0,0,0,0,0,0,1,0,0,3c79b72ad9b9b05b2e4ff55adba0fc7396a29ca0713a2073a5cc57c6af8cf6cd
im0157,images/im0157.png,stare,,,9c79b9d2712aa001,1,0,0,0,0,0,0,0,0,0,0,0,0,0,0,0,0,0,0,0,2139f758bd400eab3c8e28b8b089a7415753b33f216ca1dda41e636b8e3ebcf8
im0162,images/im0162.png,stare,,,3809732b267782a9,0,1,0,0,0,0,0,0,0,0,0,0,0,0,0,0,0,0,0,0,85f252924dfec359d29074e5febaf1adcf5b7d6f2b01907378d2db8fc23e008d
im0163,images/im0163.png,stare,,,cd22b0842fc1120b,0,1,0,0,0,0,0,0,0,0,0,0,0,0,0,0,0,0,0,0,6ce05cf434054cb91172bf0f3ec465a59e49ad26a69f19958b861e7ff221012a
im0170,images/im0170.png,stare,,,f070c6d80bb483cc,0,1,0,0,0,0,0,0,0,0,0,0,0,0,0,0,0,0,0,0,7883789c54509082c2530ef325b6b19ea446b6dfe54adde4d70e57f482f36409
im0175,images/im0175.png,stare,,,8336b9fa47131b06,0,0,0,0,1,0,0,0,0,0,0,0,0,0,0,0,0,0,0,0,c7e025d899f4dfef00ce7d4a1d3eca08574530719664b3e38e3142c748621070
im0179,images/im0179.png,stare,,,1678e2d7a34acbfd,1,0,0,0,0,0,0,0,0,0,0,0,0,0,0,0,0,0,0,0,2ff59fd9cf89f6f3d9b5a577d56a946f7056360225bbcd8b7c35220305382d80
im0184,images/im0184.png,stare,,,0742953c4488e900,0,1,0,0,0,0,0,0,0,0,0,0,0,0,0,0,0,0,0,1,d55a7606603a37c08df05d4ce429fe6ce9758e33a3671b0a84345dbb6628c6ce
im0186,images/im0186.png,stare,,,b5fa72698a7030e6,1,0,0,0,0,0,0,0,0,0,0,0,0,0,0,0,0,0,0,1,b7004c62d16bc29dc0c92f9a1c4b288e033d5e3cde3825dcb9f6652d7be38794
im0187,images/im0187.png,stare,,,1eac2ce1b62ff109,1,0,0,0,0,0,0,0,0,0,0,0,0,0,0,0,0,0,0,0,a7f3748da9e8f937fe6a7d356c831cebb35108ffe8ddb98b7845a4671cf6304f
im0188,images/im0188.png,stare,,,6d0484c2b50feb05,1,0,0,0,0,0,0,0,0,0,0,0,0,0,0,0,0,0,0,0,fbeaedb565c1b885d75acd57b6411844e6ab4ff5b50d5c35996136ec30705e9b
im0189,images/im0189.png,stare,,,e91a145f5c4e8a23,1,0,0,0,0,0,0,0,0,0,0,0,0,0,0,0,0,0,0,0,e0dc7ed0c20891624ddbdbfc956b8b8f005032fe5495085e5e95715a93501c2b
im0190,images/im0190.png,stare,,,111bbdd12a9592a4,0,1,0,0,0,0,0,0,0,0,0,0,0,0,0,0,0,0,0,0,012db8c08fdacfb8cb2053411e4c9774459e33bc22d1b97e57c840e5835ac24e
im0191,images/im0191.png,stare,,,766b3fdc520d4ad1,1,0,0,0,0,0,0,0,0,0,0,0,0,0,0,0,0,0,0,0,14ef054b88ed4347818a1b638e43a271ae675fb58eb8d81836e516bee908c093
im0192,images/im0192.png,stare,,,215216e7eb1e24c1,1,0,0,0,1,0,0,0,0,0,0,0,0,0,0,0,0,0,0,0,97b48c84b44bee97925e8b778e101a7b2365ca56ebee8d8b8f40812231615f26
im0193,images/im0193.png,stare,,,27a7984f054e9eee,1,0,0,0,1,0,0,0,0,0,0,0,0,0,0,0,0,0,0,0,0bc1f3d63c3939c8cbc9a29b3f37d67c17272557ed0175518512799ebf87c01c
im0194,images/im0194.png,stare,,,95d6c231cdb18a0d,1,0,0,0,0,0,0,0,0,0,0,0,0,0,0,0,0,0,0,0,00f5a4d3320bcdf85e0757e4828d0c86e55471f3cec4226e920a12d81d09fc01
im0195,images/im0195.png,stare,,,1dc0efe96208c970,1,0,0,0,0,0,0,0,0,0,0,0,0,0,0,0,0,0,0,0,75a1046b8b8f262fbd4e50d46327ffb902fa65ed8063210351cf1775af8f3c6a
im0196,images/im0196.png,stare,,,bb8deb90f4691221,1,0,0,0,0,0,0,0,0,0,0,0,0,0,0,0,0,1,0,0,a9c001e92db047d6ebde37b1fa6739c42a3b9ca9688201bf2dcde798fd7ae380
im0197,images/im0197.png,stare,,,1714e63b8857ad2a,1,0,0,0,0,0,0,0,0,0,0,0,0,0,0,0,0,0,0,0,2abe8c027c809efa75e53bdcd2ef6c486c43d5dc1526cc77893941a33127c32b
im0198,images/im0198.png,stare,,,0395566396a28024,0,1,0,0,0,0,0,0,0,0,0,0,0,0,0,0,0,0,0,0,6668729576103d873d79cc435897a44f7c4e3aca7bd616b93ae10fcc8d200273
im0199,images/im0199.png,stare,,,fa97fed88fb6f0ed,0,1,0,0,0,0,0,0,0,0,0,0,0,0,0,0,0,0,0,0,e033f5ec79e746a81c4001a03052eb6e39c0060f8da821adfadaa2063a4dc3e4
im0203,images/im0203.png,stare,,,08a9e88a723cc8df,1,0,0,0,0,0,0,0,0,0,0,0,0,0,0,0,0,0,0,0,0cc6dd3b1fac7ec27793b711a29bd92809a125d68d3769839b252330bc367fa2
im0204,images/im0204.png,stare,,,cc6e9204f06f183a,1,0,0,0,0,0,0,0,0,0,0,0,0,0,0,0,0,0,0,0,17ef4f3dd9be145ad89fbdc1ccd4b762924da33bd7ca754b2fb78941f237197a
im0205,images/im0205.png,stare,,,465611ddfbc47c82,1,0,0,0,0,0,0,0,0,0,0,0,0,0,0,0,0,0,0,0,4d096e04698158290933313d05466f0120d97f155e0065096ca7508ffcb697e0
im0213,images/im0213.png,stare,,,d77d36a6a38f8540,0,1,0,0,0,0,0,0,0,0,0,0,0,0,0,0,0,0,0,1,69251a53353b8f7360fea63e37ec7841c81cea4e26275111d00447d8c09d181a
im0216,images/im0216.png,stare,,,254eb93c628df238,0,1,0,0,0,0,0,0,0,0,0,0,0,0,0,0,0,0,0,0,f045fca2922876dbdf894440348b89ccbd7375ad74a1475f9dc23bdb60354a92
im0219,images/im0219.png,stare,,,48b9c86f88b5a7ac,0,1,0,0,0,0,0,0,0,0,0,0,0,0,0,0,0,0,0,0,32bcd667eca4ab7bb2e4e6b4dcfaca7ac10439270bc1c60f9a7dab0612f6601b
im0222,images/im0222.png,stare,,,ba3b162ba1a2fa1c,1,0,0,0,0,0,0,0,0,0,0,0,0,0,0,0,0,0,0,0,7b9418368f8737619c4c5291d6e227483b9d0a105d06bb793425d52b9cbb4c9f
im0223,images/im0223.png,stare,,,5489ffc89dd77c35,1,0,0,0,0,0,0,0,0,0,0,0,0,0,0,0,0,0,0,0,ebd82e29686eea04624984acd48e621c9f69b779ceec5538f468dd8a42038069
im0224,images/im0224.png,stare,,,0738530c0a6c26e4,1,0,0,0,0,0,0,0,0,0,0,0,0,0,0,0,0,0,0,0,6f577acdfe1c58a9e80fed588a6cd3a2f3f92651a74cd9d21d7d31968e305b81
im0225,images/im0225.png,stare,,,8d89792a75acd566,1,0,0,0,0,0,0,0,0,0,0,0,0,0,0,0,0,0,0,0,dff2e64c4a6da6ae06f27d914f1e2e5f16ec22ed145b19adb5f608aa4912f90d
im0228,images/im0228.png,stare,,,415117e280cb5fe8,1,0,0,0,0,0,0,0,0,0,0,0,0,0,0,0,0,0,0,0,cebdd5433d423afe56a3523b0a2c585cd621e900e18f64866a6058f8e722ff73
im0229,images/im0229.png,stare,,,f6bfb68bd8c2e59a,1,0,0,0,0,0,0,0,0,0,0,0,0,0,0,0,0,0,0,1,89165da9bbc84c4af6aa58617897aab9a3887f5a21298da2682df3abf6eac861
im0230,images/im0230.png,stare,,,5d33a13a9727d2a3,1,0,0,0,0,0,0,0,0,0,0,0,0,0,0,0,0,1,0,0,71c97d64e94eacb705a117151aafd9fc60027a12684cc37e5d88ed5c28b6086b
im0231,images/im0231.png,stare,,,de7e23952a4ec5e4,0,1,0,0,0,0,0,0,0,0,0,0,0,0,0,0,0,0,0,0,d6293afbf0ff67466e39f95a3e552323e3bfc570f67be174a54e3dd2439110a6
im0232,images/im0232.png,stare,,,8b4a413cbf1ad4e4,1,0,0,0,0,0,0,0,0,0,0,0,0,0,0,0,0,0,0,0,4be390e21c4643cd539565bc48df083489ba22c2a38ee226d9a6fa75f59bb805
im0233,images/im0233.png,stare,,,ae3be5a1f7574405,1,0,0,0,0,0,0,0,0,0,0,0,0,0,0,0,0,0,0,0,0f41551704ab56143216ddebcf347cce2d002ac871b1ad8aa815fb3b7056c9a7
im0234,images/im0234.png,stare,,,64e8c1db206043dc,0,1,0,0,0,0,0,0,0,0,0,0,0,0,0,0,0,0,0,0,58f8aee404118adb107ffb56bc96c7e0076b5dc516851b463c266128025a62c3
im0235,images/im0235.png,stare,,,f464617b3d23867f,0,1,0,0,0,0,0,0,0,0,0,0,0,0,0,0,0,0,0,0,7959a6197ca25a0643668998df7c69365f841986f648d7b02ccdc951f577ee2b
im0236,images/im0236.png,stare,,,9363709729047e49,0,1,0,0,0,0,0,0,0,0,0,0,0,0,0,0,0,0,0,0,d0bcdedd2d81b815b7172f6f34888052cdc67733efae2214c869a14cf6d2ec14
im0237,images/im0237.png,stare,,,aacfaf4ef6c6e58d,0,1,0,0,0,0,0,0,0,0,0,0,0,0,0,0,0,0,0,0,56c8e8bcd93f39ce64b10a0d0350ae2ea37648028bc89123505d94d578afab93
im0238,images/im0238.png,stare,,,570e5e96674499c4,0,1,0,0,0,0,0,0,0,0,0,0,0,0,0,0,0,0,0,0,ed1e0e5731399fdafa6821d8b1337e81f1f471e86b815442399f985ffa9f260e
im0239,images/im0239.png,stare,,,ca9d6e6f0bae7d68,0,1,0,0,0,0,0,0,0,0,0,0,0,0,0,0,0,0,0,0,20285ba16ef863542cbd477a0cceff8f624a82576af42f695d66ac715ae2c233
im0240,images/im0240.png,stare,,,89aa68f41c00dd6c,0,1,0,0,0,0,0,0,0,0,0,0,0,0,0,0,0,0,0,0,b0deede6de8640fbd6e8df94def03ae4980cefbf095d8c6364cb8f6f86729707
im0241,images/im0241.png,stare,,,8d40c5db81eae94e,0,1,0,0,0,0,0,0,0,0,0,0,0,0,0,0,0,0,0,0,adeb8ae71fb2f71ad97e629add1e02d4d5b2ee460b425e50381a77b9cfb10b7f
im0242,images/im0242.png,stare,,,6411122ea183ad81,0,1,0,0,0,0,0,0,0,0,0,0,0,0,0,0,0,0,0,0,3de7e702ee5660f4d2f107794b2c98f6f48a19eb013a0d143d70238e57c72e53
im0243,images/im0243.png,stare,,,4b96f68f2b2ffc4e,0,1,0,0,0,0,0,0,0,0,0,0,0,0,0,0,0,0,0,0,fd128a0a0959949deb1af72e3aadf56618a5f204a58ed2e5f31b436eead87293
im0245,images/im0245.png,stare,,,a76eef58abd8985e,0,1,0,0,0,0,0,0,0,0,0,0,0,0,0,0,0,0,0,0,50ac9e99317717fd4ab3b77b6ede314355a38edc40d8168bfbf1bb64c81f7457
im0247,images/im0247.png,stare,,,446c2470b36613e7,1,0,0,0,0,0,0,0,0,0,0,0,0,0,0,0,0,0,0,0,ffb2651573adffe1b9d5afe4d448cc7bf932c916b85958f091ffd287fb1520c7
im0249,images/im0249.png,stare,,,1af7d57fea082e70,0,1,0,0,0,0,0,0,0,0,0,0,0,0,0,0,0,0,0,0,6689f197cdaf8982aa0165ac9254f71ea41d7201ce1974ce26f19b27cda0207b
im0250,images/im0250.png,stare,,,56b672d4a27de25b,0,0,0,0,1,0,0,0,0,0,0,0,0,0,0,0,0,0,0,0,a382fb7555e44d707ecf31bbbb8703bfe9b9810b218bc3e5abd7a5b0a2cc5adc
im0251,images/im0251.png,stare,,,aa29d5bd099b2498,1,0,0,0,0,0,0,0,0,0,0,0,0,0,0,0,0,0,0,0,3b3534aa59e9d9c5235c013bb06014db6d38d8f9669be4f57a56286eff59136d
im0252,images/im0252.png,stare,,,b1c83764da63f242,0,1,0,0,0,0,0,0,0,0,0,0,0,0,0,0,0,0,0,0,8072773d3c05c5cde019a970b3c10a4f5f755d88a15f8ff4b7f062ebeb204ab4
im0253,images/im0253.png,stare,,,b6e2e043ac8473af,0,1,0,0,0,0,0,0,0,0,0,0,0,0,0,0,0,0,0,0,0a3edc9165de7fa5c3ab44e9ab9d3bb7d5d5b6841f7c71ccab7668ecce415052
im0254,images/im0254.png,stare,,,becace4c2a691d08,0,1,0,0,0,0,0,0,0,0,0,0,0,0,0,0,0,0,0,0,213e3a59ed68feb675260b84db501acbb4ad94cddafc057449661a46c4a6fb94
im0255,images/im0255.png,stare,,,6d7bee5f29deb5db,0,1,0,0,0,0,0,0,0,0,0,0,0,0,0,0,0,0,0,0,922196cf4e5dcbecb7013f2a42346d72be61e4fbfc3129f6f054941aed140183
im0262,images/im0262.png,stare,,,961043b491ae6a5e,0,0,0,0,1,0,0,0,0,0,0,0,0,0,0,0,0,1,0,0,bf34c80aadbd0002dda3861fe5422fa6b6264a378f890688f5460e4106f318d9
im0263,images/im0263.png,stare,,,c63aa408efb18c62,0,0,0,0,1,0,0,0,0,0,0,0,0,0,0,0,0,1,0,0,fe20a0742109c9bed32990a6ef55bd674902be11879742c3b44b0c80aeafb86d
im0264,images/im0264.png,stare,,,6d874c65d7a7e520,0,0,0,0,1,0,1,0,0,0,0,0,0,0,0,0,1,0,0,0,f6c8c4edb0a47b9d8c6ce48fac62f36d0f907104de7906c47f3e7b7887bc52e0
im0265,images/im0265.png,stare,,,ff5bada73cf3410a,0,0,0,0,1,0,1,0,0,0,0,0,0,0,0,0,1,0,0,0,dd62a0ecbbb4b6000a5e4f597f8ca00407ab07858b8ba39cb4d4a3f53d1d1d67
im0266,images/im0266.png,stare,,,d87e3d7e8a3165d5,0,0,0,0,1,0,1,0,0,0,0,0,0,0,0,0,1,0,0,0,5a16dfa50b5dbb8b48868ef5d35d8a568a714d15126e64bea3362fce8a440c92
im0277,images/im0277.png,stare,,,3f42c548f208bd9b,1,0,0,0,0,0,0,0,0,0,0,0,0,0,0,0,0,0,0,0,09b3c41315faef20b0bf4627de1b3598162db18483ad3b5bf3dbe458a9777adc
im0282,images/im0282.png,stare,,,5ad80683987cd4a0,0,0,0,0,1,0,0,0,0,0,0,0,0,0,0,0,0,0,0,0,dd9a4ca6f7cc0653ec7d74cea60fb8e3149f84b2f41e0300883bf996c6a59301
im0292,images/im0292.png,stare,,,4cdf764d0de51f30,0,0,0,0,1,0,0,0,0,0,0,0,0,0,0,0,0,0,0,0,1bfd8af8bbc4cc166a6e3cd21780f6bf0b583ca5f881f57269630726cf9d80b7
im0304,images/im0304.png,stare,,,f07a51c06c7e9feb,0,0,0,0,1,0,0,0,0,0,0,0,0,0,0,0,0,0,0,1,c0e0c8bff07ce6c373cbb76eb6e12332ded89cfc88b82b4e83fe833a0dbea40b
im0307,images/im0307.png,stare,,,8f05cbe028befa46,0,0,0,0,1,0,0,0,0,0,0,0,0,0,0,0,0,0,0,1,ae2a06ddc3f680a4a46803b9f1a50a8b22da97ab9d2ad204242c09a8610baa51
im0340,images/im0340.png,stare,,,f16d68e2395e6f5d,1,0,0,0,0,0,0,0,0,0,0,0,0,0,0,0,0,0,0,0,0557f16f968c380055022f0c8db6da9a533e6a71b331d387a0f8cda2bf84e1e3
im0341,images/im0341.png,stare,,,888278d24e57bb9d,1,0,0,0,0,0,0,0,0,0,0,0,0,0,0,0,0,0,0,0,85e6378edd4d55cfc455757cf321096d72ca03b9075c7d1a1a1c87f2eda810f1
im0342,images/im0342.png,stare,,,2e90140e96af064b,1,0,0,0,0,0,0,0,0,0,0,0,0,0,0,0,0,0,0,0,3454fe061ee76fec1c94979f77942aa6d2bf14f56aa01b76f77f78d5ee3de652
im0343,images/im0343.png,stare,,,b5bc01e2f9c8bc9a,1,0,0,0,0,0,0,0,0,0,0,0,0,0,0,0,0,0,0,0,823342edc98e5daf3d217bdb96c6774f88d036cc6ad4ab48f721b47757d9156b
im0345,images/im0345.png,stare,,,6ff552842bc5f784,1,0,0,0,0,0,0,0,0,0,0,0,0,0,0,0,0,0,0,0,e4c66bdfa69a1c4ef621ae4e2275495d0fdf422c808aa23b6f4385629c498f5b
im0347,images/im0347.png,stare,,,3e10790b7e48eaaf,1,0,0,0,0,0,0,0,0,0,0,0,0,0,0,0,0,0,0,0,3ac1f0b394a49b43fc69566cca52281782b0cf430b98966296826d1d5bb85ad0
im0348,images/im0348.png,stare,,,1d98574be4324266,1,0,0,0,0,0,0,0,0,0,0,0,0,0,0,0,0,0,0,0,1d9017c7c1c2222e460649d421aa2f69825afc826b9073cf6b5c36f08ad5415a
im0349,images/im0349.png,stare,,,c07ee5f9922fcfe0,1,0,0,0,0,0,0,0,0,0,0,0,0,0,0,0,0,0,0,0,fb9e408115e3c0a58632fe25d6437d7a98a87b37c987cac403f543601230b345
im0350,images/im0350.png,stare,,,17a806b4a4e00734,1,0,0,0,0,0,0,0,0,0,0,0,0,0,0,0,0,0,0,0,e948e0a86f178eca1cab9ad9dff2ce79a29fc10b710ed436fd8123b6972cb36f
im0351,images/im0351.png,stare,,,2c0ac1f36fa538cd,1,0,0,0,0,0,0,0,0,0,0,0,0,0,0,0,0,0,0,0,3afe63ce2403d3240fc33ac1b1b885da8fabbb88de9706a0cbd3d7e4bf613b86
im0352,images/im0352.png,stare,,,0acdc3e1950c5ed7,1,0,0,0,0,0,0,0,0,0,0,0,0,0,0,0,0,0,0,0,37b884e294d44d562f62fb598131c8781646e322e3d292b4439785c61a0e46f0
im0353,images/im0353.png,stare,,,d8b921a50ec1a88f,1,0,0,0,0,0,0,0,0,0,0,0,0,0,0,0,0,0,0,0,02c6610689b9e5aaad1f1096fb8d765f3f0a5142350fb25ba4462c3798695c69
im0354,images/im0354.png,stare,,,ae291aec29d60e7b,1,0,0,0,0,0,0,0,0,0,0,0,0,0,0,0,0,0,0,0,b701eb2e4837c83ec6f51cc77e30771c2b52f84e5b4ed6a69554cf5418d1484e
im0356,images/im0356.png,stare,,,86281209cbdbef84,1,0,0,0,0,0,0,0,0,0,0,0,0,0,0,0,0,0,0,0,83bb26b1fbf8b75404ff323e7eea035376e8961d236ee0f3dc5759242bdf9304
im0381,images/im0381.png,stare,,,491b98db47df054d,0,0,0,0,1,0,0,0,0,0,0,1,0,0,0,0,0,1,0,1,bae5e30c384abc62b82fd9f582d6676ef2c2d43b065b27b817e86f22cd7de8a4
im0382,images/im0382.png,stare,,,460c6bee3646aa67,0,0,0,0,1,0,0,0,0,0,0,1,0,0,0,0,0,0,0,0,7033a7645113bd38974217969411e1bd2b1153c6567cf749cdca6445fa486506
im0401,images/im0401.png,stare,,,ae6f8625b101043a,0,0,0,0,1,0,0,0,0,0,0,0,0,0,0,0,0,0,0,1,e9e09e8e7a07ae4b690caee8a85f441885fb8b8ab7cb5b01be8a40b08af9f621
im0402,images/im0402.png,stare,,,9367daf5b2d282ba,0,0,0,0,1,0,0,0,0,0,0,0,0,0,0,0,0,0,0,0,b4085777defa913b9f25fb8150468d84b86d9c672541dce4f31c52e09e4a72e2
